index,Universities
0,University of Alabama at Birmingham
1,University of South Alabama
2,University of Arkansas
3,University of Arizona
4,Dartmouth College
5,Loma Linda University
6,Stanford University
7,University of Colorado
8,Yale University
9,University of Connecticut
10,University of Vermont
11,George Washington University
12,Howard University
13,Georgetown University
14,University of Florida
15,University of Central Florida
16,University of Miami
17,Florida International University
18,Florida State University
19,University of South Florida
20,Emory University
21,Augusta University
22,Mercer University
23,University of Iowa
24,University of Chicago
25,Northwestern University
26,University of Illinois
27,Loyola University of Chicago
28,Rush University
29,Southern Illinois University
30,Indiana University
31,University of Kansas
32,University of Kentucky
33,University of Louisville
34,Louisiana State University
35,Tulane University
36,Boston University
37,Harvard University
38,Tufts University
39,University of Massachusetts
40,Johns Hopkins University
41,University of Maryland
42,Michigan State University
43,University of Michigan
44,Wayne State University
45,Oakland University
46,University of Mississippi
47,University of Minnesota
48,University of Missouri
49,University of Missouri Kansas City
50,Washington University in St Louis
51,Saint Louis University
52,Creighton University
53,Western University
54,Dartmouth
55,Quinnipiac University
56,Uniformed Services University of the Health Sciences
57,Nova Southeastern University
58,Morehouse University
59,Midwestern University Chicago
60,Rosalind Franklin University
61,Carle Illinois
62,Central Michigan University
63,William Carey University
64,Midwestern University Arizona
65,Kaiser Permanente
66,Lake Erie Coll of Osteopathic Med-Bradenton
67,Kansas City University
68,The Regents Of The University Of California
69,University of Southern California
70,University of California Davis
71,University of California Los Angeles
72,University of California Irvine
73,University of California San Diego
74,University of California Riverside
75,University of Nebraska
76,University of Nevada Reno
77,Touro University Nevada
78,University of Nevada Las Vegas
79,Western University of Health Sciences
80,University of North Dakota
81,Idaho Coll of Osteopathic Medicine
82,Lake Erie Colle of Osteopathic Medicine-Erie
83,University of Cincinnati
84,Ohio University 
85,Ohio State University
86,Lincoln Memorial University
87,Northeast Ohio Medical University
88,Case Western Reserve University
89,Lake Erie Coll of Osteopathic Medicine-Bradenton
90,Kansas City University of Medicine and Biosciences
91,Wright State University
92,University of Toledo
93,West Virginia School of Osteopathic Medicine
94,University of Pikeville Kentucky
95,University of Oklahoma
96,Oklahoma State University
97,Oregon Health and Science University
98,Washington State University
99,Brown University
100,University of New England
101,New York Medical College
102,University of South Dakota
103,Rocky Vista College of Osteopathic Medicine-Southern Utah
104,University of Utah
105,Virginia Tech University
106,Edward Via College of Osteopathic Medicine-Monroe
107,Edward Via College of Osteopathic Medicine-Virginia
108,Eastern Virginia Medical School
109,University of Virginia
110,Virginia Commonwealth University
111,Liberty University
112,West Virginia University
113,Marshall University
114,Medical College of Wisconsin
115,Mayo Clinic Alix School of Medicine
116,University of Wisconsin
117,University of Washington
118,Rocky Vista University
119,Ohio University
120,Hofstra University
121,State University of New York Upstate
122,New York Institute of Technology
123,University at Buffalo
124,University of Rochester
125,Cornell University
126,Mount Sinai
127,State University of New York Downstate
128,Albert Einstein College of Medicine
129,New York University
130,Stony Brook University
131,Columbia University
132,Touro University
133,Albany Medical College
134,Idaho College of Osteopathic Medicine
135,Philadelphia College of Osteopathic Medicine
136,Ponce Health Sciences University
137,City university of New York
138,Lake Erie College of Osteopathic Medicine
139,Wake Forest University
140,Campbell University
141,University of North Carolina
142,Duke University
143,East Carolina University
144,Temple University
145,Drexel University
146,Thomas Jefferson University
147,Geisinger Commonwealth School of Medicine
148,Pennsylvania State College
149,University of Pennsylvania
150,University of Pittsburgh
151,Meharry Medical College
152,University of Tennessee
153,East Tennessee State University
154,Vanderbilt University
155,Via College of Osteopathic Medicine
156,Texas A&M University
157,Texas Tech University
158,University of Texas Medical Branch
159,Texas Christian University
160,University of Texas Southwestern
161,Baylor University
162,University of North Texas
163,University of Texas at Austin
164,University of Texas Rio Grande Valley
165,University of Texas Medical School at Houston
166,New Mexico State University
167,University of Houston
168,University of Texas Health Science Center at San Antonio
0,University of Alabama at Biimingham
3,Mayo Clinic Alix Sch of Med
49,University of Missouri-Columbia
50,University of Missouri-Kansas City
57,Uniformed Services University of the Hlth Sci
25,Oregon Health & Science University
47,Mayo Clinic Alix School of Med
1,State university of New York Upstate
7,State university of New York Downstate
