AMC_No,AMC_Name
30004,Abrazo Arizona Heart Hospital
30003,Abrazo Arrowhead Campus
30024,Abrazo Central Campus
30517,Abrazo Health Network
30050,Abrazo Medical Group
30002,Abrazo West Campus
30079,Acacia Health Center at Sagewood
38081,Accredited Internal Medicine
30045,Active Life and Pain Center
39608,Advanced Desert Dermatology
30118,Affiliated Dermatology Ahwatukee
30119,Affiliated Dermatology Anthem
30120,Affiliated Dermatology Deer Valley
38185,Affiliated Dermatology Scottsdale
39584,Aiello Eye Institute
38169,Air Methods Corporation
38210,Alta Dermatology Group
39591,Arizona Associates for Reproductive Health
38130,Arizona Cancer Center at UMC Orange Grove
30037,Arizona Cardiovascular and Thoracic Surgeons
39621,Arizona Center for Cancer Care
38144,Arizona Center for Hand Surgery PC
38113,Arizona Children's Association
38042,Arizona Community Physicians (Tucson)
38055,Arizona Department of Health Services
38033,Arizona Heart Institute and Hospital
38135,Arizona Kidney Disease & Hypertension Ambulatory Surgery Center
38097,Arizona Oncology Gynecology Clinic
38091,Arizona Otolaryngology Consultants PC
38037,Arizona Poison and Drug Information Center
38122,Arizona Poison and Drug Information Center (AZPDIC)
38098,Arizona Reproductive Medicine Specialists (Downtown Phoenix)
30082,Arizona Sports Medical Center/Abrazo Medical Group
30502,Arizona State Hospital
38047,Arizona State University (Tempe)
38060,Arizona Telemedicine Network
38126,Arrowhead Hospital and Medical Center
39626,Arthritis Health Ltd
39586,Assurance Health and Wellness Center
30033,Atria Heart Cardiac Clinic
30097,Auberge at Peoria
30054,Aurora Behavioral Healthcare-Tempe LLC
39562,Aurora Diagnostics Arizona Dermatopathology
38168,Banner Alzheimer's Institute
38048,Banner Behavioral Health Hospital (Scottsdale)
30020,Banner Behavioral Health Outpatient Clinic
38026,Banner Boswell Medical Center
38106,Banner Del E Webb Medical Center
30516,Banner Desert Medical Center
38066,Banner Estrella Medical Center
38109,Banner Gateway Medical Center
30098,Banner Health Center Peoria
30151,Banner Ironwood Medical Center
39588,Banner Medical Group
39617,Banner Payson Medical Center
38191,Banner Surgicenter
38044,Banner Thunderbird Medical Center
30345,Banner University Medical Center-Phoenix
38142,Banner-University Medical Center South
30506,Banner-University Medical Center Tucson
39574,Barnet Dulaney Perkins Eye Center
38156,Barrow Neurological Institute
30136,Barrow Neurological Institute at St Joseph's Hospital and Medical Center
38032,Biltmore Advanced Imaging Center
38045,Biltmore Surgical Center
39582,Bone and Joint Center of Yuma
38192,Boston IVF-The Arizona Center
39565,Brookdale Flagstaff Senior Living Solutions
38196,Camp Lowell Medical Specialist
38155,Caniglia Center
38182,Canyon Vista Medical Center
38175,Cardon Children's Medical Center
38152,Carondelet Holy Cross Hospital
38031,Carondelet St Mary's Hospital
38116,Casa de la Luz Hospice
38148,Casa de Los Ninos
38138,Cenpatico Behavioral Health of Arizona
30044,Center for Neurology and Spine PC
38119,Center for Pain & Supportive Care
39569,Central Arizona Urologists Ltd
38161,Children's Clinics for Rehabilitative Services
38062,Children's Orthopedic Specialists
30495,Children's Rehabilitative Services-St Joseph's Hospital
30014,Chiricahua CHC Inc Pediatric Center for Excellence
38108,Choices Network
30041,Clear Sky Dermatology
39566,Coconino County Public Health Services District
38030,Columbia Medical Center (Phoenix)
39631,Community Bridges-Cactus Integrated Care Center
39632,Community Bridges-Central City Addiction and Recovery Center
39633,Community Psychiatric Emergency Center
38136,Connections Arizona
39012,Cornea Associates
38077,Cottonwood de Tucson
38139,Crisis Response Center
39576,Crystal Canyon Ear Nose Throat and Facial Plastic Surgery
38117,Dermatology Center-Tucson Office
38120,Dermpath Diagnostics
38034,Desert Dialysis Center
30056,Desert Garden Montessori School Inc-Consultation
38025,Desert Hills Center for Youth
38080,Desert Horizons Psychiatric Services
38150,Desert Sky Spine and Sports Medicine
39580,Desert Spine Institute
38065,Desert Vista Behavioral Health Center
38070,Devereux
38163,Dignity Health Chandler Regional Medical Center
30077,Dignity Health East Valley
39593,Dignity Health Mercy Gilbert Medical Center
38096,District Medical Group
38207,Dyson Dermatology PLLC
39600,El Rio Community Health Center
38164,Encompass Health Rehabilitation Institute of Tucson
39583,ENT of Yuma
30043,Epiphany Dermatology
38131,Fishkind Bakewell and Maltzman Eye Care and Surgery Center
39572,Flagstaff Bone & Joint
38145,Flagstaff Medical Center
38146,Foothills Surgery Center
38074,Forensic Science Center/Office of Medical Examiners
38049,Fort Defiance Indian Medical Center
38133,Fresenius Medical Care-North Phoenix Peritoneal Dialysis
38134,Fresenius Medical Care-North Scottsdale Dialysis
38124,Gateway Surgical Center
30135,Genesis ObGyn
39581,Gregory Peare MD-Orthopedic Surgery Office
38103,GSRMC/VA Medical Center
38023,Hand Surgery Associates
38021,Harrington Arthritis Research Center
30085,Havasu Regional Medical Center
38123,Haven Senior Horizons
39573,Health Choice Integrated Care
30074,Health Current
38189,HonorHealth
38190,HonorHealth Deer Valley Medical Center
30038,HonorHealth Heart Group-Deer Valley
30036,HonorHealth Heart Group-John C Lincoln
30035,HonorHealth Heart Group-Shea
38046,HonorHealth John C Lincoln Medical Center
30039,HonorHealth Medical Group-Jomax Clinic
30008,HonorHealth Medical Group-Neurology
30078,HonorHealth Medical Group-North Phoenix Primary Care
30080,HonorHealth Physical Medicine & Rehabilitation-John C Lincoln
38125,HonorHealth Piper Surgery Center
38209,HonorHealth Rehabilitation Hospital
30073,HonorHealth Research Institute
30512,HonorHealth Scottsdale Osborn Medical Center
38024,HonorHealth Scottsdale Shea Medical Center
38176,HonorHealth Scottsdale Thompson Peak Medical Center
38198,Hopi Health Care Center
38075,Hospice of the Valley
30026,Hospice of the West
38112,Hospitalists of Arizona Inc
38069,Hu Hu Kam Memorial Hospital
30032,In Balance Academy Therapeutic Boarding School
30070,Innovation Care Partners
38186,Kingman Regional Medical Center
38181,Kissito Healthcare Palm View
38151,Liberty Mutual Group-Western Region
38202,Little Colorado Medical Center
39563,Maffi Clinic
38089,Magellan Health Services of Arizona Inc
38054,Maricopa County Department of Public Health
38092,Maricopa County Forensic Science Center
30019,Maricopa County Juvenile Detention
30029,Maricopa County Office of the Medical Examiner
38019,Mayo Clinic (Arizona)
38029,Mayo Clinic Hospital (Arizona)
38157,McDowell Healthcare Center
30057,Mercy Care
30150,MHC Healthcare
38140,MHC Healthcare/Marana Health Center
38180,Midwestern University GME Consortium
38184,Midwestern University Multi-Specialty Clinic
38129,Mirasol Eating Disorder Recovery Center
38153,Mount Graham Regional Medical Center
39567,Mountain Heart
38187,Mountain Vista Medical Center
30042,MVP Orthopedics and Sports Medicine PC
38104,National Institutes of Health (NIH) Phoenix Branch
39613,Neighborhood Outreach Access to Health (NOAH)
38071,New Foundation
30132,New Pueblo Medicine
38200,Norman Levine MD-Dermatology Office
38171,North Country Healthcare
39568,Northern Arizona Orthopaedics
39575,Northern Arizona Podiatry
38158,Northwest Fire District
30027,Northwest Health System
38035,Northwest Medical Center
38162,Oasis Hospital
39561,Omni Dermatology
50080,One Medical Group of Arizona
38093,Orthopaedic Clinic Association
38064,Orthopaedic Oncology PLLC
38072,Osborn School District
38149,Pain Institute of Southern Arizona
38205,Palm Canyon Dermatology
39592,Palo Santo Psychotherapy and Wellness
38079,Pantano Behavioral Health Services
38111,Paradise Valley Cosmetic Surgery Center
38137,Partners in Recovery
38028,Phoenix Area Medical Education Consortium
38015,Phoenix Children's Hospital
39628,Phoenix Neurological Associates
38086,Phoenix Perinatal Associates
30147,Phoenix Police Crime Laboratory
30504,Phoenix VA Health Care System
38178,Pima County Adult Detention Center
38078,Pima County Juvenile Court
38118,Pima Dermatology
30134,Pima Heart and Vascular
39623,Plastic and Reconstructive Surgery
38100,Providence Corporation (Arizona) Childrens Behavioral Health
38095,Pulmonary Associates
30071,Renal Care Organization
38195,Reproductive Choice Arizona (Family Planning Associates Medical Group)
39081,Retina Associates
38159,Rio Rico Fire District
38121,Sagewood Senior Living Community
39627,Santa Rosa Care Center
30518,Sonora Behavioral Health
38174,Sonoran Orthopedic Trauma Surgeons PLLC
38173,Sonoran Spine Center-Scottsdale (Shea)
30501,Southern Arizona VA Health Care Center (Tucson)
38073,Southwest Human Development
38127,Southwest Network Inc
30091,Southwest Rehab
38107,Southwest Shoulder Elbow and Hand Center
38201,Southwestern Surgery Associates
39564,Specialists in Dermatology PLLC
38058,St Elizabeth of Hungary Clinic
39598,St Joseph Hospital and Medical Center
30523,St Luke's Medical Center
30159,St Vincent de Paul Virginia G Piper Medical Clinic
38197,Summit Healthcare Regional Medical Center
38132,Sunset Community Health Center
38085,Translational Genomics Research Institute
38088,Tuba City Regional Health Care
38172,Tucson ENT Associates PC
39589,Tucson Eye Care
38167,Tucson Fire Department
30497,Tucson Hospitals Medical Education Program Inc
30235,Tucson Medical Center
38051,Tucson Orthopaedic Institute
38053,United Blood Services Blood Bank
38115,United Community Health Center Inc
39571,United Surgical Partners
38101,University of Arizona Campus Health Services
30246,University of Arizona College of Medicine at South Campus
38179,University of Arizona College of Medicine-Phoenix
30509,University of Arizona College of Medicine-Tucson
38056,University of Arizona College of Public Health
38154,University of Arizona Medical Center
38094,University Orthopaedic Specialists
30503,US Air Force Hospital
38057,Valley Anesthesiology Consultants
38090,Valley ENT
38110,Valley Perinatal Services-Scottsdale Office
38099,Valley Urogynecology Associates Ltd
30253,Valleywise Health Medical Center
38183,Verde Valley Medical Center
39570,Walter John Nieri MD-Internal Medicine Office
38199,Whiteriver Indian Hospital
38141,Wickenburg Community Hospital
38203,Winslow Indian Healthcare Center Inc
38193,Women's Center for Advanced Pelvic Surgery
39579,Women's Health Specialists
39585,Yuma Nephrology
38128,Yuma Regional Medical Center
30092,Yuma Union High School District
