AMC_No,AMC_Name
308016 , American Red Cross Midwest Region Blood Services
300005 , Baart Community Healthcare-Omaha
308025 , Bellevue Medical Center
300030 , Bellevue Physical Therapy Associates
309511 , Boone County Health Center
309525 , Box Butte General Hospital
308003 , Boys Town National Research Hospital
300329 , Bryan Health Medical Center East
300332 , Bryan Health Medical Center West
309508 , Butler County Health Care Center
308021 , Central Plains ENT PC
300007 , Charles Drew Health Center
300709 , CHI Health Creighton University Medical Center
300452 , CHI Health Creighton University Medical Center-Bergan Mercy
307004 , CHI Health Good Samaritan
300365 , CHI Health Immanuel
309512 , CHI Health Laboratory
309521 , CHI Health Lakeside
308008 , CHI Health Midlands
308012 , CHI Health Psychiatric Associates-Dodge Street
300278 , CHI Health St Elizabeth
300390 , Children's Hospital & Medical Center
309516 , Colon and Rectal Surgery Inc
300004 , Community Alliance
309502 , Creighton University School of Medicine
308019 , Douglas County Coroner's Office
300458 , Douglas County Health Center
300708 , Ehrling Bergquist Clinic (55th Medical Group)
308006 , Faith Regional Health Services
309517 , Fremont Health
309523 , Fresenius Medical Care Nebraska Home Dialysis
308015 , Fresenius Medical Care-RAI Care Center (Ames)
308018 , Fresenius Medical Care-RAI Care Center (Center Street)
308004 , Great Plains Regional Medical Center
309510 , Heartland Center for Reproductive Medicine
300009 , Hillcrest Health Services
308023 , Lasting Hope Recovery Center
309518 , Lexington Regional Health Center
300706 , Lincoln Medical Education Partnership
309528 , Madonna Rehabilitation Hospitals-Lincoln
309527 , Madonna Rehabilitation Hospitals-Omaha
309520 , Mary Lanning Hospital
309507 , Midwest Gyn Oncology
308022 , Midwest Surgical Hospital
309504 , Munroe Meyer Institute
309513 , Munroe Meyer Institute Human Genetics Laboratory
300453 , Nebraska Medical Center
308007 , Nebraska Medical Center Psychiatry Clinic
300294 , Nebraska Methodist Hospital
308013 , Nebraska Orthopedic Hospital
308024 , Nebraska Women's Hospital
300035 , Omaha Lancers Hockey Club
300034 , Papillion-LaVista High School Athletics
300033 , Papillion-LaVista South High School
309529 , Planned Parenthood of the Heartland
308005 , Regional West Medical Center
309509 , Sidney Regional Medical Center
307009 , St Francis Medical Center (Grand Island)
300712 , St Joseph Center for Mental Health
309530 , St Joseph Villa Nursing and Rehabilitation
309524 , Tabitha Health Care Services
309503 , The Ambassador-Omaha
300031 , Union Omaha Soccer Club
300710 , University of Nebraska Medical Center College of Medicine
300036 , University of Nebraska Omaha Athletics
300032 , UNO Exercise Physiology Lab
300115 , Veterans Affairs Medical Center (Lincoln)
300447 , Veterans Affairs Nebraska-Western Iowa Health Care System
309505 , Village Pointe Cancer Center
309515 , Visting Nurse Association of the Midlands
