AMC_No,AMC_Name
318123 , 215 Surgery Center
310069 , Academic Dermatology of Nevada
318132 , Advanced Orthopedics and Sports Medicine
310070 , Alvin Bay Lin MD-Geriatric Medicine Office
318022 , Banner Churchill Community Hospital
318119 , Birth Control Care Center
318093 , Bud A West MD Ltd
318060 , Carson Douglas Surgery Center
318049 , Carson Valley Medical Center
318068 , Centennial Hills Hospital Medical Center
310029 , Center for Behavioral Health-Desert Inn
318102 , Child Neurology Specialists
310001 , Children's Bone and Spine Surgery LLP
310013 , Children's Lung Specialists
318136 , Chronic and Interventional Pain Specialists
318020 , Circle of Life Hospice Inc
318015 , Clark County Coroner/Medical Examiner
318023 , Clark County Dearborn Center
318082 , Clark County Department of Juvenile Justice Services
310101 , Cleveland Clinic Lou Ruvo for Brain Health
318134 , Collaborative Care Services Inc (Optum)
310009 , Complex Care Hospital at Tenaya
318086 , Comprehensive Cancer Centers of Nevada
318114 , Coronado Surgery Center
318040 , Crovetti Orthopaedics and Sports Medicine
318083 , Department of Family Services
318155 , Desert Moon Sleep Lab LLC
318128 , Desert Orthopaedics Center
318092 , Desert Springs Hospital Medical Center
310018 , Desert View Hospital
318145 , Desert West Surgery
318024 , Desert Willow Treatment Center
318104 , Digestive Associates LLP
310062 , Dignity Health Medical Group Henderson Primary Care
310026 , Dignity Health St Rose Dominican Hospitals
318141 , Dr Ming-Wei Wu Inc
318098 , Durango Outpatient Surgery Center
310066 , Dynamic Pain Rehabilitation
318088 , Elko Family Medical and Dental Center
318112 , Eye Clinic of Las Vegas
318113 , Family Medicine Specialists
318054 , Fertility Center of Las Vegas
310007 , Flamingo Surgery Center
310017 , Focus Mental Health Solutions
318116 , Great Basin Orthopedics
318121 , Gynecologists of Reno
318140 , Hand Center of Nevada
318025 , Harmony Healthcare
318133 , HCA Healthcare Sunrise Health Graduate Medical Education
318072 , Health Access Washoe County (HAWC)
318077 , Healthy Minds
318154 , Henderson Hospital
318075 , Humboldt General Hospital
318038 , Incline Village Community Hospital
318058 , Infinity Hospice Care
318080 , Institute of Orthopaedic Surgery
318099 , Internal Medicine Associates
310110 , Ioannis A Lougaris Veterans Affairs Medical Center
318026 , Jan Evans Juvenile Justice Center
318143 , Kidfixers Pediatrics
318096 , Kirk Kerkorian School of Medicine at UNLV
318045 , Lake Tahoe Surgery Center
318107 , Las Vegas All Women's Care
310008 , Las Vegas Clinic
318100 , Las Vegas Endocrinology
318101 , Las Vegas Neurology Center
310028 , Las Vegas Recovery Center
318111 , Las Vegas Skin and Cancer Clinics
318027 , Las Vegas Surgery Center
310019 , Las Ventanas Skilled Nursing Facility
310071 , Legacy Women's Health
318084 , Marquis Plaza Regency
318018 , MedSchool Associates North (Reno)
310012 , Mercy Inc
318115 , Merle Bruce MD-Otolaryngology Office
318041 , Mike O'Callaghan Military Medical Center
310023 , Mission Pines Nursing and Rehabilitation Center
318063 , Mojave Mental Health Clinic
318061 , MountainView Hospital
310103 , Nathan Adelson Hospice
318028 , Nevada Cancer Institute
318126 , Nevada Health Centers-Martin Luther King Family Health Center
318074 , Nevada Heart and Vascular Center
318129 , Nevada Orthopedic and Spine Center
318087 , Northeastern Nevada Regional Hospital
317002 , Northern Nevada Adult Mental Health Services
318029 , Northern Nevada Child and Adolescent Services
318109 , Operation HOPE Medical Clinic
318127 , Orthopedic and Sports Medicine Institute of Las Vegas
318081 , Parkway Surgery Center
318153 , Pulmonary Associates
317004 , Renown Regional Medical Center
318103 , Rooman Ahad MD-Child Neurologist Office
318021 , Sahara Surgery Center
318122 , Seven Hills Surgery Center
310067 , Siena Cardiology
318117 , Sierra Regional Spine Institute
318048 , Sierra Surgery Hospital
318064 , Silver Hills Health Care Center
318118 , Silver Sage Cener for Family Medicine
318120 , Skin Cancer and Dermatology Institute
310016 , Solutions Recovery
318124 , Southern Hills Hospital & Medical Center
318036 , Southern Nevada Adult Mental Health Services
318095 , Southern Nevada Health District
310065 , Southern Nevada Surgery Specialists-Henderson
318106 , Southwest Medical Associates
318157 , Southwest Medical Associates-Oakey Healthcare Center
318030 , Specialty Surgery Center
318070 , Spring Mountain Treatment Center
318067 , Spring Valley Hospital Medical Center
317003 , St Mary's Regional Medical Center
310030 , St Rose Dominican Hospital-San Martin Campus
318019 , St Rose Dominican Hospital-Siena Campus
310072 , St Rose Pediatrics
318156 , Suhattai Gamnerdsiri MD-Cardiology Office
318066 , Summerlin Hospital Medical Center
318125 , Sunrise Children's Hospital
318014 , Sunrise Hospital and Medical Center
318097 , Sunset Ridge Surgery Center
318062 , Surgery Center of Southern Nevada
318047 , Tahoe Orthopaedic & Sports Medicine
318079 , Tenaya Surgical Center
318158 , Thomas Dermatology
318131 , Total Sports Medicine
318089 , Touro University College of Osteopathic Medicine
310100 , University Medical Center of Southern Nevada
318031 , University of Nevada Las Vegas Student Health Counseling
310111 , University of Nevada Reno School of Medicine
318051 , University of Nevada Reno Student Health Center
318059 , UNLV Medicine
310011 , UNLV Medicine Mojave Counseling
318148 , Urology Specialists of Nevada
318016 , VA Southern Nevada Healthcare System
318090 , Valley Health System
318069 , Valley Hospital Medical Center
318017 , Valley View Surgery Center
318150 , Vincent P Nalbone MD-Otolaryngology Office
318065 , Volker Healthcare Foundation
318085 , Volunteers in Medicine of Southern Nevada
318094 , Washoe County Health Department
318039 , Washoe County School District
318013 , West Hills Hospital
318033 , Willow Springs Center
318055 , Women's Cancer Center of Nevada
310068 , Wound Care Experts
