AMC_No,AMC_Name
328022 , Catholic Medical Center
328017 , Cheshire Medical Center/Dartmouth Health
320012 , Community Partners
328023 , Concord Feminist Health Center
328002 , Concord Hospital
328018 , Concord Regional VNA
328012 , Dartmouth-Hitchcock Medical Center (DHMC)
328001 , Dartmouth-Hitchcock/Mary Hitchcock Memorial Hospital
328006 , Department of Health and Human Services (Concord)
328013 , Elliot Hospital
328029 , Fertility Center of New England
328014 , Fresenius Medical Care of North America
320013 , Frisbie Memorial Hospital
328025 , Glencliff Home for the Elderly
320005 , Greater Seacoast Community Health-Somersworth Clinic
320011 , Hampstead Hospital
328009 , Hanover Terrace Healthcare
328027 , HCA Healthcare/Tufts University School of Medicine-Portsmouth Regional Hospital
328011 , Home Health & Hospice Care
328010 , Kendal at Hanover
328016 , Lake Sunapee Region VNA and Hospice
328024 , Lebanon Center Genesis Healthcare
328021 , Monadnock Family Services
320338 , New Hampshire Department of Corrections
328008 , New Hampshire Hospital
328003 , New Hampshire-Dartmouth Family Practice Education Consortium
328015 , New London Hospital
320007 , Phillips Exeter Academy Student Health
328028 , Riverbend Community Mental Health Inc
320006 , Seacoast Mental Health Center
328007 , Southern New Hampshire Medical Center
328005 , West Central Behavioral Health-Claremont
320002 , West Central Behavioral Health-Lebanon
328026 , Wheelock Terrace Assisted Living Terrace Communities
