AMC_No,AMC_Name
359729, ABC News-Medical Unit
358052, Academy of Dermatopathology
358185, Ackerman Academy of Dermatopathology
358177, Advanced Cardiovascular Imaging
358252, Advanced Dermatology of Westchester
359768, Advanced Dermatology PC
359670, Advanced Family Medicine
359782, Advanced Urology Centers of New York (Manhasset Division)
359707, Advanced Urology Centers of New York-West Islip Division (Western Office)
359660, Alan Freedman MD-Plastic Surgery Office
359532, Albany IVF
350345, Albany Medical Center
358245, Albany Medical Center-Bone and Joint Center
358244, Albany Medical Center-Latham
350515, Albany Medical Center-South Clinical Campus
359592, Albany Regional Kidney Center
350745, Albert Einstein College of Medicine of Yeshiva University
350093, Albert Einstein College of Medicine-Clinical Research Training Program (CRTP)
358142, All City Ophthalmology Services PC
359548, Allergy Asthma and Immunology Center of Albany Medical Center
359506, Allergy Asthma Immunology Rhematology (AAIR) of Rochester
359679, American Red Cross Blood Services-Northeast Division
358025, American Red Cross Blood Services-Syracuse Region
358224, Amsterdam Nursing Home
359724, Anthony LaBruna of Manhattan Surgery PLLC
350043, Arimed Orthotics and Prosthetics
359654, Arnot Ogden Medical Center
358218, Associates Gynecological Care
358215, Bainbridge Nursing & Rehabilitation Center
358124, Barnard College Student Health Services
359640, Baruch College Athletic Center
358049, Bassett Medical Center
350813, Bayley Seton Hospital
358247, Bedford Hills Correctional Facility
350083, Behavioral Health Access and Crisis Center
359806, Bellevue Woman's Center-Ellis Medicine
359769, Bellmore Dermatology
350350, Benedictine Hospital
358057, Beth Israel Hand Center
358053, Beth Israel Medical Center-North Division
359597, Beth Israel Medical Center-Phillips Ambulatory Care Center
359755, Bethany Village (Manor)
359816, Binghamton Gastroenterology Associates PC
358068, Binghamton General Hospital
350261, Binghamton Psychiatric Center
350545, Blythedale Children's Hospital
350034, Bon Secours Community Hospital
359808, Boston Children's Health Physicians LLP
359520, Bridgewater Center for Rehabilitation & Nursing
358039, Bronx Children's Psychiatric Center
358199, Bronx County Mental Health Court
358198, Bronx Forensic Court Service
350542, Bronx Psychiatric Center
350352, BronxCare Health System
358180, Brookhaven National Laboratory Occupational Medicine Clinic
359765, Brooklyn Dermatology-Office of Sourab Choudhury DO
350202, Brooklyn Hospital Center
359612, Brooklyn Surgery Center
359624, Buffalo Federal Detention Facility
350344, Buffalo Psychiatric Center
350572, Burke Rehabilitation Hospital
359567, Bushra Mina MD-Internal Medicine Office
359507, Cabrini Center for Nursing & Rehabilitation
350410, Cabrini Medical Center
358146, Calvary Hospital (Bronx Campus)
359547, Capital Care Allergy Asthma and Immunology
350815, Capital District Psychiatric Center
359753, Care First
359686, Caroline Messer MD Practice
350395, Catholic Medical Center (St Mary's Hospital)
359813, Catskill Dermatology PC-Goshen
350003, Catskill Regional Medical Center-Harris Campus
359829, Cayuga Medical Associates
359758, Cayuga Medical Center
357057, Cayuga Medical Center at Ithaca
350028, Center for Advanced Medicine (CFAM)/Northwell
358143, Center for Hospice and Palliative Care/Hospice Buffalo
358099, Center for Sleep Disorders Medicine and Research
358234, Central New York Psychiatric Center
359700, Central New York Services Inc
359689, Chemung County Health Center
358186, Children's Evaluation and Rehab Center-Rose F Kennedy UCEDD
358038, Children's Medical Center of Brooklyn
358071, Children's Village (Dobbs Ferry)
359716, Cindy Hoffman Dermatology
359606, City of Syracuse Fire Department
359721, City University of New York School of Public Health
358222, Clifton Springs Hospital & Clinic
358116, Clinilabs
358219, CNY Fertility
358061, Cohen Children's Medical Center-Northwell Health
358064, Cohen Children's Medical Center-Northwell Health
350069, Cold Spring Harbor Laboratory
358067, Cold Spring Hills Center for Nursing and Rehabilitation
350222, Colgate University-Athletics Department
350766, Columbia University School of Public Health
358136, Columbus Circle Imaging
358181, Community Healthcare Network
357154, Community Hospital at Dobbs Ferry
359652, Complete Skin MD
359814, Cornerstone Family Healthcare
359735, Cornerstone Family Healthcare
358041, Corning Hospital
359651, Creedmoor Addiction Treatment Center
350193, Creedmoor Psychiatric Center
358195, Crestwood Children's Center
350119, Cross Valley Health & Medicine PC
350566, Crouse Hospital
358040, Cuba Memorial Hospital
358112, Dankner Eye Associates
358096, Day Op Center of Long Island
358236, Daystar for Medically Fragile Infants Inc
358032, Dent Neurological Institute (of Millard Fillmore Hospitals)
358132, Dermpath Diagnostics
358200, DeWitt Clinton High School
359555, Diabetes-Endocrinology Center of Western New York
350114, Dialysis Center-Bay Creek
359671, Dolan Family Health Center-Northwell Health
350005, East End Hospice
359726, East Harlem Scholars Academy II
350089, East Ridge Behavioral Health Center
359792, East River Road Outpatient Imaging Center
359566, East Side Radiation Oncology
359827, Eastern Long Island Hospital
359809, Eastern Niagara Hospital
358103, Einstein Division of Substance Abuse (DoSA)
350095, ElderOne-Hudson PACE Center
350177, ElderONE-North Park PACE Center
350474, Ellis Hospital
358187, Elmcrest Children's Center
359620, Elmira Psychiatric Center
359685, Endocrinology Clinic/Friedman Diabetes at Lenox Hill-Northwell Health
359703, ENT and Allergy Associates LLP
359622, Erie County Correctional Facility
359621, Erie County Holding Center
359623, Erie County Juvenile Detention
350413, Erie County Medical Center
359732, Experience Center
359546, Family Health Centers at NYU Langone
358125, Family Sports Medicine & Nutrition
358082, Faxton-St Lukes Hospital
358155, FDR Medical Services
359749, Feinstein Institute for Medical Research
350824, Fishkill Correctional Facility-NY State Department of Correction
359746, Five Towns Neurology
350364, Flushing Hospital Medical Center
359773, Forest Hills Dermatology-Office of Jeffrey Weinberg MD
359667, Garnet Health Medical Center
350007, Gastroenterology Group of Rochester
350120, Genesee Hospital
357171, Geneva General Hospital
359812, Gertrude & Louis Fell Ambulatory Care Center PBMC Medical Group
350409, Glen Cove Hospital-Northwell Health
350122, Goldwater Memorial Hospital
350091, Golisano Restorative Neurology & Rehabilitation Center
358078, Good Samaritan Hospital Medical Center
359559, Good Shepherd Hospice
359776, Gotham Plastic Surgery PLLC
358196, Gouverneur Healthcare Services
359750, Greater Binghamton Health Center
358097, Gurwin Jewish Geriatric Center
359554, Gyn Oncology of Central New York
359702, Hamptons Center for Rehabilitation and Nursing
359745, Hanger Prosthetics and Orthotics
350008, HEALTHeLINK
358080, Helen Hayes Hospital
350408, Helen Hayes Hospital
350021, Helio Health
358229, Highfield Gardens Care Center of Great Neck
359521, Highland Family Medicine of Highland Hospital
350397, Highland Hospital of Rochester
359734, Highland Rehabilitation and Nursing Center
359604, Highlands at Brighton
358137, Hildebrandt Center for Hospice Care
350078, Hill Haven Rehabilitation & Transitional Care Center
358133, Holliswood Hospital
359817, Home Medical Office PC
358110, Hospice Care Network
358150, Hospice of New York
350459, Hospital for Special Surgery
350002, HRH Ulster County Family Health Care Practice
359695, HRHcare Martin Luther King Jr Health Center
350127, Hudson Dermatology-Fishkill
350130, Hudson Dermatology-Hudson
350128, Hudson Dermatology-Kingston
350124, Hudson Dermatology-Poughkeepsie
350129, Hudson Dermatology-Somers
350210, Hudson Headwaters-Glens Falls
350194, Hudson River Psychiatric Center
350020, Hudson Valley Fertility
359662, Hunter College-CUNY School of Public Health
350532, Huntington Hospital-Northwell Health
358193, Huntington School
359503, Icahn School of Medicine at Mount Sinai
358045, Institute for Family Health
350432, Institute for Family Health
350347, Interfaith Medical Center
358081, Isabella Geriatric Center
359706, Island Healthcare
359688, Island Reproductive Services
358144, Jacob Perlow Hospice Corporation
350216, Jamaica Hospital Medical Center
350247, James J Peters Veterans Affairs Medical Center
358242, James Square Health and Rehabilitation Centre
358063, Jewish Board of Family & Children's Services (Judea Clinic)
350510, Jewish Board of Family & Children's Services (Judea Clinic)
358127, Jewish Home and Hospital Lifecare System
359678, Jewish Home Lifecare-Manhattan
358140, Jewish Home of Rochester (Jewish Senior Life)
350223, John R Oishei Children's Hospital
359515, Joseph P Addabbo Family Health Center (Arverne)
350482, Kaleida Health System (Buffalo General Medical Center)
359551, Kaleida Health System (Center for Laboratory Medicine)
358184, Kaleida Health System (DeGraff Memorial Hospital)
358239, Kaleida Health System (Millard Fillmore Suburban Hospital)
350330, Kaleida Health-Gates Vascular Institute
359505, Kateri Residence
357271, Keller Army Community Hospital
358249, Kendal on Hudson
359725, Kenmore Mercy Hospital
359569, Kidney and Hypertension Specialists PC
359509, Kings Harbor Nursing Home
350231, Kingsboro Psychiatric Center
350387, Kingsbrook Jewish Medical Center
350435, Kingston Hospital
358123, Kirby Forensic Psychiatric Center
358197, Landstuhl Regional Army Medical Center
358095, Laser and Skin Surgery Center of New York
358188, Leading Edge Radiation Oncology Services
359588, Lehman College-CUNY School of Public Health
350334, Lenox Hill Hospital-Northwell Health
359540, Lenox Hill Medicine
359528, Lifeline Center for Child Development
358138, Lifetime Care
359701, Lindenhurst Eye Physicians and Surgeons PC
358254, Lion's Eye Institute
350757, Long Island Community Hospital
359680, Long Island Hand Associates
350568, Long Island Jewish Forest Hills
350232, Long Island Jewish Medical Center-Northwell Health
359564, Long Island Jewish Valley Stream
359683, Long Island Plastic Surgical Group PC
358092, Long Island Regional Poison and Drug Information Center
358192, Long Island Skin Cancer & Dermatologic Surgery
358246, Long Island State Veterans Home
359641, Long Island University Brooklyn Athletic Center
350029, Long Island University Post Campus
350366, Maimonides Medical Center
359711, Manhattan Dermatology and Cosmetic Surgery
350367, Manhattan Eye Ear & Throat Hospital/Lenox Hill Hospital-Northwell Health
358237, Manhattan Physicians Group
350239, Manhattan Psychiatric Center
350392, Manhattan VA Harbor Health Care System
359699, Margaret Tietz Nursing & Rehabilitation Center
359727, Maria Fareri Children's Hospital
358101, Marjorie Doyle Rockwell Dementia Center
359772, Marvin Watsky MD-Dermatology Office
350134, Mary Imogene Bassett Hospital
359741, Massapequa Pain Management and Rehabilitation
359558, Mather Hospital
359697, Maxine S Postal Tri Community Health Center
359542, Medical Center Nursery School
358156, Medicore Associates of Chautauqua
359663, Memorial Hospital for Cancer and Allied Diseases
350125, Memorial Sloan Kettering Cancer Center
359583, Mercy Flight Central Inc-Marcellus Airport
350126, Mercy Hospital of Buffalo
350212, Mercy Medical Center
358243, Metropolitan Jewish Hospice & Palliative Care
359763, Michael Berry MD-Dermatology Office
358054, Mid-Hudson Forensic Psychiatric Center
350382, Middletown Psychiatric Center
359738, Midtown Surgery Center
359586, Midwood Chayim Aruchim Dialysis Site 3
358135, Millennium Dialysis Center
359645, MJHS Block Residence
359648, MJHS Hospice and Palliative Care
359647, MJHS Menorah Center for Rehabilitation and Nursing Care
359646, MJHS Zicklin Residence
350562, Monroe Community Hospital
350554, Monroe County Medical Examiners Office
359595, Monroe County Public Health Department
359526, Monroe County Sociolegal Center
359602, Montefiore Behavioral Health Center at Westchester Square
359587, Montefiore Care Management Organization
359717, Montefiore Medical Center Division of Dermatology (AECOM)
359578, Montefiore Medical Center-Centennial Women's Center
350543, Montefiore Medical Center-Einstein Division
350526, Montefiore Medical Center-Henry and Lucy Moses Division
359626, Montefiore Medical Center-Hutchinson Metro Center
350401, Montefiore Medical Center-Wakefield Division
359649, Montefiore Medical Center/Albert Einstein College of Medicine
359672, Montefiore School Health Program
350039, Montefiore St Luke's Cornwall
350255, Montefiore-Mount Vernon Hospital
350104, Montefiore-New Rochelle
359601, Montefiore-Substance Abuse Treatment Program/New Directions
350284, Mount Sinai Beth Israel
350376, Mount Sinai Hospital
359719, Mount Sinai Hospital Dermatology
359580, Mount Sinai Hospital-Urology Clinic
350135, Mount Sinai Morningside
350277, Mount Sinai South Nassau
350211, Mount Sinai West
359642, MSK 60th Street Outpatient Center
358194, Nancy J Havernick MD-Child Neurology Office
358022, Nassau County Department of Health
350577, Nassau County Medical Examiner
350162, Nassau University Medical Center
350225, Neighborhood Center
350096, Neuroscience Institute-Linden Oaks
350065, New Hope Fertility Center
359615, New Life Development Center
359638, New York Assisted Outpatient Treatment Program
350807, New York Blood Center
350032, New York Cancer & Blood Specialists (NYCBS Offices)
350112, New York Cardiovascular Associates PLLC
359568, New York Center for Autism Charter School
358120, New York Center for Children
358102, New York City Children's Center-Brooklyn Campus
350394, New York City Department of Health and Mental Hygiene
358073, New York City Fire Department
358091, New York City Poison Control Center
350270, New York Downtown Hospital
359600, New York Downtown Orthopaedic Associates
350230, New York Eye and Ear Infirmary of Mount Sinai
359747, New York Institute of Technology College of Osteopathic Medicine
350030, New York Institute of Technology-Academic Health Center
350782, New York Medical College
358062, New York Medical College (Brooklyn-Queens)
359718, New York Skin Institute
359589, New York Sleep Institute-NY Epilepsy & Neurology
350456, New York State Department of Health
350353, New York State Psychiatric Institute
358089, New York University Hospital
350079, Newark Wayne Community Hospital
350267, NewYork-Presbyterian Brooklyn Methodist Hospital
358051, NewYork-Presbyterian Hospital
350269, NewYork-Presbyterian/Columbia University Medical Center
359550, NewYork-Presbyterian/Komansky Center for Children's Health
359751, NewYork-Presbyterian/Lawrence Hospital
358228, NewYork-Presbyterian/Morgan Stanley Children's Hospital
350823, NewYork-Presbyterian/Payne Whitney Clinic
350349, NewYork-Presbyterian/Queens
350262, NewYork-Presbyterian/Weill Cornell Medical Center
350378, NewYork-Presbyterian/Westchester Division
350448, Niagara Falls Memorial Medical Center
359687, Noel Maclaren MD-Private Practice
358233, North Shore Child & Family Guidance Center/ISP School Treatment
358232, North Shore Child & Family Guidance Center/Substance Abuse
350467, North Shore University Hospital-Northwell Health
359774, Northern Dutchess Hospital
358098, Northern Dutchess Residential Health Care Facility
358066, Northtowns Orthopaedics
359513, Northwell Health Anatomic Pathology Services
359514, Northwell Health Core Laboratory
359786, Northwell Health Division of Medical Genetics
350236, Northwell Health Imaging at Bay Shore
359692, Northwell Health Medical Group Endovascular & Vascular Access Program
350040, Northwell Health Physician Partners Neuroscience Institute
350234, Northwell Health Physicians Partners Internal Medicine-Bay Shore
350219, Northwell Health Reichert Family Imaging at Huntington
359752, Nuvance Health
359770, NY Medical Skin Solutions-Manhattan Office
350235, NYC Health + Hospitals/Bellevue
350469, NYC Health + Hospitals/Coney Island
350015, NYC Health + Hospitals/Correctional Health Services
350271, NYC Health + Hospitals/Elmhurst
350195, NYC Health + Hospitals/Harlem
350179, NYC Health + Hospitals/Jacobi
350109, NYC Health + Hospitals/Kings County
350437, NYC Health + Hospitals/Lincoln
350163, NYC Health + Hospitals/Metropolitan
350784, NYC Health + Hospitals/North Central Bronx
350220, NYC Health + Hospitals/Queens
350825, NYC Health + Hospitals/Woodhull
359655, NYCOMEC
359824, NYU Comprehensive Epilepsy Center
359590, NYU Dermatologic Surgery Associates
350016, NYU Diabetes and Endocrine Faculty Group
359739, NYU Fertility Center
350450, NYU Grossman School of Medicine
359780, NYU Langone Ambulatory Care Center-East 38th Street
350011, NYU Langone Ambulatory Care West Side
350242, NYU Langone Dermatologic Associates
359736, NYU Langone Eye Center
350173, NYU Langone Health-Cobble Hill
350449, NYU Langone Hospital-Brooklyn
358060, NYU Langone Hospitals
359524, NYU Langone Medical Center (Tisch Hospital)
350042, NYU Langone Neurology Associates of NY
359643, NYU Langone Orthopedic Center
350289, NYU Langone Orthopedic Hospital
350118, NYU Langone Outpatient Surgery Center
359799, NYU Langone Plastic Surgery Associates
359610, NYU Langone Psychiatry Associates
359801, NYU Langone Radiology-Faculty Practice Radiology
350375, NYU Long Island School of Medicine
359644, NYU Palladium Athletic Facility
350243, NYU Skin and Cancer Unit
359636, NYU Student Health Center
358128, Occupational Safety & Health Administration (Manhattan)
350528, Office of Chief Medical Examiner-City of New York
359748, Office of Poonam Dulai MD
357243, Olean General Hospital
350307, One Brooklyn Health System
358235, Onondaga County Department of Mental Health
358084, Onondaga County Medical Examiners Office
358250, Open Door Family Medical Centers-Ossining
359657, Open Door Family Medical Centers-Port Chester
358248, Open Door Family Medical Centers-Sleepy Hollow
359728, Oswego Hospital
359696, Our Lady of Consolation Nursing and Rehabilitative Care Center
359757, Our Lady of Lourdes Memorial Hospital Inc
359723, Pacific College of Oriental Medicine
359744, Pain and Rehabilitation Medical Specialists
350001, Pain Institute of Long Island
358015, Parker Jewish Geriatric Institute
359658, Parkmed NYC for Women
359607, Pearl I Barlow Center for Memory Evaluation and Treatment Comprehensive Center on Brain Aging
358088, Peconic Bay Medical Center
359810, Peconic Bay Primary Medical Care PC
350075, Perlmutter Cancer Center
350081, Personalized Recovery Oriented Services at Genesee Behavioral Health Center
350982, Phelps Memorial Hospital Center-Northwell Health
350024, Phoenix House
350461, Pilgrim Psychiatric Center
359669, Plainview Hospital-Northwell Health
359830, Plancher Orthopaedics & Sports Medicine
359709, Planned Parenthood of Nassau County Inc
350108, Pleasantville Cottage School
350019, Premier Medical Group Urology Division
358256, Private Hematology/Oncology Offices
359742, Progressive Orthotics and Prosthetics
358253, ProHealthCare Associates LLP
358204, Purchase College SUNY
359775, Putnam Hospital Center
358070, Queens Children's Psychiatric Center
359582, Queens Long Island Medical Group
359791, Queens Nassau Rehabilitation and Nursing Center
350076, Realization Center
358238, Refuah Health Center (Spring Valley)
358154, Regional Radiology
359637, Regional-NYU Faculty Practice
359668, Reproductive Medicine Associates of New York
359698, Reproductive Specialists of New York
359518, Research Foundation of the CUNY
350101, RGH Center for Kidney Disease & Hypertension
359764, Richard Berry MD-Dermatology Office
350780, Richard H Hutchings Psychiatric Center
350458, Richmond University Medical Center
358202, Rikers Island Correctional Facility
359516, Rochdale Village Medical Offices
350388, Rochester General Hospital
350090, Rochester General Medical Associates-TWIG Treatment Center
350047, Rochester Institute of Technology
350309, Rochester Psychiatric Center
350372, Rochester Regional Health/Unity Hospital
350725, Rockefeller University Hospital
358042, Rockland Children's Psychiatric Center
350351, Rockland Psychiatric Center
359743, Rockville Anesthesia Group
359565, Rogosin Institute
350451, Roswell Park Cancer Institute
359591, Rural/Metro Medical Services
350145, Rusk Institute of Rehabilitation Medicine
358118, Ryan Chelsea Clinton Community Health Center
359510, Ryan-Nena Community Health Center
358114, Sadick Dermatology
358100, Samaritan Hospital
359653, Samaritan Medical Center
350171, Sapphire Nursing at Meadow Hill
359781, Saratoga Hospital
358090, Schervier Nursing Care Center
350237, Schulman and Schachne Institute for Nursing & Rahabilitation
359828, Schuyler Hospital
359712, Schweiger Dermatology-Midtown
359676, Sherpaa Health Inc
359609, Siena College-Department of Athletics
358072, Silvercrest Extended Care Facility
358203, Sing Sing Correctional Facility
350157, Sisters of Charity Hospital
359788, Skin Solutions Dermatology
358093, Sleep & Wellness Centers
358126, Sleep Medicine Associates of New York City
358094, Sleep Medicine Centers of WNY
358050, Soldiers and Sailors Memorial Hospital of Yates County
358104, Sound View Throgs Neck Community Mental Health Center
358058, South Beach Psychiatric Center
359821, South Buffalo Mercy Hospital
358220, South Oaks Hospital-Northwell Health
350556, South Shore University Hospital-Northwell Health
358147, Southern Tier Community Health Center Network Inc
350246, Specialty Aesthetic Surgery
359759, Specialty Orthopedics
359800, Spine & Pain Institute of New York
350031, Sports Medicine at Chelsea
357123, St Agnes Hospital
359517, St Albans Community Living Center
350348, St Barnabas Hospital
358037, St Camillus Health and Rehabilitation Center
358083, St Catherine of Sienna Hospital
350298, St Charles Hospital and Rehabilitation Center
350759, St Elizabeth Medical Center
350443, St Francis Hospital
350537, St Francis Hospital
350244, St John's Episcopal Hospital-South Shore
358139, St John's Home
359650, St John's Riverside Hospital
350275, St John's Riverside Hospital
359619, St Joseph College-Brooklyn Campus
350445, St Joseph's Health
350442, St Joseph's Medical Center
358182, St Joseph's Villa
359553, St Lawrence Psychiatric Center
358013, St Luke's-Roosevelt Hospital Center
358216, St Mary's Hospital for Children
350087, St Mary's-Assertive Community Treatment
350103, St Peter's Hospital
350172, St Vincent Catholic Medical Centers (St John's-Queens)
350490, St Vincent Hospital (Westchester)
359544, Staten Island Mental Health
358214, Staten Island University Hospital South-Northwell Health
350156, Staten Island University Hospital-Northwell Health
358109, Stern Family Center for Extended Care and Rehabilitation
359533, Stony Brook Kidney Center (DCI)
350560, Stony Brook Medicine
359562, Stony Brook Southampton Hospital
350493, Strong Memorial Hospital of the University of Rochester
359664, Strong West
358021, Suffolk County Department of Health Services
358005, Suffolk County Medical Examiner's Office
350523, Sunnyview Hospital and Rehabilitation Center
358036, SUNY at Albany School of Public Health
359502, SUNY Downstate Health Science University
359541, SUNY Downstate Medical Center
350174, SUNY Upstate Medical University
358113, Surgicare
359523, SurgiCare of Manhattan
359762, Suzanne Sirota Rozenberg MD-Dermatology Office
358046, Syosset Community Hospital
359563, Syosset Hospital-Northwell Health
359552, Terrence Cardinal Cooke Health Care Center
358043, The Rogosin Institute
359504, Thelma Davidson Adair/William Ryan Community Health Center
358223, Thompson Health
359705, Total Orthopedics and Sports Medicine
358240, Townhouse Center for Rehabilitation and Nursing
359819, Union Community Health Center
359720, Unique Pain Medicine PLLC
350463, United Health Services Hospitals
358047, United Health Services Hospitals-Binghamton
359694, United Memorial Medical Center
350044, Unity at Ridgeway
358059, Unity Hospital/Rochester Regional Health
358221, Univ of Rochester Medical Center-Sawgrass Medical Center
359608, University at Albany-Student Health Clinic
358176, University at Buffalo Affiliated Physician Practices (UBAPP)
358175, University at Buffalo Physician Practices (UBPP)
359625, University at Buffalo School of Law
359501, University at Buffalo School of Medicine
350439, University Hospital of Brooklyn at Long Island College Hospital
350541, University Hospital-SUNY Health Science Center at Brooklyn
358230, University Imaging at Science Park
358213, University Medical Imaging
358178, University Medical Practice Associates
359522, University of Rochester Orthopaedics and Rehabilitation
350131, University of Rochester School of Medicine
359627, University of Vermont Health Network-Champlain Valley Physicians Hospital
358251, University Orthopaedics PC
358105, University Pain Center (New York Med Coll at St Vincent's)
359570, University Physicians Hematology/Oncology and Rheumatology
359572, Upper East Side Dialysis Center
350567, Upstate University Hospital at Community General
359677, Urology Associates of Rochester LLC
357036, VA Healthcare Network-Canandaigua
350251, VA Hudson Valley Healthcare System
350340, Vassar Brothers Medical Center
359675, Vein Institute
350151, Veterans Affairs Medical Center (Albany)
350331, Veterans Affairs Medical Center (Brooklyn)
350561, Veterans Affairs Medical Center (Castle Point)
350441, Veterans Affairs Medical Center (Northport)
350183, Veterans Affairs Medical Center (Syracuse)
350466, Veterans Affairs Western New York Healthcare System at Buffalo
359508, VillageCare Rehabilitation and Nursing Center
358145, Visiting Nurse Service of New York
359549, Visiting Nurse Service of NY-Inpatient the Haven
358141, Visiting Nurse Service of Rochester and Monroe County Inc
359796, Wayne County Department of Mental Health
359710, Weill Cornell Medical College
350791, Weill Cornell Medical College
358122, West End Day School
358044, Westchester County Department of Health
358255, Westchester Jewish Community Services
350301, Westchester Medical Center
358241, Western Boces School Center
358035, Western New York Children's Psychiatric Center
359811, Westhampton Care Center
358179, Westside Pulmonary
359579, White Plains Hospital Center
359529, William F Ryan Community Health Center (Upper West Side)
359599, William George Agency for Children's Services
350110, Wilson Medical Center (United Health System)
350080, Women's Community Residence Program at Park Ridge Chemical Dependency Inc
359704, Wyandanch-Wheatley Heights Ambulance Corp
350412, Wyckoff Heights Medical Center
350299, Zucker Hillside Hospital-Northwell Health
358024, Zucker School of Medicine at Hofstra/Northwell
