AMC_No,AMC_Name
330020 , Advanced Dermatology
339596 , Advanced Laser & Skin Cancer Center
339636 , Advanced Medical Care of Hudson County LLC
339529 , Advanced Spine Surgery Center
338025 , Affiliated Dermatologists and Dermatologic Surgeons
339634 , Alliance Dermatology Associates
339589 , Allied Physicians of South Jersey LLC
339581 , Ancora Psychiatric Hospital
338038 , Ann Klein Forensic Center
339639 , Arthritis Center of New Jersey
339507 , Assoc Ear Nose Throat & Facial Plastic Surgery Physicians
339664 , Associated Dermatology
339520 , Athena Women's Medical Group-Turnersville
339659 , Atlantic Dermatology Associates
338020 , Atlantic Health System
338019 , Atlantic Health System
330032 , Atlantic Hematology and Oncology
339633 , Atlantic Hematology Oncology
339620 , Atlantic Surgical Group PA
330168 , AtlantiCare Regional Medical Center
339526 , Barnabas Health Ambulatory Care Center
339031 , BASF Corporation (Occupational Medicine)
339647 , Bergen County Medical Examiners
339608 , Berlet Plastic Surgery
339628 , Brielle Orthopedics
330119 , CAMcare Gateway Health Center
339551 , Cancer Surgery Associates
339023 , Capital Academy Residential Treatment Center
339540 , Capital Health Medical Center-Hopewell
330150 , Capital Health Regional Medical Center
330228 , Capital Health System-Mercer Campus
339619 , Cardiology Associates of Ocean County
339545 , CareOne
339548 , CarePoint Health Bayonne Medical Center
339547 , CarePoint Health Christ Hospital
339503 , Cedar Knolls Ambulatory Center
330088 , Center for Family Guidance PC (CFG)
338024 , CentraState Medical Center
339643 , Child Abuse Research Education Service (CARES) Institute
330716 , Children's Hospital of New Jersey (United Hosps Med Ctr)
339050 , Children's Specialized Hospital
338036 , Children's Specialized Hospital (Mountainside)
339018 , Children's Specialized Hospital (Toms River)
339029 , Clara Maass Medical Center
339683 , Coastal Gastroenterology Associates
339632 , Coastal Healthcare-Brick
339629 , Coastal Healthcare-Toms Rivers
339626 , Coastal Urology Associates
339038 , Community Medical Center
339528 , Compassionate Care Hospice
339578 , Complete Care Health Network
339521 , Cooper Hospital Surgery Center
330465 , Cooper Medical School of Rowan University/Cooper University Hospital
339645 , CPC Behavioral Healthcare Freehold Counseling Center
339587 , Cumberland Internal Medicine
339554 , Cumberland Ob/Gyn PA
339686 , David Kleinfeld MD PA-Infectious Disease Office
339021 , DaVita Dialysis Center
330513 , Deborah Heart and Lung Center
339637 , Deepak Amin MD LLC
339571 , Delaware Valley Institute of Fertility & Genetics
339635 , Delaware Valley Pediatric Associates
339562 , Delaware Valley Urology
330070 , DePersia Chernoff & Ocasio PC
339663 , Dermatology Clinic NJ
339660 , Dermatology Institute & Laser Center
339617 , DiChiara & Lozowski Family Medicine PA
339624 , Ear Nose and Throat and Facial Plastic Surgery Associates
330259 , Englewood Hospital and Medical Center
339673 , Environmental and Occupational Health Sciences Institute
339508 , Evergreens Continuing Care Retirement Community
339556 , Eye Center Ophthalmic Associates PA
339034 , Family Services of Burlington County
339048 , Fort Dix Community Based Outpatient Clinic
330108 , Francis E Parker Memorial Home
339654 , Franklin Surgical Center
330057 , Friedberg Eye Associates PA
339553 , Garden State Surgical Center
330031 , Genesis Healthcare Inc
339519 , Gotham City Orthopedics-Jersey City Office
338016 , Greater Trenton Community Mental Health Center
339509 , Greystone Park Psychiatric Hospital
330121 , Guidance Center
339681 , Hackensack Meridian Group Primary Care PA (Toms River-Hooper)
339680 , Hackensack Meridian Health Primary Care PA (Point Pleasant)
330021 , Hackensack Meridian Health Village at Jackson
330022 , Hackensack Meridian Medical Group Primary Care-Forked River
330003 , Hackensack Meridian Medical Group-Rheumatology
330074 , Hackensack Meridian Prospect Heights Care Center
339642 , Hackensack Surgery Center LLC
330219 , Hackensack University Medical Center
339024 , Hampton Behavioral Health Center
339614 , Hasbrouck Heights Surgery Center
338026 , HCR ManorCare/Heartland Hospice Care
330029 , Healthy Woman Ob/Gyn-Freehold
330030 , Healthy Woman Ob/Gyn-Jackson
339512 , Heymann Manders & Green LLC
337039 , HMH-Carrier Clinic
338017 , HMH-JFK Johnson Rehabilitation Institute
330217 , HMH-Mountainside Medical Center
339538 , HMH-Palisades Medical Center
339022 , HMH-Palisades Medical Center
339515 , HMH-Pascack Valley Medical Center
330144 , HMH-Raritan Bay Medical Center-Perth Amboy
330226 , Hoboken University Medical Center
339555 , Holly City Pediatrics PA
330358 , Holy Name Hospital
339561 , Holy Name Medical Center
339513 , Horizon Health Center
330128 , Hospital Center at Orange
339560 , Hudson Crossing Surgery Center
330444 , Hunterdon Medical Center
339641 , Hygeia Gynecology LLC
337079 , Inspira Health Network
330090 , Inspira Health Urgent Care-Glassboro
330091 , Inspira Health Urgent Care-Tomlin Station
330092 , Inspira Health Urgent Care-Woolwich Township
339567 , Inspira Life Health Center
330086 , Inspira Medical Center Bridgeton
339524 , Inspira Medical Center Vineland
330101 , Inspira Medical Center Woodbury
330061 , Inspira Medical Center-Elmer
330054 , Inspira Medical Center-Mullica Hill
339573 , Inspira Medical Group Millville
330019 , Inspira Medical Group Obstetrics & Gynecology
330012 , Inspira Urgent Care Vineland
339531 , Integrity House
339592 , Internal Medicine Associates PA
339045 , Irvington Department of Health
339594 , Jack Shields MD-Internal Medicine Office
339003 , Jefferson Cherry Hill Hospital
330123 , Jefferson Health New Jersey
330018 , Jefferson Health Primary and Specialty Care-Endocrinology
339668 , Jefferson Health Surgical Center
339671 , Jefferson Health-Pulmonary
339669 , Jefferson Health-Voorhees Infectious Disease
339015 , Jefferson Stratford Hospital
338035 , Jefferson Washington Township Hospital
330189 , Jersey City Medical Center
339615 , Jersey Coast Family Medicine
339621 , Jersey Shore Geriatrics
330220 , Jersey Shore University Medical Center
339049 , Jewish Renaissance Medical Center
330714 , JFK University Medical Center
330053 , JSAS HealthCare Inc
339638 , Kamalesh Shah MD LLC
330726 , Kessler Institute for Rehabilitation
339569 , Kinnelon Dermatology Associates
330011 , Life at Lourdes
330009 , Lions Gate
330120 , Majestic Center for Rehabilitation & Sub-Acute Care
330010 , Marlton Primary & Specialty Care
330073 , Maywood Center for Health and Rehabilitation
338032 , Meadowlands Hospital Medical Center
339586 , Medical Alliance of Southern New Jersey
339649 , Meridian Integrative Medicine and Health
338029 , Meridian Nursing & Rehabilitation
339627 , Meridian Ob/Gyn
339534 , Metropolitan Family Health Network
339590 , Millville Medical Center
339599 , Monmouth Cardiology Associates LLC
330335 , Monmouth Medical Center
339611 , Monmouth Ocean Neurology-Brick
339644 , Monmouth Ocean Neurology-Neptune
330037 , Monmouth Sleep and Pulmonary Associates LLC
339622 , Morgan Dermatology
330236 , Morristown Medical Center
330137 , Muhlenberg Regional Medical Center
330109 , New Bridge Medical Center
339511 , New Community Extended Care Center
339525 , New Jersey Poison Information and Education System
330125 , New Jersey Reentry Corporation-Monmouth County
330126 , New Jersey Reentry Corporation-Toms River
339667 , New Jersey State Board of Medical Examiners
330424 , Newark Beth Israel Medical Center
339044 , Newark Department of Child & Family Well Being
330421 , Newark Eye and Ear Infirmary (United Hospitals Med Ctr)
338023 , Newark Regional Medical Examiner Office
339536 , Oaks Integrated Care (Twin Oaks)
330087 , Ocean County Prosecutors Office
339610 , Ocean Mental Health Services
339546 , Ocean University Medical Center
330127 , Orthopedic Center (United Hospitals Medical Center)
330001 , Oscar R Ortiz MD-Endocrinology Office
339616 , Our Family Practice LLC
330240 , Overlook Hospital
339047 , Pain Care PC
339630 , Pediatrics Medical Group
339564 , PediPlace Pediatrics
330452 , Penn Medicine Princeton Medical Center
339549 , Plastic Surgery Center Internationale
339612 , Preferred Behavioral Health
339557 , Premier Orthopaedics Associates
339678 , Prime Health Care Consortium at St Mary's and St Clare Denville Hospital
339606 , Princeton Plastic Surgeons
338033 , Quest Diagnostics Inc (Lyndhurst)
339041 , Raritan Valley Surgical Center
339655 , Regional Otolaryngology Head and Neck Associates LLC (Advanced ENT)
339604 , Reproductive Medicine Associates
330027 , Reproductive Medicine Associates-Basking Ridge
339648 , Riverside Medical Group
339651 , Riverside Medical Group-North Bergen
339652 , Riverside Medical Group-Rutherford
339666 , Riverview Gastroenterology
339568 , Robert Patitucci MD-Family Medicine Office
330141 , Robert Wood Johnson University Hospital
339016 , Robert Wood Johnson University Hospital (Hamilton)
330356 , Robert Wood Johnson University Hospital Somerset
339017 , Roosevelt Care Center
330089 , Rothman Orthopaedics
330067 , Rowan Integrated Special Needs Center at Bankbridge
330068 , Rowan Medicine at Stratford/New Jersey Institute for Successful Aging
330062 , Rowan Medicine SOM Sewell Campus
338039 , Rowan University
339583 , Rowan University School of Osteopathic Medicine-Ambulatory Clinics
330116 , RowanSOM Neuromusculoskeletal Institute-Stratford
339004 , RowanSOM/Jefferson Health/Virtua Our Lady of Lourdes Hospital
330050 , Rutgers Cancer Institute of New Jersey
339672 , Rutgers Health
339502 , Rutgers New Jersey Medical School
339514 , Rutgers New Jersey Medical School Department of Preventive Medicine
330522 , Rutgers Robert Wood Johnson Medical School
339517 , Rutgers School of Health Related Professions
339043 , Rutgers School of Public Health (Newark Campus)
330717 , Rutgers University Behavioral Healthcare
338015 , Rutgers University Behavioral HealthCare
339025 , Rutgers University Health System
339527 , Samaritan Healthcare & Hospice
330124 , Seton Hall University School of Law-Forensic Department
339501 , Seton Hall University-Hackensack Meridian School of Medicine
339623 , Shore Eye Associates
339682 , Shore Heart Group PA
339631 , Shore Nephrology PA
339674 , Shore Pulmonary Associates LLC
330002 , Shore Pulmonary PA
339552 , Simeon A Lauer MD-Ophthalmology Office
339040 , SJH Regional Medical Center
338037 , Skin Laser and Surgery Specialists of New York/New Jersey
339570 , South Jersey Fertility Center
339026 , South Jersey Health Care Center
339591 , South Main Medical Associates
339679 , Southern Ocean Medical Group PC
330416 , St Barnabas Medical Center
330007 , St Clare's Behavioral Health
330005 , St Clare's Health
330415 , St Francis Medical Center
330319 , St Joseph's University Medical Center
339506 , St Joseph's Wayne Hospital
339533 , St Luke's Warren Hospital
330004 , St Mary's General Hospital
330418 , St Michael's Medical Center
330107 , St Peter's University Hospital
330520 , State of New Jersey Department of Health and Senior Services
339037 , Steininger Behavioral Care Services
339532 , Summit Medical Group
339609 , Surgicare of Englewood Cliffs
339661 , The Dermatology Group
339518 , The Spine and Sports Health Center
330423 , Trenton Psychiatric Hospital
330454 , Trinitas Hospital
330417 , Trinitas Regional Medical Center
339001 , Union Hospital
330484 , United Healthcare System/United Medical Center
339522 , University Center for Ambulatory Surgery
339030 , University Correctional Healthcare
330274 , University Hospital
339042 , University Pain Medicine Center
339510 , University Radiology Group
339613 , University Reproductive Associates
330187 , Veterans Affairs New Jersey Health Care System
330132 , Veterans New Jersey Health Care System (Lyons)
339588 , Vineland Medical Associates
338021 , Virtua
339530 , Virtua Health EMS
339523 , Virtua Health System-Marlton
330071 , Virtua Medical Group
330171 , Virtua Memorial Hospital
330166 , Virtua Our Lady of Lourdes Hospital
338018 , Virtua Voorhees Hospital
339516 , Virtua Willingboro Hospital
338030 , Voorhees Pediatric Facility
330138 , Warren Hospital
330719 , West Jersey Health System (Camden)
339027 , Wiley Christian Center
339670 , Women's Pelvic Surgery of North Jersey LLC330042 - Woodbury Dermatology
