AMC_No,AMC_Name
368079, 3 C-Family Services PA
369627, Access Medicine
369678, Acme Medical Specialties PLLC
369635, Advanced Dermatology and Skin Surgery
368054, Aesthetic Solutions
369624, Allergy Center
369605, Allergy Partners of Western North Carolina
368026, Alliance Urology Specialists PA
360012, Ambulatory Surgery Center LP
369716, American Access of Care NC PLLC (Triangle Interventional Services)
369584, Angel Medical Center
369588, Anti-Fragile Physical Therapy
369599, AOP Prosthetics
369554, Appalachian Foot and Ankle Associates
369641, Appalachian Orthopedics
360060, Appalachian Regional Behavioral Health
360188, Appalachian Regional Behavioral Health Hospital
360059, Appalachian Regional Orthopaedic & Sports Medicine Center
360140, AppFamily Medicine
360058, AppGastro (Appalachian Gastroenterology)
369609, Asheville Arthritis & Osteoporosis Center
369603, Asheville Buncombe Community Christian Ministry
360093, Asheville Cardiology
369610, Asheville Eye Associates
368045, Asheville Head Neck and Ear Surgeons
369629, Asheville Hematology & Oncology Associates PA
369552, Asheville Orthopaedic Associates PA
369550, Asheville Physical Therapy
360118, Asheville Pulmonary and Critical Care Associates PA
369555, Asheville Radiology
368035, Asheville Specialty Hospital (St Joseph Campus)
369704, Associated Urologists of North Carolina PA-Cary
360110, Atlantic Dermatology-Clinton/Vance
360147, Atlantic Dermatology-Whiteville
360043, Atlantic Dermatology-Wilmington
368016, Atrium Health Cabarrus
368066, Atrium Health Mercy
369570, Atrium Health Pineville
368019, Atrium Health Union
369675, Atrium Health University City
360480, Atrium Health Wake Forest Baptist
369660, Aurora Diagnostics
369517, Avantus Renal Therapy Carolina Dialysis (Carrboro)
360018, Back in Action Physical Therapy
369612, Behavioral Health Group
369650, Bermuda Village Retirement Community
369615, Biltmore Dermatology Associates
360091, Blue Ridge Bone & Joint
368047, Blue Ridge Bone and Joint Clinic
369534, Blue Ridge Community Health Services
360046, Blue Ridge Ear Nose and Throat Inc
360048, Blue Ridge Pediatric & Adolescent Medicine Inc
369583, Blue Ridge Regional Hospital
369524, Boyette Orthopaedics and Sports Medicine PA
369501, Brody School of Medicine at East Carolina University
369649, Brookridge Retirement Community
369618, Brosnan Eye Associates
369532, Buncombe County Department of Health
368050, Cabarrus Health Alliance (Kannapolis)
369712, Campbell Ear Nose and Throat
369565, Campbell University
369705, Campbell University Health Center
369519, Campus Health Services
369633, Cancer Care of WNC
369694, Cape Fear Cardiology Associates PA
369688, Cape Fear Center for Digestive Diseases
369683, Cape Fear Valley Cancer Center
360731, Cape Fear Valley Medical Center
369703, Cape Fear Valley Ophthalmology
360077, Cape Fear Valley Senior Health Services
360064, Cardiology Center
369575, Care Plastic Surgery
368036, CarePartners
369668, Carolina Conceptions
368089, Carolina Hand and Sports Medicine
360070, Carolina Heart and Leg Center
369682, Carolina Infectious Disease Consultants
369681, Carolina Kidney Care
369602, Carolina Mountain Dermatology PA
369684, Carolina Rheumatology
369556, Carolina Spine and Neurosurgery Center
368076, Carolina Sports Medicine and Family Practice
360025, Carolina Vascular
369559, Carolina Vascular Access Holdings LLC
360190, Carolinas Center for Surgery-Jacksonville
369721, Carolinas Healthcare NorthEast Dermatology
360291, Carolinas Medical Center
368029, Carolinas Pain Institute
368012, Carolinas Rehabilitation
360015, Cary Cardiology
368080, Center for Child and Family Health
368023, Center for Scoliosis and Spinal Surgery
369566, Central Prison Healthcare Complex
368056, Central Regional Hospital
360507, Central Regional Hospital
360740, Charles George VA Medical Center (Asheville)
360191, Charles Luke Milam Clinic-MARSOC Human Performance Center
368086, Charlotte Surgery Center
369601, Cherokee Indian Hospital
368001, Cherry Hospital
369715, Children's Health of Carolina
368074, Chowan Hospital
369661, Coastal Carolina Pathology
360160, CommuniCare
360047, Community Care Clinic
369623, Community Family Practice
360486, Cone Health
369723, Crane Dermatology-Clinton
369722, Crane Dermatology-Wilmington
369508, Croasdaile Village Retirement Community
360189, Crossnore Communities for Children
360136, Cypress Glen
360056, Davant Medical Clinic
369582, Davie Medical Center
369576, Davis & Pyle Plastic Surgery Office
368037, Deerfield Episcopal Retirement Community Inc
360020, Del Bianco Prosthetics and Orthoptics
369613, DePaolo Orthopedics of WNC
369656, DermOne
369657, DermOne-Rock Spring Rd-Wilmington
369611, Digestive Health Partners PA
368062, Dobbs Youth Development Center
360377, Dorothea Dix Hospital
368052, Duke HomeCare & Hospice
368071, Duke Raleigh Hospital
360440, Duke Regional Hospital
360222, Duke University Hospital
369686, Dunn Erwin Medical Services
369676, Dunn Medical Services
368025, Durham County Health Department
368082, Durham Public Schools
369503, East Carolina Heart Institute (East Carolina University)
369522, East Carolina Rehab and Wellness
369594, East Carolina University Family Autism Center
369595, East Carolina University Family Therapy Clinic
369510, Easter Seals UCP North Carolina & Easter Seals UCP Virginia
368022, Eastern Carolina Foot and Ankle Specialists
369590, Eastern Nephrology Associates
369525, Eastern Radiologist Inc
360738, ECU Health Medical Center
360017, Emerge Ortho
369685, Fayetteville Endocrinology
369689, Fayetteville Heart Center PC
360006, Fayetteville Vascular and Vein PA
368018, Federal Correctional Complex-Butner
369693, Ferncreek Cardiology PA
360021, Flexogenix
369551, Foot Rx Running
360103, Forest Dermatology
368049, Four Seasons Hospice & Palliative Care
369651, Fresenius Vascular Care of Greenville
368057, Givens Estates Inc
360121, Goshen Medical Center-Beulaville
368085, Granville Medical Center
368068, Greene County Health Care Inc
369644, Greene County Health Department
368031, Greenville Clinic
369509, Guilford County Health Department
369598, Hanger Clinic
360061, Harmony Center for Women
369571, Harnett Health
369581, Haywood Regional Medical Center
360131, Healing Together Counseling
369533, Henderson County Department of Health
360116, Hendersonville Hematology and Oncology at Pardee
368055, Heritage Hospital
369630, Hookerton Family Practice
368059, Hope Women's Cancer Center
368075, Hospice & Palliative Carecenter
369654, Hospice of Davidson County
360259, Hospice of the Piedmont
360159, Hospice of the Piedmont
360150, Hospice of Union County
369606, Hot Springs Health Program
369505, Hunstad Center for Cosmetic Plastic Surgery
369695, ID Care PA
360013, Insight Human Services
360092, Insight Integrative Medicine
369546, James E Davis Ambulatory Surgery Center
369637, John Godehn Jr MD-Dermatology Office
369701, Julian F Keith Alcohol and Drug Abuse Treatment Center
369507, Kindred Transitional Care and Rehabilitation-Rose Manor
369666, LabCorp Clinical Cytogenetics Laboratory
369691, LaFayette Clinic PA
360054, Lees-McRae College-Student Health Department
369631, Lenoir Family Medicine
368070, Lexington Medical Center
369674, Lillington Medical Services
368067, Lincoln Community Health Center
369638, Looking Glass Eye Center PA
360062, Lung Center
369521, MacGregor Downs Health and Rehabilitation Center
360063, Maggie Sparks Dermatology
360119, MAHEC Center for Psychiatry and Mental Wellness
369531, MAHEC Family Health Center
360112, MAHEC Internal Medicine
369655, MAHEC Ob/Gyn Specialists
368015, Margaret R Pardee Memorial Hospital
368084, Maria Parham Medical Center
369548, Mars Hill College
368014, Martin General Hospital
369574, Matthews Surgery Center LLC
360071, Med One Endocrinology
369529, MemoryCare
369700, Meridian Behavioral Health Services
360096, Mission Fullerton Genetics Center
360095, Mission Hospital McDowell
360114, Mission Hospital-Memorial Campus
360113, Mission Infectious Disease Associates
360151, Monroe Rehabilitation Center
369706, Mount Jefferson Family Medicine
360732, Mountain Area Health Education Center
360132, Mountain Child Advocacy Center
369608, Mountain Kidney and Hypertension Associates PA
369639, Mountain Podiatry
369653, Mountain Valley Hospice and Palliative Care
360509, Naval Medical Center (Camp LeJeune)
369680, Neurology Center of Lumberton
369607, North Buncombe Family Medicine PA
369528, North Carolina Central University-Athletic Department
360200, North Carolina Eye and Ear Hospital
369558, Novant Health
360011, Novant Health Forsyth Medical Center
360242, Novant Health Forsyth Medical Center
369563, Novant Health Huntersville Medical Center
360288, Novant Health New Hanover Regional Medical Center
369564, Novant Health Presbyterian Medical Center
360514, Office of the Chief Medical Examiner
360097, Olson Huff Center
369542, Orange County Emergency Services
368069, OrthoCarolina
360019, Orthopedic Specialists of North Carolina
368030, Orthopedics East and Sports Medicine Center
369597, Orthotics & Prosthetics East
368061, Pamlico Psychiatric Services-Beaufort County Hospital
369640, Park Hill Medicine PA
368041, Park Ridge Hospital
369642, Pavillon
368073, Physicians East
369520, Piedmont Health Services (Carrboro)
369652, Piedmont Reproductive Endocrinology Group (PREG)
369577, Pinehurst Surgical Clinic
369585, Pisgah Institute
368064, Pitt County Department of Social Services
360741, Pitt County Mental Health Center
369614, Planned Parenthood
360149, Planned Parenthood South Atlantic
368027, Port Human Services
369687, Prana Health-Fayetteville
368087, Presbyterian Hospital
369718, Purcell Clinic
369625, Quadrangle Endoscopy Center
369636, Rainbow Pediatrics PA
369545, Raleigh Dermatology Associates
369518, Raleigh Orthopaedic Clinic
360120, RCCHC Ahoskie Comprehensive Care
368048, Regional Surgical Specialists
360098, Reuter Mission Children's Hospital Outreach
369530, Rex UNC Health Care
369586, RHA Health Services LLC
360117, Rheumatology at Pardee
368013, Roanoke-Chowan Hospital
360028, Robeson County Health Department
369710, Robeson Family Practice Associates
369587, Runner's Mechanic
369572, SafeChild Advocacy Center
369643, Safelight Hope and Healing for Families
360152, Sampson Radiation Oncology
368017, Sampson Regional Medical Center
369567, Sardis Oaks Nursing Home
368033, Scotland Memorial Hospital
369621, Service League of Greenville-Hospice House
369568, Sharon Towers
368044, Sisters of Mercy Urgent Care (West Asheville)
368021, Skin Surgery Center (Winston-Salem)
369713, Southeastern Dermatology
369714, Southeastern Eye Care
360041, Southeastern Medical Clinic North Lumberton
360042, Southeastern Surgical Center
368020, Southern Regional Area Health Education Center
360134, TEACCH (Asheville)
368034, TEACCH (Greenville)
368065, Tedi Bear Children's Advocacy Center
369579, Teen Health Connection
369553, Thomasville Medical Center
369560, Transitions LifeCare
369634, Transylvania Regional Hospital
369707, Triangle Forensic Neuropsychiatry
369604, Trillium Family Medicine PLLC
369569, UNC Health Blue Ridge
368072, UNC Health Southeastern
360162, UNC Hospitals
360067, UNC Hospitals Hillsborough Campus
369523, Universal Health Care (Greenville)
360478, University of North Carolina Hospitals
360511, University of North Carolina School of Medicine
369502, University of North Carolina School of Public Health
368090, University of North Carolina-Asheville
369562, University Surgery Center LLC (Mallard Creek Surgery Center)
369547, VA Outpatient Healthcare Center
360016, Valley Radiology
360473, Veterans Affairs Medical Center (Durham)
369616, Victoria Urological Associates PA
369589, Vidant Beaufort Hospital
369593, Vidant Duplin Hospital
369592, Vidant Edgecombe Hospital
369619, Vidant Home Health
369620, Vidant Hospice
360125, Vidant Orthopedics Kenansville
360122, Vidant Pediatrics-Kenansville
369628, Vidant Rheumatology
360123, Vidant Women's Care Ahoskie
360124, Vidant Women's Care Kenansville
369708, Vidant Wound Clinic
369543, Wake County Emergency Medical Services
369544, Wake County Human Services
368078, Wake Teen Medical Services
360498, WakeMed Health and Hospitals
360066, WakeMed North Hospital
360076, WakeMed Physician Practices-WakeMed Brier Creek Healthplex
360742, Walter B Jones Alcohol Rehabilitation Center
369549, Warren Wilson College
360045, Watauga Medical Center
360057, Watauga Surgical Group
360736, Wayne Memorial Hospital
368060, Western Carolina Women's Specialty Center
360049, Western Caroline Eye Associates
369535, Western North Carolina Community Health Services
368028, WG (Bill) Hefner VA Medical Center
360053, Wilkes Medical Center
360153, Wilmington Eye
369659, Wilmington Health Dermatology
360101, Womack Army Medical Center
369677, Womens Life Center
369578, Youngs Physical Therapy and Sports Rehab
