AMC_No,AMC_Name
370403 , Altru Health System Hospital
378033 , CHI St Alexius Health-Williston Medical Center
370390 , Dakota Heartland Health System
378024 , Essentia Health
378014 , Essentia Health
378021 , Family HealthCare Center
378016 , First District Health Unit
378029 , First Step Recovery
378017 , Garrison Family Clinic
370159 , Medcenter One Hospital
378028 , Mercy Medical Center
378031 , North Dakota State Hospital
378013 , Pinnacle Family Medicine Foundation
378015 , Prairie St John's (Fargo)
378025 , Quentin N Burdick Memorial Health Care Facility
378032 , Sanford Health-Bismarck
370396 , Sanford Medical Center Fargo
378011 , Southeast Human Service Center
370108 , St Alexius Medical Center
378020 , Tioga Medical Center
370409 , Trinity Health
378026 , UND Center for Family Medicine
370408 , UniMed Medical Center
378022 , University of North Dakota John D Odegard School of Aerospace Science
370400 , University of North Dakota School of Medicine and Health Sciences
370395 , Veterans Affairs Medical and Regional Office Center (Fargo)
378027 , West River Health Regional Medical Center
