AMC_No,AMC_Name
389527 , 88th Medical Group
389678 , Abdus Mailk MD-Nephrology Office
389619 , Adena Regional Medical Center
389613 , Adolescent Substance Abuse Programs
380044 , Advanced Health Partners LLC
389549 , Advanced Specialty Hospitals of Toledo
389591 , Ahuja Medical Center
389936 , Akron Children's Hospital Beeghly Campus
389788 , Akron Dermatology
389713 , Allergy/Immunology Associates Inc
389505 , Alois Alzheimer Center
389845 , American Dermatopathology Laboratory
388064 , American Red Cross
388063 , American Red Cross-Central Ohio Region
380021 , Amethyst Inc
389947 , Antoine Chahine MD-Hematology/Oncology Office
389714 , Apex Dermatology and Skin Surgery Center LLC
380059 , Apex Dermatology Hudson
389793 , Appalachian Behavioral Healthcare Hospital
388085 , Applewood Centers Inc
389725 , Arbor View Family Medicine Inc
388020 , Arthur G James Cancer Hospital and Research Institute
389680 , Assem Houssein MD-Endocrinology Office
389867 , Athens Surgery Center
389607 , Atrium Medical Center
380148 , Aultman Hospital/NEOMED
389805 , Avita Health System
389093 , Barberton City Schools
389682 , Barrett & Geiss Dermatology Inc
380192 , Barrington of West Chester
389657 , Bath Creek Estates Health & Rehabilitation Center
389030 , Bath Manor Care Center
389516 , Beacon Orthopaedic Research & Education Foundation Inc
389518 , Beacon Orthopaedics & Sports Medicine-Beacon West
389517 , Beacon Orthopaedics & Sports Medicine-Summit Woods
389810 , Beavercreek Dermatology
388088 , Bellefaire Jewish Children's Bureau
389065 , Berea Children's Home & Family Services
389869 , Berger Hospital
380080 , Berger Medical Center Endocrinology
389508 , Bernstein Allergy Group Inc
389526 , Bethany Village
388096 , Blanchard Valley Hospital
389868 , Brian Mihok DO Inc-Ophthalmology Office
389647 , Buckeye Dermatology
389683 , Buckeye Spine and Rehabilitation
380190 , Butler County General Health District
388059 , Canton Medical Education Foundation
389655 , Capital Care Network-Toledo
389073 , Cardinal Orthopedics Adult Sports Medicine & Orthopedics
389707 , Cardiovascular Specialists
389609 , Carrington Youth Academy
389068 , Case Western Reserve University School of Medicine
380373 , Case Western Reserve University/University Hospitals Cleveland Medical Center
389031 , Catholic Charities Services Cuyahoga County
380002 , Center for Pain Medicine Western Reserve Hospital
389648 , Center for Surgical Dermatology & Dermatology Associates
389618 , Centers for Osteopathic Research and Education (CORE)
389685 , Central Ohio General Surgeons
380016 , Central Ohio Geriatrics
389686 , Central Ohio Plastic Surgery
389632 , Central Ohio Surgical Institute
380036 , Central Ohio Trauma System
389886 , Chagrin/Southeast Hazmat
389022 , Child Guidance and Family Solutions
380371 , Children's Hospital Medical Center of Akron
389794 , Chillicothe Correctional Institution
389624 , Chillicothe VA Medical Center
380492 , Christ Hospital
380302 , Cincinnati Children's Hospital Medical Center
389056 , Cincinnati Eye Institute
388058 , Cincinnati Sports Medicine and Orthopaedic Center
389521 , Citas Hospice of Cincinnati
389954 , City of Cleveland EMS
380035 , City of Columbus Division of Fire
389544 , Clark County Combined Health District
389789 , Cleveland Browns Training Facility
389542 , Cleveland Center for Eating Disorders
380124 , Cleveland Clinic Akron General
389594 , Cleveland Clinic Children's Hospital for Rehabilitation
380393 , Cleveland Clinic Foundation
389891 , Cleveland Clinic Rehabilitation Hospital
389592 , Cleveland Clinic-Medina Hospital
389611 , Cleveland Cord Blood Center
389087 , Cleveland Department of Public Health
389880 , Cleveland Heights Fire Department
389558 , Cleveland Metropolitan School District
388057 , Cleveland Psychoanalytic Institute
389060 , Cleveland Skin Pathology Laboratories Inc
380007 , Cleveland Treatment Center
388067 , Clinton Memorial Hospital
389709 , Coleman Professional Services
389727 , Colonnade Medical Group
380066 , Columbus Arthritis Center
389559 , Columbus Division of Fire
389560 , Columbus MedFlight
389523 , Columbus Public Health
380057 , Columbus Springs Dublin
380001 , Community Health Center
389926 , CompDrug
380055 , CompuNet Clinical Laboratory
389580 , Connections Ohio
389827 , Crossroad Health Center
389075 , Crossroads Center Inc
389063 , Crystal Clinic
389067 , Crystal Clinic Orthopaedic Center
389053 , Cuyahoga County Board of Health
389070 , Cuyahoga County Corrections Center
388090 , Cuyahoga County Juvenile Court
380198 , Cuyahoga County Medical Examiner's Office
389090 , Cuyahoga Falls City District School District
389593 , CWRU University Health Services-Student Health Clinic
389620 , Darby Glenn Nursing and Rehabilitation Center
389933 , David Regule MD-Rheumatology Office
389860 , Dayton Arthritis and Allergy Center
389792 , Dayton Center for Neurological Disorders
380536 , Dayton Children's Hospital
389874 , Dayton Eye Care Inc
389601 , Dayton Physicians Network-Hematology/Medical Oncology
389020 , Dayton Skin Surgery Center
389872 , Dayton Vitreo-Retinal Associates Inc
389817 , Delaware Court Healthcare Center
389520 , Denison University Health Clinic Service
389790 , Dermatologic Surgery Center of Northeast Ohio Inc
389525 , Dermatology and Laser Surgery Center
380041 , Dermatology Skincare & Associates
389643 , Diangostic Labs of Central States
388070 , Doctors Hospital OhioHealth
389026 , Doctors Hospital/OhioHealth
380368 , Drake Center Inc
389710 , Dublin Methodist Hospital
389625 , East Liverpool City Hospital
389826 , East Ohio Regional Hospital
380128 , Eastgatespring of Cincinnati
389096 , Eastside Surgery Center
389092 , Education Alternatives
389522 , Eliza Bryant Village
389550 , Encompass Health Rehabilitation Hospital of Cincinnati
389804 , Endocrinology Specialists
389045 , Episcopal Retirement Homes
389530 , Euclid Hospital
389543 , Eye Center
389724 , Fairfield Community Health Center
380019 , Fairfield County Family Adult and Children First Council
389585 , Fairfield Medical Center
380268 , Fairview Health System (Lutheran Medical Center)
380209 , Fairview Hospital
389081 , Falls Village Retirement Community
389945 , Family Planning Association of Northeast Ohio
389626 , Firelands Regional Medical Center
389600 , First Dayton Center Care-Radiation Oncology
389076 , First Step Home
389885 , FirstEnergy Stadium
389673 , Fisher-Titus Medical Center
389960 , Five Rivers Health Centers
389099 , Flight Medicine Clinic
380362 , Flower Hospital
389676 , Forensic Psychiatry of Ohio Inc
388017 , Franklin County Coroner's Office
380026 , Franklin Township (Ohio) Fire Department
389890 , Fresenius Kidney Care
388086 , Frontline Service-Mental Health Services
380061 , Fulton County Health Center
389950 , Gastroenterology Clinic and Endoscopy Center
389818 , Genesis Hospital
389524 , Grandview Medical Center
380317 , Grant Medical Center (OhioHealth)
389513 , Greater Cincinnati Behavioral Health
389091 , Green Local School District
389098 , Greene County Combined Health District
380753 , Greene Memorial Hospital
380541 , Hamilton County Coroner's Office
389024 , Hanna Perkins Center
389037 , Hattie Larlham Center for Children With Disabilities
389079 , Heartland Holly Glen
389842 , Heartland of Centerville
389941 , Heartland of Marietta
389888 , Heights Area Special Rescue Team
389049 , Heritagespring of West Chester
380483 , Hillcrest Hospital
389932 , Holly Maggiano MD-Neurology Office
389630 , Holzer Medical Center
389834 , Hopewell Health Center
389046 , Hospice of Cincinnati
389036 , Hospice of Dayton
389059 , Hospice of Northwest Ohio
380108 , Hospice of the Valley-Hospice House
389035 , Hospice of the Western Reserve
389962 , Howland Surgery Center
380763 , Hoxworth Blood Center
380170 , Huron Hospital
389812 , Indu and Raj Soin Medical Center
389791 , Infectious Disease Consultants
389028 , Inner City Nursing Home Inc
380045 , Integrative Wellness
389675 , Intergenerational School
389861 , Internal Medicine Care Inc
389654 , IVF-Michigan
389873 , Iworks Laser & Vision Center
380027 , Jackson Township (Ohio) Fire Department
389935 , James Armile DO-Dermatology Office
380028 , Jefferson Township (Ohio) Fire Department
380114 , Jennings Center
389503 , Jeremy Mathis DO-Adult Sport Med and Orthopedics Office
380428 , Jewish Hospital of Cincinnati
389939 , Joseph Cerimele DO-Sports Medicine Office
380043 , Katrina C Rakowsky DO-Neuromuscular Center
389615 , Kettering Health Network
380515 , Kettering Medical Center
389841 , Kettering Physician Network
380038 , Kingston Care Center
389829 , Kingston Care Center of Sylvania
389956 , Knightsbridge Surgery Center
389078 , Lake Park Skilled and Long Term Care
389064 , Lakewood Hospital
389563 , Laurels of Norworth Skilled Nursing and Rehabilitation
389811 , Lindner Center for Hope
389803 , Lloyd Dermatology and Laser Center
389658 , Lonestar Orthopaedics
389830 , Lorain County General Health District
389878 , Louis Stokes Cleveland VA Medical Center
380390 , Louis Stokes Cleveland VA Medical Center
389819 , Lower Lights Christian Health Center
389085 , Lucas County Coroners Office
380165 , Lucas County Emergency Medical Services
389021 , Lutheran Hospital
389906 , Lutheran Village at Wolf Creek
389051 , Lutheran Village of Columbus
389047 , Maple Knoll Village
389653 , Marietta Memorial Hospital
389919 , Mark H Zangmeister Cancer Center
389843 , Marshall Wareham MD-Allied Eye Physicians-Surgeons
388069 , Mary Rutan Hospital
380020 , Maryhaven
380425 , Marymount Hospital
389519 , MAX Sports Medicine
380137 , Mayfair Village Nursing Care Center
388071 , McConnell Heart Health Center
389659 , McGregor PACE
380370 , McLaren St Luke's
380071 , MedOne Hospital Physicians
389545 , MedWork Occupational Health Care
389846 , Mehan Eye
389623 , Memorial Health System
388076 , Mercy Franciscan Hospital-Western Hills
388100 , Mercy Health-Anderson Hospital
380051 , Mercy Health-Springfield Regional Medical Center
389824 , Mercy Health-St Rita's Medical Center
388097 , Mercy Health-St Vincent Medical Center
388075 , Mercy Health-West Hospital
380210 , Mercy Hospital of Toledo
380426 , Mercy Medical Center (Canton)
389641 , Mercy St Anne Hospital
380221 , Mercy St Charles Hospital
380180 , Mercy St Vincent Medical Center
380194 , Meridian HealthCare-Meridian Road Campus
389571 , Miami University Training Room
380431 , Miami Valley Hospital
389536 , Michael A Nagel MD-Neuro Peds Ambulatory Clinic
389948 , Michael DeRosa DO-Endocrinology Office
388068 , Middletown Regional Hospital
389534 , Midwest Care Alliance
389595 , Midwest Vein and Laser
389042 , Montefiore Nursing Care
389556 , Montessori School at Holy Rosary
380761 , Mount Carmel East Hospital
380077 , Mount Carmel Grove City
380245 , Mount Carmel Health System
389928 , Mount Carmel New Albany
380321 , Mount Carmel St Ann's Hospital
380169 , Mt Sinai Medical Center
380025 , Muntean Health Care
389071 , Murtis H Taylor Multi Service Center
389547 , National Institute for Occupational Safety and Health
389610 , National Marrow Donor Program
380491 , Nationwide Children's Hospital
389583 , Neighborhood Family Practice
389820 , Netcare Access
389912 , Neurologic Specialists Inc
389050 , New Directions Inc
389701 , New Horizons Mental Health Services
389866 , North Community Counseling Center
380391 , Northcoast Behavioral Health (Cleveland)
380531 , Northcoast Behavioral Healthcare (Toledo Campus)
380755 , Northeast Ohio Medical University
388056 , Northside Medical Center
389069 , Northwest Ohio Psychiatric Hospital
380030 , Norwich Township (Ohio) Fire Department
389642 , Oakview Dermatology-Athens
380040 , Oakview Dermatology-Canal Winchester
389893 , Ob/Gyn Associates of Lancaster Inc
388060 , Office of the Montgomery County Coroner
389677 , Ohio Department of Rehabilitation and Correction
389656 , Ohio Living Rockynol
389702 , Ohio Orthopaedic Center
389551 , Ohio Orthopedic Center of Excellence
389814 , Ohio Reproductive Medicine
389864 , Ohio Specialty Surgical Suites LLC
380176 , Ohio State University College of Medicine
380123 , Ohio State University Hospital
380584 , Ohio State University Hospitals-East
380011 , Ohio Surgery Center LLC
389953 , OhioHealth
389904 , OhioHealth Heart and Vascular-Circleville
389903 , OhioHealth Heart and Vascular-Westerville
389604 , OhioHealth Kobacker House
389925 , OhioHealth Mansfield Hospital
389629 , OhioHealth O'Bleness Hospital
380084 , OhioHealth Physician Group-Pain Management
389859 , OPG Heritage College Obstetrics & Gynecology
389589 , Orchard Villa Skilled Nursing Home & Rehabilitation Facility
389802 , Orthopedic Associates of Southwest Ohio
389821 , Orthopedic Foot and Ankle Center
389605 , Orthopedic One
389927 , Orthopedic ONE
380111 , OSU/Harding Behavioral Healthcare and Medicine
389719 , Parma Community General Hospital Association
389881 , Parma Fire Department
389089 , Phoenix School
389883 , Physician Ambulance Services
389918 , Planned Parenthood of Greater Ohio
380064 , Planned Parenthood of Southwest Ohio
389603 , Plastic Surgery Institute of Dayton Inc
389602 , Plastic Surgery Pavilion
380031 , Pleasant Township (Ohio) Fire Department
389636 , Polaris Surgery Center
388091 , Portage Path Psychiatric Emergency Services
389025 , Positive Education Program
380033 , Prairie Township (Ohio) Fire Department
380017 , Premier Allergy
380193 , Primary Health Solutions-Hamilton
380052 , PrimaryOne Health
389581 , ProMedica Health Systems Inc
389807 , ProMedica Memorial Hospital
388094 , ProMedica Toledo Children's Hospital
380218 , ProMedica Toledo Hospital
389877 , Pulmonary Medicine of Dayton Inc
380105 , Pure Healthcare
389887 , QT Pro Medical LLC
389100 , Reach Out of Montgomery County
389072 , Regency Hospital of Toledo
389084 , Regional Center for Sleep Medicine
389828 , Rehabilitation Center of Northwest Ohio
380042 , Reproductive Gynecology & Infertility
388095 , Rescue Mental Health Services (Toledo)
389795 , Retina Physicians and Surgeons Inc
389909 , Richard Koletsky MD-Endocrinology Diabetes & Metabolism Office
380383 , Riverside Methodist Hospitals (OhioHealth)
389705 , Riverview Ear Nost Throat Center of Ohio
389548 , Ross Heart Hospital
389892 , Salem Regional Medical Center
389848 , Sanford M Wolfe DO-Rheumatology Office
380032 , Scioto Township (Ohio) Fire Department
389882 , Shaker Heights Fire Department
389088 , Shaker Heights Health Department
388084 , Shriners Hospitals For Children (Cincinnati)
389898 , Sleep and Breathing Research Institute
389712 , South Community Inc
380010 , Southeast Healthcare Services
389889 , Southeastern Ohio Regional Medical Center
389019 , Southern Ohio Medical Center
389816 , Southern Ohio Pathology Consultants Inc
389590 , Southwest General Medical Center
389809 , Southwest Ohio ENT Specialists
389514 , Southwest Urology Inc
389863 , Specialty Medicine Care LLC
389822 , Spine LLC
380060 , SpringCreek Fertility
389033 , St Elizabeth Boardman Hospital
380145 , St Elizabeth Youngstown Hospital
389502 , St John Medical Center
389003 , St Joseph Warren Hospital
380411 , St Vincent Charity Medical Center
389637 , Stein Hospice
389557 , Stella Maris
380034 , Sterling Joint Ambulance District
389884 , Stow Police Department/Metro SWAT
380215 , Summa Akron City Hospital
380184 , Summa Barberton Hospital
389963 , Summa Health Green Emergency Department
388066 , Summa Health System
389061 , Summa Orthopaedics and Sports Medicine (Akron)
389062 , Summa Orthopaedics and Sports Medicine (Green)
380167 , Summa St Thomas Hospital
389515 , Summit Behavioral Health
389094 , Summit County Children's Services
389528 , Surgical Hospital at Southwoods
389077 , Talbert House
389531 , Taylor Station Surgical Center
389922 , TCN Behavioral Health Services
389951 , The Gastroenterology Clinic & Endoscopy Center Inc
389082 , The Merriman
380173 , The MetroHealth System
389055 , The Skin Cancer Center
389506 , The Toledo Clinic
389740 , Tina Joyce DO Inc
380754 , Tod Children's Hospital
389631 , Tri-County Dermatology
389870 , Tri-County Urology
389074 , Tri-State Clinical Laboratory Services
388079 , TriHealth
380464 , TriHealth-Bethesda North Hospital
380346 , TriHealth-Good Samaritan Hospital
389711 , Trinity Health System
389786 , Trinity West
389825 , Trumbull Correctional Institution
380354 , Trumbull Regional Medical Center
388098 , Twin Valley Psychiatric System
389840 , UC Health Dermatology Mohs & Cosmetic Surgery Center (Midtown)
389541 , UC Health Holmes Hospital
389836 , UC Health Orthopaedics and Sports Medicine (White Oak)
389568 , UC Health Orthopaedics and Sports Medicine-Ross
389095 , UC Health Pain Management Center
389879 , UC Health Physicians Office South
389539 , UC Health Physicians Office-Dermatology
389565 , UC Health Physicians' Office North
389567 , UC Health Physicians' Office-Montgomery
389569 , UC Health Primary Care-Forest Park
389540 , UC Health UC Physicians-Plastic Surgery
389509 , UDC Inc/Mohs & Cosmetic Surgery Center
380068 , UH Ashtabula Health Center
389823 , UH Bedford Medical Center
380048 , UH Chagrin Highlands Health Center
389783 , UH Conneaut Medical Center
389764 , UH Euclid Health Center
388092 , UH Geauga Medical Center
389784 , UH Geneva Medical Center
389943 , UH Mentor Health Center
389907 , UH Parma Medical Center
380264 , UH Portage Medical Center
389871 , UH Rehabilitation Hospital
389057 , UH Richmond Medical Center
389780 , UH Twinsburg Health Center
380103 , UH University Suburban Health Center
380099 , UH Westlake Health Center
388072 , UHHS Laurelwood Hospital
389745 , UHMG Cupp Orthopedics
389763 , UHMP Barbara Rowane Pediatrics
389944 , UHMP Leland-Ohio
389770 , UHMP Lumapas/Roter
389773 , UHMP Moufawad-Pain Management
389774 , UHMP Retino Orthopedics
389781 , UHMP Winer/Rorick-Neurology
389782 , UHMP Witmer-Family Practice
389511 , University Hospital's Affiliated Ambulatory Sites
389832 , University Hospitals Community Consortium
389617 , University Hospitals Regional Hospitals
380533 , University Medical Center (Toledo)
380521 , University of Cincinnati College of Medicine
388074 , University of Cincinnati Division of Forensic Psychiatry
389564 , University of Cincinnati Medical Center
380405 , University of Cincinnati Medical Center Inc
389572 , University of Cincinnati Medical Center-Emergency Room
389570 , University of Cincinnati Varsity Village Training Room
389561 , University of Cincinnati West Chester Hospital
389501 , University of Toledo College of Medicine
389504 , University Pointe
388078 , Upper Valley Medical Center (Dettmer Hospital)
389546 , US HealthWorks Medical Group
389808 , Valley Medical Primary Care
380329 , Veterans Affairs Medical Center (Cincinnati)
388099 , Veterans Affairs Medical Center (Columbus)
380453 , Veterans Affairs Medical Center (Dayton)
389537 , Vision Associates
389596 , Warwar Eye Group-Ronald Warwar MD
389633 , Wayne HealthCare
389044 , Wellington Orthopaedic and Sports Medicine (Blue Ash Office)
388061 , Western Reserve Health Education Inc
389622 , Western Reserve Hospital
388093 , Westminster-Thurber Community
389850 , Westshore Primary Care Associates
389038 , Wexner Heritage Village
389606 , Whetstone Gardens and Care Center
380029 , Widows Home of Dayton
389029 , Windsong Care Center
389599 , Wolf Medical Enterprises Inc
389908 , Women's Comprehensive Health Center
389066 , Wood County Hospital
380185 , Wooster Community Hospital
389097 , Wound Healing and Hyperbaric Medicine Center
389101 , Wright State Aerospace Medicine
389034 , Wright State Dermatology (Springboro)
389538 , Wright State Physicians
389027 , Wright State Physicians Dermatology
389597 , Wright State Physicians-Ortho Surgery Sports Med & Rehab
380756 , Wright State University Boonshoft School of Medicine
380336 , Wright-Patterson Medical Center
