AMC_No,AMC_Name
399523 , 12&12 Inc
390481 , 72nd Medical Group
390008 , Advanced Orthopedics of Oklahoma
390027 , Allergy Partners of Oklahoma
399541 , Armor Correctional Health Services Oklahoma County Detention Center
399584 , Autumn Life Center
399668 , Back and Posture Clinic of Oklahoma LLC
399601 , Behavioral Pediatrics of Tulsa
390294 , Bone and Joint Hospital
399546 , Breast Surgery of Tulsa
399645 , Bryan County Health Department
399639 , Calera Manor Nursing Home
399594 , Cancer Centers of Southwest Oklahoma
398028 , Kindred Hospital Oklahoma City
399640 , Kings Daughters and Sons Nursing Home
399506 , Kuykendall Dermatology
399621 , Landrum ENT
398015 , Laureate Psychiatric Clinic and Hospital
399592 , Lawton Community Health Center
399608 , Life Pace
399542 , LifeSpring Home Care of Norman
399547 , McAlester Regional Health Center
398041 , McBride Clinic Orthopedic Hospital
398019 , McGee Eye Institute
399593 , McMahon Tomlinson Nursing Center
399623 , Medical Examiner Office
399620 , Mercy Clinic Orthopedic Surgery-Ada
390278 , Mercy Health Center
398030 , Midwest City Regional Medical Center
399647 , Morton Comprehensive Health Services
399591 , Muskogee Bone and Joint Clinic
399596 , Neurohealth
398021 , Newman Memorial Hospital
399538 , Next Step Developmental Clinic
399550 , Norman Regional Health System
399625 , Norman Regional HealthPlex
398039 , North Care Center (Oklahoma City)
399551 , Northeastern Health System
399606 , Northeastern Oklahoma Community Health Centers Inc
398033 , Northwest Surgical Hospital
399642 , Oak Ridge Manor Nursing Center
390485 , Office of the Chief Medical Examiner-State of Oklahoma
398022 , Oklahoma Blood Institute
399554 , Oklahoma Center for Arthritis Therapy & Research
390130 , Oklahoma Children's Hospital-OU Health
398054 , Oklahoma City Educare
390471 , Oklahoma City VA Medical Center
398034 , Oklahoma County Crisis Intervention Center
399573 , Oklahoma Crisis Recovery Unit
399508 , Oklahoma Forensic Center
390019 , Oklahoma Heart Hospital-North
399556 , Oklahoma Heart Institute Southpointe
399524 , Oklahoma Sports and Orthopedics Institute
398058 , Oklahoma State Department of Health
398059 , Oklahoma State University Center for Health Sciences
399552 , Oklahoma State University Medical Center
399614 , Oklahoma State University Medical Group
398045 , Oklahoma Surgical Hospital
398060 , Oklahoma Surgicare
409017 , Oregon State University-Counseling and Psychological Services
399628 , Orthopaedic Center
399632 , Orthopedic & Trauma Service of Oklahoma PC
399534 , Orthopedic Associates Inc
399557 , Osteopathic Medical Education Consortium of Oklahoma Inc (OMECO)
399602 , OSU Physicians Clinics
398050 , OU Health Partners
398027 , OU Health-University of Oklahoma Medical Center
398038 , OU Medical Center-Edmond
390121 , OU Medical Center-Everett Tower
390312 , OU Medical Center-Presbyterian Tower
399651 , OU Physicians Schusterman Center Clinic
399658 , Pain Management of Tulsa
399567 , Parent Child Center of Tulsa
390499 , Parkside Inc
399656 , Pediatric Cardiology of Oklahoma
399561 , Pediatric ENT of Oklahoma
399652 , PediStat
399662 , Positive Changes
399566 , Precision Pain Management
390017 , Primary Care Sports Medicine
399615 , R Michael Eimen DO-Family Medicine Clinic
399543 , Ranchwood Nursing Center
398057 , Referral Center for Alcohol & Drug Services
398032 , Regional Medical Labs (Tulsa)
398029 , Reynolds Army Health Clinic
399637 , Rolling Hills Hospital-Addiction Rehab and Behavioral Health Treatment
399533 , Russell-Murray Hospice
398026 , Saint Anthony North Ambulatory Surgery Center
390479 , Saint Francis Health System
399589 , Saint Francis Health System-Muskogee
399582 , South OKC Women's Healthcare
399638 , Southeastern Oklahoma State University-Student Health & Athletic Department
399619 , Southern Oklahoma Urology Inc
399649 , Southern Pointe Living Center
399574 , Southwest Orthopaedic and Reconstructive Specialists
398024 , Southwestern Medical Center
399532 , Southwestern Regional Medical Center
399528 , SP Research PLLC
399618 , Spectrum Dermatology
399631 , Spine & Orthopedic Specialists
390115 , St Anthony Hospital
390447 , St John Medical Center
390489 , St Mary's Regional Medical Center
399513 , Stillwater Medical Center
390026 , Stillwater Neurology
399570 , Surgical Hospital of Oklahoma
399605 , Tahlequah Medical Group
399616 , Tahlequah Pediatrics
399576 , TeamHealth/Emergency Management Midwest Inc
399644 , Texoma Pediatrics
399648 , Texoma Regional Eye Center
398051 , The Children's Center
399539 , TherapyWorks Tulsa
399564 , Triad Eye Institute
399579 , Tulsa Bone and Joint Associates PC
399537 , Tulsa Boys' Home
399553 , Tulsa Cancer Institute
399531 , Tulsa Center for Behavioral Health
399610 , Tulsa City-County Health Department
399588 , Tulsa Dermatology Clinic Inc
390014 , Tulsa Infectious Disease
390500 , Tulsa Medical Education Foundation
399545 , Tulsa Plastic Surgery
399667 , Tulsa Spine & Specialty Hospital
399660 , Tulsa Surgical Arts
390004 , Turn Key Health Clinics LLC
399535 , Union Public Schools
390477 , University of Oklahoma College of Medicine
398053 , University of Oklahoma Health Sciences Center
399501 , University of Oklahoma School of Community Medicine-Tulsa
399590 , Urologic Specialists
399580 , Variety Care
398042 , VistaCare Hospice (Oklahoma City)
390005 , Vogt Services LLC
399540 , Warren Clinic
399527 , Wayman Tisdale Specialty Health Clinic
398043 , Women's Health Care Specialists
398018 , WorkMed Occupational Health Network (Tulsa)
399669 , Young People's Clinic
