AMC_No,AMC_Name
409610 , ABC House
409628 , Adapt
400017 , Beaver Sports Medicine Surgery Center
409613 , Benton County Diversity Program
408011 , Blue Mountain Hospital
409616 , Boys and Girls Club of Corvallis
400002 , Central City Concern
408035 , Christie Care
409022 , Clackamas County Health Department
400003 , CODA Inc
409015 , Corvallis Clinic
409615 , Corvallis School District
409000 , Eastmoreland Hospital
400010 , Firehouse Diabetes and Endocrine Center
400032 , Fora Health
409601 , Good Samaritan Regional Medical Center
408021 , Hazelden Springbrook (Oregon)
409617 , Jackson Street Youth Shelter
400707 , Kaiser Permanente Northwest
408025 , Kaiser Sunnyside Medical Center
409621 , Key Laser Institute
408016 , Lake County Medical Clinic
400007 , Legacy Emanuel Hospital and Health Center
400102 , Legacy Good Samaritan Hospital and Medical Center
400229 , Legacy Health
408032 , Lifeworks Northwest (Murray)
409609 , Linn County Detention/Oak Creek Youth Correctional Facility
409614 , Linn County Drug and Alcohol
409016 , Linn County Mental Health Services-Albany
409003 , Marquis Care at Mt Tabor
409608 , Mercy Medical Center
408018 , Multnomah County Health Department
409619 , Neaman Plastic Surgery
408029 , Northwest Cancer Specialists PC
409607 , OCHIN Inc
409006 , Office for Oregon Health Policy and Research
409005 , Office of Environmental Public Health-Research & Education
400012 , OHSU Health Hillsboro Medical Center
409019 , OHSU-Child Development and Rehabilitation Center (Eugene)
409018 , OHSU-Child Development and Rehabilitation Center (Portland)
409611 , Old Mill Center for Children and Families
409009 , One Community Health
400109 , Oregon Health & Science University Hospital
409618 , Oregon Neurology Associates
409007 , Oregon Public Health Division-Disease Prevention and Epidemiology
400143 , Oregon State Hospital (Portland)
409014 , Oregon State Hospital (Salem)
409008 , Parry Center/Trillium Family Services
409612 , Planned Parenthood
408020 , Portland State University Training Room
400171 , Portland Veterans Affairs Medical Center
408015 , Progressive Rehabilitation Services
408013 , Providence Health & Services-Oregon
409010 , Providence Hood River Memorial Hospital
408006 , Providence Milwaukie Hospital
400398 , Providence Portland Medical Center
400133 , Providence St Vincent Medical Center
400004 , Recovery Works Northwest
408017 , Rogue Valley Medical Center
409626 , Roseburg VA Medical Center
409602 , Samaritan Albany General Hospital
409011 , Samaritan Health Services-Corvallis
409603 , Samaritan Lebanon Community Hospital
409604 , Samaritan North Lincoln Hospital
400024 , Samaritan Pacific Communities Hospital
409622 , Samaritan Pacific Surgical Associates
409002 , Sequoia Mental Health Services
409013 , Serenity Lane Inpatient Hospital and Residential Treatment Center
400325 , Shriners Hospitals for Children (Portland)
400025 , Siletz Community Health Clinic
409599 , Silver Falls Dermatology
408004 , Sky Lakes Medical Center
408012 , St Alphonsus Medical Center
408005 , St Charles Medical Center
400014 , Summit Orthopaedics
408014 , Three Rivers Community Hospital
409012 , Trillium Family Services-Children's Farm Home
408019 , Tuality/OHSU Cancer Center
408026 , Umatilla Chemical Depot (UMCD)
409620 , Unity Center for Behavioral Health Legacy Health System
409600 , University of Portland-Department of Athletics
400015 , Upper Hand Orthopedics
408010 , Wallowa Memorial Hospital
409023 , Washington County Health Department
