AMC_No,AMC_Name
410007, Aaron Center
419525, Abington Reproductive Endocrine
419612, Abington Surgical Center
419505, Above & Beyond
419759, Acadia-Pocono Mountain Recovery Center
410031, Achievement Center
419661, Advanced Dermatology Associates Ltd
419578, Advantage Nutrition and Wellness LLC
419673, Alfred I duPont Hospital for Children
419061, Allegheny County Behavior Assessment Unit
419052, Allegheny County Jail
410531, Allegheny County Medical Examiner's Office
410465, Allegheny General Hospital
418069, Allegheny Health Network Medical Education Consortium
418033, Allegheny University Hospitals
418064, Allegheny Valley Hospital
419718, Allergy Asthma & Arthritis Associates
410167, Allied Services Institute of Rehabilitation Medicine
419589, Altoona Arthritis and Osteoporosis Center
419668, Altoona Center for Nursing Care
419616, Altoona Lung Specialists
419592, American Access Center of South Philadelphia
418003, American Red Cross Blood Services-Penn-Jersey Region
419540, Apple Hill Surgical Center
419710, Arthritis Group
419046, Asbury Health Center
419564, Bache-Martin Elementary School
410008, Bala Nursing Home and Rehabilitation
419559, Baldassano Dermatopathology PC
419703, Bay City Psychiatry
410283, Belmont Center for Comprehensive Treatment
419715, Bradley A Fink DO-Orthopedic Surgery
410066, Brandywine Hospital-Tower Health
419070, Brooke Glen Behavioral Hospital
410274, Bryn Mawr Hospital
418054, Bryn Mawr Rehabilitation Hospital
419075, Bucknell University Student Health Service
419753, Bucks County Plastic Surgery
419716, Bucks ENT Associates
419743, Butler Health Providers/BHS Cardiovascular Consultants
419029, Butler Regional Cancer Center
419577, California University of Pennsylvania
419605, Campanella and Pearah Eyecare Associates
419511, Cancer Treatment Center of America
419042, Canterbury Place
410011, Caron Treatment Centers
419086, Cathedral Village
410039, Centennial Healthcare & Rehabilitation Center
419649, Center for Advanced Orthopedics
410074, Center for Forensic Science Research and Education
410152, Center for Specialized Surgery
419720, Center for Women's Health John S Missanelli DO
419717, Century Eye Care Ltd
418049, Chambersburg Hospital
419043, Charles Morris Center Nursing & Rehabilitation
410219, Chester County Hospital
410358, Chestnut Hill Hospital
419080, Child Guidance Resource Center
419016, Children's Crisis Treatment Center
418070, Children's Heart Center
410189, Children's Hospital of Philadelphia
418063, Children's Institute (Pittsburgh)
418025, Children's Seashore House
419670, City Line Pediatrics
419606, Clarion Hospital
410124, Coatesville Veterans Affairs Medical Center
419568, Columbia Montour Snyder Union Counties of Central PA
410053, Community Health and Dental Care Inc
419020, Community Organization for Mental Health and Retardation
419721, Comprehensive Breast Care Surgeons
419582, Concentra Medical Center
410236, Conemaugh Memorial Medical Center
419018, Consortium Inc
419529, Coordinated Health-Bethlehem Campus at Highland Ave
419658, Cornerstone Care Teaching Health Center
419055, Cove Prep Treatment Facility
419549, Covenant House
419576, Creekside Health and Rehabilitation Center
410505, Crozer Keystone Health System-Delaware County Memorial Hospital
410511, Crozer-Chester Medical Center
419583, Crozer-Keystone Surgery Center at Haverford
419569, Danville State Hospital
419542, Dauphin & Lancaster County Coroner
410069, DaVita Dialysis Center
419547, DaVita Northside Dialysis
419089, DaVita Outpatient Dialysis Facilities
419693, Defender Associates of Philadelphia
419550, Delaware County Juvenile Detention Center (Lima)
410004, Delaware County Memorial Hospital
418052, Dermatologic Surgicenter (Philadelphia)
410041, Dermatology & Skin Cancer Center PC
419017, Devereux Beneto Center
419051, Dialysis Clinic Inc (Philadelphia-East Falls)
419700, Drexel Neurology at Cottman Avenue
419012, Drexel Sleep Center
419536, Duquesne University Student Health
419707, East Norriton Women's Healthcare PC
419726, East Penn Manufacturing
410194, ECHA-Family Medicine Practice
419725, Einstein Healthcare Network
410726, Einstein Medical Center Elkins Park
419544, Einstein Medical Center Montgomery
410450, Einstein Medical Center Philadelphia
419646, Einstein Plaza Olney
419709, Endocrine Metabolic Associates PC
410424, Episcopal Hospital (TUHS)
419056, Essex House Rehabilitation Clinic
419049, Family Hospice and Palliative Care
419602, First Hospital
410524, Forbes Hospital
419704, Forensic Pathology Inc
410529, Fox Chase Cancer Center
410166, Frankford Hospitals (Torresdale Campus)
419526, Fresenius Dialysis Center
410071, Fresenius Medical Care-Scranton
419068, Frick Hospital
417107, Friends Hospital
410033, Gaudenzia Addiction & Treatment Recovery
410195, Gaudenzia Common Ground
419519, Geisinger Bloomsburg Hospital
410716, Geisinger Community Medical Center
419699, Geisinger Encompass Health Rehabilitation Hospital
419740, Geisinger Gary's Woods
410240, Geisinger Health System
410112, Geisinger Lewistown Hospital
418036, Geisinger Medical Center
419521, Geisinger Medical Center Woodbine Outpatient Clinic
410498, Geisinger South Wilkes-Barre
418060, Geisinger Wyoming Valley Medical Center
419528, Geisinger-Scenery Park
410496, Germantown Hospital and Medical Center
419686, Golden Living Center-Hillview
410130, Good Samaritan Hospital
419067, Good Shepherd Rehabilitation
410144, Graduate Hospital (Tenet Health System)
419520, Grandview Health Homes Inc
417039, Grandview Hospital
418021, Guthrie Healthcare System
419567, Haddington Health Center
410484, Hahnemann University Hospital (American Academic Health System)
419008, Hand and UpperEx Center (Wexford Office)
410740, Harmarville Rehabilitation Center
419659, Haven Behavioral Healthcare
419705, Healthcare for Women Only PC
419044, Heritage Shadyside
410747, Heritage Valley Health System
410160, Highlands of Wyomissing
419088, Hill at Whitemarsh
419079, Holy Family Manor Nursing Facility
418065, Holy Redeemer Health System
410116, Home Nursing Agency
419610, Hope Pediatrics
419081, Horsham Clinic
419593, Hospice of Central Pennsylvania
419047, Hospice of Lancaster County
410056, IC Laser Eye Care
410100, Indiana Regional Medical Center
419749, Inglis House
419071, Institute for Dermatopathology
418030, Institute for Transfusion Medicine
410135, Integrated Medical Group PC
418050, J Edwin Wood Clinic
410139, James E Van Zandt VA Medical Center
418067, Jeanes Campus-Temple University Hospital
410455, Jefferson Abington Hospital
418046, Jefferson Bucks Hospital
418004, Jefferson Frankford Hospital
419598, Jefferson Health Northeast
419010, Jefferson Imaging (Bala)
419011, Jefferson Imaging (Langhorne)
419009, Jefferson Regional Medical Center
419082, Jefferson Torresdale Hospital
410168, John Heinz Institute of Rehabilitation Medicine
419533, Joseph J Peters Institute
410001, Kenneth Heist DO-Ophthalmology Office
419660, Keystone Center
418028, KidsPeace National Center for Kids in Crisis
419758, KidsPeace Psychiatric Hospital
419747, Knights Medical Associates
419618, Lake Erie College of Osteopathic Medicine
419711, Lake Erie Consortium for Osteopathic Medical Training
410107, Lancaster General Hospital
419596, Lancaster Regional Medical Center
410403, Lankenau Medical Center
410715, Latrobe Area Hospital
410097, LECOM Health Nursing and Rehabilitation Center
410035, LECOM Senior Living Center
410724, Lehigh Valley Health Network
419022, Lehigh Valley Hospital (Muhlenberg)
419727, Lehigh Valley Tilghman
419087, Liberty Court
419037, Lifeline Therapy
410187, Lower Bucks Hospital
410051, Luther Crest Senior Living Community
410026, Lutheran Home at Topton
410508, Magee Rehabilitation Hospital
410208, Magee-Womens Hospital of UPMC
419746, Main Line Body Brain & Spine PC
419599, Main Line Center for Laser Surgery
419027, Main Line Fertility
419570, Main Line Health System
419663, Marisa Baldassano MD-Dermpath Office
410113, Marworth Hospital
419057, Mayview State Hospital
410034, Mazzitti & Sullivan-Middletown
418039, MCP Hahnemann University-City Avenue Hospital
419722, Meadowbrook Neurology Group
418037, Meadville Medical Center
410736, Medical College of Pennsylvania Hospital (Tenet Health System)
418055, Merakey-Knights Road
419622, Mercer Bucks Medical Associates PC
419631, Mercy Cardiology at Mercy Philadelphia Hospital
418029, Mercy Catholic Medical Center
410414, Mercy Fitzgerald Hospital
410499, Mercy Philadelphia Hospital
419732, Mercy Primary Care-Holme Avenue
419733, Mercy Primary Care-Rhawn Street
418038, Mercy Providence Hospital
419702, Mercyhurst University-Student Wellness Division
419729, Metabolic Disease Associates Inc
410306, Methodist Hospital
419627, Millcreek Community Hospital
419634, Milstein Batta Dermatology LLC
419026, MNAP Diagnostic Center
410495, Montgomery Hospital
410718, Moses Taylor Hospital
410515, MossRehab
419069, Mount Nittany Medical Center
419575, Mountain View Care Center
419579, Muhlenberg College Athletic Department
410250, National Medical Services Inc
419021, Nazareth Hospital
419626, Neurological Associates
419767, Neurology Psychiatry and Balance Therapy Center LLC
410282, Norristown State Hospital
419565, Northeast Treatment Centers
410104, Northeastern Rehabilitation Associates
419674, Northern Lehigh High School
418002, Northwestern Institute of Psychiatry
419682, Norwin High School
419723, Office of Dean M Ruday DPM
419734, Office of Drs Tumasz and Lobianco
410136, Office of the Medical Examiner
418047, Orthopaedic and Spine Specialists
419513, Orthopaedic and Spine Specialists-Orthopaedic Hospital
419512, Orthopaedic and Spine Specialists-Urgent Care Clinic
410022, Orthopedic & Sports Medicine Office
419518, Outpatient MD Offices for Drexel/Hahnemann University
419748, Oxford Valley Cardiology Associates PC
418058, Paoli Memorial Hospital
410126, Pathways to Housing PA
410024, Pediatric Ophthamology of Erie
410014, Penn Highlands Brookville
419603, Penn Highlands DuBois
419040, Penn Home Care and Hospice Services
419084, Penn Medicine at Radnor
418059, Penn State Health Holy Spirit
410485, Penn State Health St Joseph Medical Center
410108, Penn State Hershey Bone and Joint Institute
410109, Penn State Hershey Medical Group Fishburn Road
419539, Penn State Hershey Rehabilitation Hospital
410528, Penn State Milton S Hershey Medical Center
410111, Penn State Sports Medicine
410235, Pennsylvania Hospital (UPHS)
419036, Pennsylvania Psychiatric Institute
410127, Philadelphia Child Guidance Center
419002, Philadelphia College of Osteopathic Medicine
419530, Philadelphia Court of Common Pleas Criminal Justice Center
419516, Philadelphia Court of Common Pleas-Family Division
419073, Philadelphia Department Health-Division of Disease Control
419532, Philadelphia Dept of Human Services Youth Study Center
419688, Philadelphia Mental Health Care Corporation-Behavioral Health Forensic Evaluation Center
419050, Philadelphia Poison Control Center
419065, Philadelphia Prison System
419695, Philadelphia Women's Center
410098, Phildealphia Fire Department
419584, Phoenixville Medicine at Limerick
419650, Pinnacle ENT Associates LLC
410197, Pinnacle Health Center for Addiction Recovery
419708, Pinnacle Physicians Group LLC
410165, PinnacleHealth CardioVascular Institute Outpatient Clinic
419572, Pittsburgh AIDS Center for Treatment
418051, Pittsburgh Poison Center
410158, Planned Parenthood of Western Pennsylvania
410105, Plymouth Community Ambulance Association
419625, PMA Medical Specialists
410065, Pottstown Hospital-Tower Health
410054, Pottstown Medical Specialists LLC
410323, Presbyterian Medical Center (UPHS)
410265, Prevention Point Philadelphia Primary Care
419738, Progressive Gynecology
419760, Psychology Associates of Bethlehem PC
410036, Pyramid Healthcare-Ridgeview
419074, Quality Vascular Access Center
419028, REA Dialysis Center of Pittsburgh
410305, Reading Hospital
410159, Reading Hospital SurgiCenter at Spring Ridge
418026, Reading Rehabilitation Hospital
419091, RedPath Integrated Pathology Inc
419680, Regional Cancer Center-Erie
410717, Regional Hospital of Scranton
419535, Renaissance Healthcare & Rehabilitation Center
419048, Reproductive Health Specialists Inc
419696, Reproductive Medicine Associates of Philadelphia and Central Pennsylvania
419742, Richard E Johnson DO-Dermatology Office
419030, Richard Laube Cancer Center
419617, Rittenhouse Eye Associates
410352, Robert Packer Hospital
419655, Rothman Institute
419537, Rothman Specialty Hospital
419611, Roxborough Memorial Hospital
410179, Sacred Heart Hospital (Allentown)
410030, Sarah A Reed Children's Center
419675, Saucon Valley High School
410532, Scheie Eye Institute
419679, Scott J M Lim DO-Dermatology Office
419601, Scranton Counseling Center
419534, Scranton Primary Health Care
410132, Seton Manor Nursing and Rehabilitation Center
410279, Sewickley Valley Hospital
419712, Sharon Regional Medical Center
410526, Shriners Hospitals for Children (Erie)
410110, Shriners Hospitals for Children (Philadelphia)
419053, Shuman Center
419510, Sidney Kimmel Medical College at Thomas Jefferson University
419756, Silver Lake Nursing and Rehabilitation Center
419041, Skin & Laser Surgery Center of PA
419580, Southern Lehigh High School Athletic Department
410009, Specialty Physician Associates
419594, Spring Creek Rehabilitation and Health Care Center
419005, Springfield Hospital
410223, St Agnes Medical Center
410380, St Christopher's Hospital for Children
419504, St Clair Hospital
418001, St Francis Central Hospital
410271, St Francis Medical Center
419744, St Ignatius Nursing Home
419517, St Joseph's Hospital/NPHS
419015, St Luke's Hospital (Allentown)
419754, St Luke's Hospital Miners Campus
419713, St Luke's Hospital Quakertown Campus
419604, St Luke's Hospital-Anderson Campus
410420, St Luke's Hospital-Easton Campus
419590, St Luke's Hospital-Lehighton Campus
410234, St Luke's University Hospital
419522, St Mary Medical Center
410191, St Vincent Health Center
419678, Stairways Behavioral Health
410042, Star Community Health Inc
410125, Stephen Klein Wellness Center
419023, Suburban Community Hospital
410147, Susquehanna Health System
418045, Temple University Children's Medical Center
410413, Temple University Hospital
419684, The Orthopedic Group
419560, The Philadelphia Hand Center PC
419558, The Village at Penn State
410224, Thomas Jefferson University Hospital
418016, Thomas Jefferson University Hospital-Ford Road Campus
419556, TMA Vascular Access Center
410162, Tower Behavioral Health
410063, Tower Health
410106, University of Pennsylvania Health System
419531, University of Pennsylvania Law School Forensic Department
419085, University of Pittsburgh Cancer Institute
410118, University of Pittsburgh Graduate School of Public Health
419059, University of Pittsburgh Law School (Civil Law Clinic)
410364, University of Pittsburgh School of Medicine
419614, University Orthopedics
410220, UPMC Altoona
419685, UPMC at Oxford Drive
410064, UPMC Carlisle
419545, UPMC Center for Sports Medicine
410161, UPMC Children's Hospital of Pittsburgh
419664, UPMC Community Osteopathic
419669, UPMC Comprehensive Movement Disorders Clinic
410452, UPMC Hamot
410119, UPMC Hamot
410356, UPMC Harrisburg
419657, UPMC Horizon
410248, UPMC Integrated Health Services-Harrisburg
419676, UPMC Jameson
419683, UPMC Lemieux Sports Complex
419595, UPMC Lititz
410497, UPMC McKeesport
418024, UPMC Medical Education
410062, UPMC Memorial
410196, UPMC Mercy
418062, UPMC Mercy Outpatient Center
419025, UPMC Muncy
419613, UPMC Northwest
419035, UPMC Passavant
410463, UPMC Pinnacle Hospitals
410247, UPMC Pinnacle Surgery Optimization Clinic
410349, UPMC Presbyterian
418048, UPMC Presbyterian
419007, UPMC Rehabilitation Hospital
410482, UPMC Shadyside
410324, UPMC St Margaret
419024, UPMC Susquehanna Williamsport Regional Medical Center-Divine Providence Campus
419573, UPMC Thomas E Starzl Transplantation Institute
419665, UPMC West Shore
410462, UPMC Western Psychiatric Hospital
410096, UPMC Williamsport
419013, Valley Crest
419566, Valley Kidney Specialists
410117, Valley View Home
418053, Veteran Affairs Medical Center (Coatesville)
417070, Veterans Affairs Medical Center (Lebanon)
410285, Veterans Affairs Medical Center (Philadelphia)
410296, Veterans Affairs Medical Center (Pittsburgh)
410517, Veterans Affairs Medical Center (Wilkes-Barre)
419561, Vitas
419731, Vitas Inpatient Hospice Care
419724, VNA Philadelphia
410385, Washington Health System
419701, Washington Health System Greene
419691, Wellspan Health
410262, WellSpan Heart & Vascular Center
419541, Wellspan Surgery and Rehabilitation Hospital
410101, Wesley Enhanced Living at Pennypack Park
410122, West Penn Hospital
419038, Westmoreland Hospital
419697, Wexford Health and Wellness Pavilion
419681, White Deer Run of Allenwood
418035, Wilkes-Barre General Hospital
410494, Wills Eye Hospital
419515, Wordsworth Academy
419574, Wright Center for GME Physician Practices
410719, Wright Center for Graduate Medical Education
419714, Yardley Dermatology Associates
410142, York Hospital
410040, Zaladonis Dermatology Practice
419554, Zitelli & Brodland PC (Jefferson Facility)
419553, Zitelli & Brodland PC (Shadyside Facility)
418068, Zitelli and Brodland Clinic
