AMC_No,AMC_Name
428064 , Acevedo MD Neurology Office
428026 , Advanced Cardiology Center Corp/Ponce SOM Consortium
429514 , American Telemedicine Center
420007 , APS Health Care
429535 , Ashford Presbyterian Community Hospital
428066 , Ashford Presbyterian Community Hospital
420002 , ASSMCA
428042 , ASSMCA (Mayaguez)
428028 , Auxilio Mutuo Hospital
429522 , Barbara Rosado MD-Gastroenterology/Hepatology Office
420476 , Bayamon Regional Hospital
428022 , Bella Vista Hospital
428029 , Cardiovascular Center of Puerto Rico and the Caribbean
429518 , Caribbean Cancer Care
429532 , Carlos Berrios Rosado MD-Neurology Office
420003 , Casa la Providencia
429519 , Centro de Hematologia y Oncologia del Sur
428056 , COSSMA Inc (Cidra)
428051 , CT Radiology Complex
420289 , Damas Hospital
428062 , Doris Iturrino MD-Primary Medicine Geriatrics Office
428020 , Dr Jose Ramos Lebron Hospital
427016 , Dr Pila Hospital
429523 , Edwin Peguero MD-Clinical Neurophysiology Office
428024 , Encompass Health Rehabilitation Hospital
429533 , Fanny R Lopez Gomez MD-Adolescent Medicine Office
428021 , First Hospital Panamericano
428040 , Head Start Program
428053 , Health Image Diagnostics Senos PR
429530 , HIMA San Pablo/Centro Medico del Turabo Inc
428050 , Hospicio del Oeste
420478 , Hospital de la Concepcion
428016 , Hospital Dr Alejandro Otero Lopez
428027 , Hospital Episcopal Cristo Redentor
420194 , Hospital Episcopal San Lucas
427018 , Hospital Episcopal San Lucas I
428059 , Hospital Espanol Auxilio Mutuo
429527 , Hospital Hermanos Melendez
420473 , Hospital HIMA San Pablo
429513 , Hospital Metropolitano
429529 , Hospital Metropolitano de la Montana
420474 , Hospital Oncologico Andres Grillasca
428031 , Hospital San Cristobal
427019 , Hospital Universitario Dr Ramon Ruiz Arnau
429507 , Hospital UPR Dr Federico Trilla
420205 , I Gonzalez Martinez Oncologic Hospital
420005 , Iniciatice Comunitaria
420461 , Institute of Forensic Sciences of Puerto Rico
429520 , Instituto de Otorrinolaringologia del Caribe
429515 , Instituto de Podiatria y Pie Diabetico
428065 , Janice Justiniano MD-Medical Ophtalmology Office
428036 , Jose S Belaval Centro de Diagnostico Tratamiento
428048 , La Casa del Vetarano
429512 , La Clinica de la Escuela de Medicina
428033 , Loiza Community Health Center
428054 , M & P Radiologos SRL
429517 , Maria E Justiniano MD-Rheumatology Office
427006 , Metro Pavia Hato Rey
428038 , Migrant Health Center (Mayaguez)
429521 , Miguel Magraner MD-Internal Medicine Office
428061 , Nefrologos Asosiados del Oeste Clinica de Transplante
428063 , Norma Arciniegas MD-Adolescent Medicine Office
428055 , Orlando Torres MD Neurological Pediatrician Office
428030 , Playa Medical Center
429505 , Ponce Health Sciences University
428039 , Ponce School Mental Health Clinics (Mayaguez)
420179 , Puerto Rico Children's Hospital
420387 , Puerto Rico Institute of Psychiatry
428046 , Puerto Rico Medical Center Trauma Hospital
428044 , Rafael Velez Dermatology Office
420467 , Ramon E Betances Hospital-Mayaguez Medical Center
429510 , Reliable Ambulatory Surgical Center (RASC)
428041 , Residential Ctr of Educative Opportunities of Mayaguez CROEM
429524 , Roberto Leon-Perez MD-Reumatology Office
420024 , Salud Integral de la Montana
429516 , Samuel Sostre-Castillo MD-Nuclear Med & Ultrasound Office
428052 , San Jorge Children and Women's Hospital
420470 , San Juan Bautista Medical Center/Caguas Regional Hospital
429508 , San Juan Bautista School of Medicine
420320 , San Juan City Hospital
428058 , Sleep Lab
428057 , Somnos Comprehensive Sleep Clinic
428019 , State Psychiatric Hospital
429531 , Technonuclear Laboratory
429501 , Universidad Central del Caribe School of Medicine
420178 , University Hospital
420464 , University of Puerto Rico School of Medicine
420477 , University Pediatric Hospital
420006 , UPR RCM Research Lab-Dr Carlos Jimenez
428032 , VA Caribbean Health Care System-Ponce Outpatient Clinic
420265 , VA Caribbean Healthcare System
420469 , Vocational Rehabilitation Center
429509 , Xyrion Medical Institute
