AMC_No,AMC_Name
438026 , Affinity Physicians at Kent Hospital-Sports Medicine
438047 , Brennan Cronin and Peters DO-Internal Medicine Office
430281 , Brown University/Rhode Island Hospital-Lifespan
430483 , Butler Hospital
438042 , City of Providence Department of Public Safety/Providence Fire Department Rescue Division
438058 , Continuum-Meadows Edge Recovery Center
438049 , Coventry Skilled Nursing and Rehab
438032 , Cranston Fire Department
438053 , Cumberland Rescue Service
438021 , Dermatology Professionals Inc
438031 , East Providence Fire Department
438012 , Eleanor Slater Hospital
430432 , Emma Pendleton Bradley Hospital
438017 , Gateway Healthcare Inc
438020 , Hasbro Children's Hospital
438019 , Home and Hospice Care of Rhode Island
438043 , Johnson and Wales University Athletic Department
438041 , Kent Hospital
438050 , Kent Regency
438052 , Landmark Medical Center
430436 , Memorial Hospital of Rhode Island
430232 , Miriam Hospital-Lifespan
438040 , New England Ambulance Service
438018 , Newport Hospital
438051 , North Main Radiation Oncology
430001 , Phoenix House
438028 , Providence College
438014 , Providence Community Health Center
438038 , Providence Emergency Management Agency
438037 , Rhode Island Airport Corporation
438057 , Rhode Island Department of Corrections
438022 , Rhode Island Department of Health
438035 , Rhode Island Disaster Medical Assistance Team
438015 , Rhode Island Foundation for Colon and Rectal Diseases
438016 , Rhode Island Medical Imaging
430485 , Rhode Island Office of State Medical Examiners
438023 , Rhode Island Training School
430438 , Roger Williams Medical Center
438024 , Roger Williams University School of Law
438033 , Safer Institute
438027 , South County Orthopedics
438039 , South Kingstown Emergency Medical Services
438046 , St Joseph Health Center
438044 , Thundermist Health Center of West Warwick
438054 , University Gastroenterology-East Greenwich
438056 , University Gastroenterology-Staniford Providence
438029 , University of Rhode Island
438025 , University Pulmonary Associates
438036 , US Coast Guard Station Castle Hill
430439 , Veterans Affairs Medical Center (Providence)
430334 , Women and Infants Hospital of Rhode Island
