AMC_No,AMC_Name
460125 , Avera McKennan Hospital and University Health Center
469503 , Avera Sacred Heart Hospital
469504 , Avera St Mary's Hospital
468003 , Brookings Hospital
460219 , Center for Family Medicine
468002 , Charter Hospital of Sioux Falls
468008 , Children's Home Society
469502 , Falls Community Health
468007 , North Central Heart Institute
468004 , Prairie Lakes Health Care Center
468005 , Rapid City Hospital
460218 , Royal C Johnson Veterans Affairs Medical Center
469505 , Sanford Clinic-Pierre
468006 , Sanford USD Medical Center Sioux Falls
460212 , Sioux Valley Hospital Univ of South Dakota Medical Center
468001 , Southeastern Behavioral Healthcare
469501 , University of South Dakota Sanford School of Medicine
