AMC_No,AMC_Name
459556 , Advanced Cosmetic Surgery
459559 , Aiken Regional Medical Centers
450732 , AnMed Health
450055 , Atlantic Coast Pain Specialists
458041 , Berkeley County Probate Court
458019 , BlueCross and BlueShield (Columbia SC)
459547 , Bogan Sleep Consultants LLC
459532 , Bon Secours St Francis Health System-McCall House
450030 , Bradshaw Institute for Community Child Health & Advocacy
459504 , Carolina Eyecare Physicians LLC (Mt Pleasant)
459549 , Carolina Regional Cancer Center LLC
459557 , Carolina's Dermatology Group PA
458034 , Charleston Center of Charleston County
458042 , Charleston County Probate Court
450483 , Charleston Memorial Hospital
459536 , Charleston Pathology PA
458020 , Charleston/Dorchester Community Mental Health Center
458828 , Children's Garden
458014 , Coastal Fertility Specialists (Mount Pleasant)
458030 , Coastal Pediatrics Associates
450009 , Colleton Medical Center
458022 , Columbia Area Mental Health Center
450735 , Columbia VA Health Care System
450021 , Compass
450026 , Conway Emergency Group
450018 , Conway Medical Center
459522 , Cutler Jewish Day School (CJDS)
458037 , Dee Norton Lowcountry Children's Center
478070 , Dialysis Clinic Incorporated (Charleston)
459506 , Dorchester Children's Center
459541 , Eagle Hospitalists-Waccamaw Hospital
458840 , Earle E Morris Jr Alcohol & Drug Addiction Treatment Center
459551 , East Cooper Medical Center
459523 , Eau Claire Cooperative Health Centers Inc
458011 , Encompass Health Rehabilitation Hospital of Charleston
450025 , Friendship Clinic
459517 , Grand Strand Medical Center
459512 , Greenville Mental Health Center
458004 , Greenwood Genetic Center
459560 , Hands of Hope
458025 , Hollings Cancer Center-Mt Pleasant
459528 , Hospice of Charleston
459534 , Inlet Cardiopulmonary and Associates
459543 , Inlet Pediatrics
458829 , Lexington County Community Mental Health Center
450061 , Lexington Medical Center
450136 , Lexington Medical Center-Occupational Health
458837 , Lexington Richland Alcohol and Drug Abuse Center (LRADAC)
459526 , LifeNet South Carolina
450022 , Lighthouse Behavioral Health Hospital
458836 , Mary Black Memorial Hospital
450037 , McLeod Health Cheraw
450036 , McLeod Health Clarendon
450239 , McLeod Regional Medical Center
458043 , Medical University of South Carolina Children's Hospital
459501 , Medical University of South Carolina College of Medicine
459555 , Midlands Oral & Maxillofacial Surgery PA
458003 , Moncrief Army Community Hospital
459537 , Moore Orthopaedics Outpatient Surgery Center
458834 , MUSC Charleston Hand Group
450051 , MUSC Children's Health After Hours Care-Mount Pleasant
450050 , MUSC Children's Health R Keith Summey Medical Pavilion
458023 , MUSC Health East Cooper
450052 , MUSC Health Pulmonary Allergy and Sleep Medicine-Dantzler
450152 , MUSC Medical Center
450035 , MUSC Shawn Jenkins Children's Hospital
458033 , MUSC Specialty Care North
458039 , MUSC Specialty Care West Ashley
459539 , National Health Care Garden City
450134 , Naval Hospital (Charleston)
450016 , Neuroscience Associates-Greenville
459513 , New Horizon Family Health Services
450008 , North Strand Free Standing Emergency Department
459553 , Northeast Dermatology
459515 , O'Neill Plastic Surgery PA
450023 , OrthoSC
459558 , Pain Management Associates
459542 , Palmetto Emergency Physicians of Georgetown
458841 , Palmetto Poison Center-USC
459510 , Patrick B Harris Psychiatric Hospital
459514 , Pavillon Greenville Outpatient Center
450029 , Phoenix Center
459511 , Piedmont Center for Mental Health Services
458005 , Prisma Health
458006 , Prisma Health Baptist Hospital
459552 , Prisma Health Baptist Parkridge Hospital
459567 , Prisma Health Greer Memorial Hospital
459509 , Prisma Health Marshall I Pickens Hospital
458007 , Prisma Health Oconee Memorial Hospital
450366 , Prisma Health Richland Hospital
459564 , Prisma Health Tuomey Hospital
450031 , Prisma Health-Upstate Child Psychiatry and Psychological Services
450367 , Prisma Health-Upstate/University of South Carolina School of Medicine Greenville
458028 , Prisma Health-USC Medical Group-Family Medicine Center
458835 , Prisma Health-USC Medical Group-Neurology
459529 , Prisma Health-USC Medical Group-Pediatric Neurology
458021 , Prisma Health-USC Medical Group-USC Psychiatry
450485 , Ralph H Johnson VA Medical Center (Charleston)
459525 , Richland County Emergency Services Division
458830 , Richland County School District Two
459544 , Riverside Pediatrics
457002 , Roper Hospital
450067 , Rural Health Services Inc-Clyburn Center
458839 , Santee-Wateree Mental Health Center
458024 , SCDMH CM Tucker Nursing Care Center
459535 , Seaside Dermatology
457024 , Self Regional Healthcare
450174 , Shriners Hospitals for Children (Greenville)
458026 , South Carolina Department of Mental Health (SCDMH)
459562 , South Carolina Oncology Associates
459546 , South Strand Free Standing Emergency Department
459548 , South Strand Internists and Urgent Care LLC
459503 , Southeastern Facial Plastic/Cosmetic Surgery Center PA
450006 , Spartanburg Area Mental Health Center
450162 , Spartanburg Regional Healthcare System
458013 , Spartanburg Regional Hospital
458027 , Steadman Hawkins Clinic of the Carolinas
459561 , Still Hopes
458015 , Summerville Medical Center
459565 , Sumter Family Health Center
458032 , Sweetgrass Pediatrics LLC
450019 , Tandem Health
450027 , Team Health
450007 , The Carolina Center for Behavioral Health
459519 , The Hearth
450042 , The Village at Summerville
459563 , Three Rivers Midlands (Residential Treatment Facility)
459545 , Tidelands Community Care Network
458035 , Tidelands Georgetown Memorial Hospital
459527 , Tidelands Health
459540 , Tidelands Health Group
459530 , Tidelands Waccamaw Community Hospital
450071 , Tri-County Commission on Alcohol and Drug Abuse
459518 , Trident Dermatology
458009 , Trident Medical Center
458001 , University of South Carolina School of Medicine
458832 , USC Child Development & Research
458838 , USC Counseling & Human Development Center of Student Health Services
458036 , Wildewoood Downs Retirement Community
450484 , William S Hall Psychiatric Institute
459550 , Wm Jennings Bryan VA Medical Center/Greenville Outpatient Clinic
