AMC_No,AMC_Name
479534, AdamsPlace
478055, Alexian Brothers Health System
478054, Alive Hospice
478076, Allergy Asthma & Sinus Center
470501, Alvin C York Veterans Affairs Medical Center
478020, American Red Cross Blood Services-Tennessee Valley Region
479566, Appalachian Orthopaedic Associates
479560, Arthritis Associates of Kingsport
470163, Ascension St Thomas Hospital Midtown
470262, Ascension St Thomas Hospital West
478035, Ascension St Thomas Rutherford
470045, Associated Neurologists
478073, Athens Regional Medical Center
479513, Australus Physiotherapy
479508, Baptist Memorial Hospital-Collierville
470382, Baptist Memorial Medical Education
470008, Behavioral Health Group-Midtown
470007, Behavioral Health Group-North
470025, Bradford Health Services-Germantown
470491, Bristol Regional Medical Center/Ballard Health System
479520, Campbell Clinic & Surgery Center-Germantown
470401, Campbell Clinics & Surgery Center
470046, Cherokee Health Systems-Knox County-Center City
478032, Cherokee Park Youth Center
470313, Children's Hospital at Erlanger
470049, Choices-Memphis Center for Reproductive Health
479525, Christ Community Health Services
479526, Christ Community Health Services-University Family Medicine Center
479571, Church Health
478045, Comprehensive Care Center
479543, Consolidated Nuclear Security LLC
478060, Cool Springs Surgery Center
470009, Crestwyn Behavioral Health
479550, Delta Medical Center
479565, Dermatology Associates of Tri Cities
479533, Dermatology Associates-Nashville
479522, Dermatopathology Partners PC
478061, Downtown Clinic for the Homeless
478036, East Tennessee Children's Hospital (Knoxville)
470055, East Tennessee Recovery
470492, East Tennessee State University/Quillen College of Medicine
479531, Elite Sports Medicine and Orthopaedic Center PLC
479511, Encompass Health Rehabilitation Hospital of Memphis
478083, Endocrinology Consultants of East Tennessee
470330, Erlanger Health System
478082, Faculty Internal Medicine PLLC
470047, Fertility Associates of Memphis
479515, Fisk University Athletic Department
470034, Focus Treatment Center
479516, Franklin Woods Community Hospital
470012, Frontier Health
478050, Genetics Associates Inc
479580, HCA Healthcare/TriStar Nashville
479581, HCA Healthcare/TriStar Southern Hills Medical Center
470075, Health Education Services
470068, Healthquest
470051, Henry County Medical Center
470011, High Point Clinic
479577, Holston Medical Group Endocrinology at Sapling Grove
479575, Holston Medical Group Orthopedics
470379, Holston Valley Medical Center/Ballard Health System
479555, Holston Valley Surgery Center LLC
478052, Hospice of Chattanooga
478033, Indian Path Medical Center/Ballard Health System
470480, Jackson-Madison County General Hospital
470499, Johnson City Medical Center/Ballad Health System
478075, Johnson City Specialty Hospital
479503, Knoxville Dermatopathology Laboratory
478022, Knoxville Orthopedic Clinic
479539, Lakeside Behavioral Health System
470186, Le Bonheur Children's Hospital
470016, Loden Vision Centers
479530, Mathew Walker Comprehensive Health Center Inc
470006, Mays and Schnapp Pain Clinic and Rehabilitation Center
479504, Medic Regional Blood Center
478058, Medicos Para La Familia
479546, Meharry Family Medicine Center at Skyline
479545, Meharry Medical Clinic
479501, Meharry Medical College School of Medicine
477001, Memorial Hospital
478068, Memphis City Schools
478069, Memphis Dermatology Clinic
470155, Memphis Mental Health Institute
470050, Memphis Obstetrics and Gynecological Association PC
478062, Mental Health Cooperative Inc
470106, Methodist Alliance Hospice
470113, Methodist Healthcare-Memphis Hospitals
470105, Methodist Hospice Residence
478030, Methodist Medical Center of Oak Ridge
479528, Methodist South Hospital
470502, Middle Tennessee Mental Health Institute
478085, Middle Tennessee Occupational and Environmental Medicine
479505, Molecular Pathology Laboratory Network Inc
478037, Monroe Carell Jr Children's Hospital at Vanderbilt
478044, Morristown-Hamblen Healthcare System
519602, Mountain Empire Neurological Associates
479554, Mountain Empire Surgery Center
470107, Nashville Fertility Center
478063, Nashville Fire/EMS
470408, Nashville General Hospital at Meharry
478064, Nashville Surgery Center (Tennessee)
478077, NHC Healthcare (Fort Sanders)
478056, NHC Parkwood Nursing Home
479578, Niswonger Children's Hospital
470021, Oak Ridge National Laboratory
478042, Oak Street Health-Overton Park
478029, Office of the Chief Medical Examiner (Tennessee)
470004, OrthoSouth Memphis-Briarcrest
470010, Overmountain Recovery Center
478038, Parkridge Medical Center
479509, Premier Orthopaedics & Sports Medicine PLC
478021, Psychiatric Hospital at Vanderbilt
479552, Regional Forensic Center
478089, Regional Hospital of Jackson
470033, Regional Obstetrics Consultants
470241, Regional One Medical Center at Memphis
479547, Resurrection Health
478084, School of Graduate Studies and Research
478057, Semmes-Murphey Neurologic and Spine Institute
479502, Siskin Children's Institute
478025, Siskin Hospital for Physical Rehabilitation
479524, SkyRidge Medical Center (Community Health Systems)
478027, Southern Sports Medicine and Orthopaedic Center
479517, Southern Tennessee Medical Center
470015, Spence and Becky Wilson Baptist Children's Hospital
478086, Sports Medicine Center
478040, Sports Orthopedics and Spine Educational Foundation
470478, St Francis Hospital
470482, St Jude Children's Research Hospital
470104, St Mary's Health System
470037, St Thomas Medical Partners-Nashville
470044, State of Franklin Healthcare Associates
479561, Sullivan Digestive Center
478078, Summit Medical Group of Oak Ridge
478065, Sumner Regional Medical Center
470060, Tanenbaum Dermatology Center
478039, Tennessee Department of Health
479562, Tennessee Fertility Institute
479557, Tennessee Health Management Inc-Behavioral Health Center
478088, Tennessee Occupational Safety and Health Administration
479510, Tennessee Orthopaedic Alliance
479538, Tennessee Orthopaedic Clinics
479506, Tennessee Regional Laboratory
479514, Tennessee State University Department of Human Performance/Sport Science
479536, Tennessee State Veterans' Home Board
479532, Tennessee Valley Health System
478079, Tennessee Valley Medical Group
470001, Total Health Medical and Dental Care
478066, Trevecca Health and Rehabilitation Center
479567, TriCities Gastroenterology
478028, TriStar Centennial Medical Center
479582, TriStar Hendersonville Medical Center
470035, TriStar Skyline Madison Campus
479540, TriStar Skyline Medical Center
470036, TriStar StoneCrest Medical Center
479583, TriStar Summit Medical Center
479537, United Neighborhood Health Services Inc
470474, University of Tennessee College of Medicine
470490, University of Tennessee College of Medicine-Chattanooga
470448, University of Tennessee Graduate School of Medicine
470269, University of Tennessee Medical Center
478023, University of Tennessee Memorial Hospital
478051, University of Tennessee Student Health Services Clinic
479521, University of Tennessee-St Francis Family Practice Center
479527, Vanderbilt Dermatology/Vanderbilt Health-One Hundred Oaks
478046, Vanderbilt Stallworth Rehabilitation Hospital
470467, Vanderbilt University Medical Center
470280, Veterans Affairs Medical Center (Memphis)
470498, Veterans Affairs Medical Center (Mountain Home)
470461, Veterans Affairs Medical Center (Nashville)
479568, Watauga Orthopaedics
479573, Wellmont CVA Heart Institute
479564, Wellmont Medical Associates
479519, West Clinic
478048, West Tennessee Regional Forensic Center
470090, Westmoreland Care and Rehabilitation Center
479559, Williamson Medical Center
478016, Willie D Miller Eye Center
470493, Woodridge Hospital/Mountain States Health Alliance
