AMC_No,AMC_Name
488127, 12th Flying Training Wing
488226, 37th Medical Group
489596, 559th Aerospace Medicine Squadron
480015, Aamer Abbas MD-Cardiology
489833, Abdul Kadir MD-Neurology Office
480075, Abilene Regional Medical Center
489867, Acadian Ambulance Services (San Antonio)
489740, Access Physicians Multispecialty Clinics of Sulphur Springs
489620, Accolade Homecare & Hospice
489656, Acres Home Health Center
488374, Acuity Hospital of Houston
489801, Adult Internal Medicine Associates
489711, Advanced Fertility Centers LLC
489724, Advanced Heart Care
488169, Advanced Laser Vision and Surgical Institute
480137, Advanced Neurology Epilepsy & Sleep Center
489852, Advanced Neuroscience Clinic & Sleep Center
488136, Advanced Orthopaedics and Sports Medicine Program
489592, Air Force Personnel Center (Informal Physical Evaluation Board)
489616, AirLife
489657, Aldine Health Center
489907, Alice Heart & Vascular Center
489530, Alviane Inc
489813, Ambrosio Guillen Texas State Veterans Home
488176, American Airlines (Occupational Health Service)
489607, American Radiology Associates PA
489665, American Regional Health Center
489787, Amistad Community Health Center
489745, Andrews Center
489822, Antonio Guzman MD-Internal Medicine Office
480240, Ascension Clinical Education Center
480333, Ascension Seton Heart Specialty Care and Transplant Center
488234, Ascension Seton Mind Institute
488155, Associated Orthopedic Sports Medicine (Plano)
489789, Austin Cancer Centers
489790, Austin Ear Nose and Throat Clinic
480164, Austin Eye
480451, Austin Medical Education Program of Seton Healthcare Network
480204, Austin NeuroCare
489791, Austin Neurological Clinic
489792, Austin Neurology and Sleep Associates
489793, Austin Neuromuscular Center
480238, Austin Radiological Association
480155, Austin Retina Associates
480388, Austin State Hospital
488078, Austin Women's Hospital
480586, Austin-Travis County Integral Care
488389, Azalea Orthopedics
480019, Azalea Orthopedics-Mount Pleasant
480116, Bailey Square Surgical Care Center
480269, Baptist Hospitals of Southeast Texas
480309, Baptist Memorial Healthcare System
487005, Baptist-St Anthony's Health System
489844, Bariatric and Metabolic Institute at Renaissance
488264, Bay Area Surgicare Center
488244, Baylor All Saints Medical Center-Fort Worth
488135, Baylor Clinic
480211, Baylor College of Medicine
489578, Baylor College of Medicine Building/Alkek Eye Center
489808, Baylor College of Medicine Eating Disorders Clinic at Texas Children's Hospital
489564, Baylor College of Medicine-Pediatric Cardiology
488030, Baylor Institute for Rehabilitation
488248, Baylor Medical Center at Irving
489627, Baylor Medical Center at Uptown
488249, Baylor Medical Center at Waxahachie
488203, Baylor Medical Center of Frisco
488239, Baylor Regional Medical Center at Plano
488058, Baylor Scott & White Medical Center-Garland
488250, Baylor Scott & White Medical Center-Grapevine
480539, Baylor Scott & White Medical Center-Hillcrest
480132, Baylor Scott & White Medical Center-Lakeway
480495, Baylor Scott & White Surgicare-Fort Worth
489776, Baylor Scott & White The Heart Hospital-Plano
489542, Baylor Scott and White Medical Center-Round Rock
480242, Baylor Scott and White Surgical Hospital
480133, Baylor Scott and White-Liver Consultants of Texas
480395, Baylor St Luke's Medical Center
480094, Baylor Surgicare at Blue Star
489716, Baylor University
480351, Baylor University Medical Center
488097, Bayshore Medical Center
488348, Baytown Community Health Center (HCHD)
489568, Bell Helicopter-Textron
480553, Bethania Regional Health Care Center
488126, Bexar County Adult Detention Ctr (Corr H Care Svcs)
488125, Bexar County District Courts
488240, Bexar County Juvenile Probation Department-Bexar County Juvenile Detention Center
488165, Bexar County Juvenile Probation Department-Cyndi Taylor Krier Juvenile Correctional Treatment Center
488027, Bexar County Medical Examiner's Office
488251, Big Spring State Hospital
489668, Bio-Medical Applications of Texas Inc
488164, Biodynamics Research Corporation
488183, Blue Skies of Texas
488340, Brownsville Community Health Center (Frontera de Salud)
488309, Buckingham Senior Living Community
488384, Buena Vida Nursing and Rehab (San Antonio)
480067, Caperton Fertility Institute
488270, Caraday Park Bend Health Center
480029, Cardiology Care Consultants
489672, Cardiothoracic Surgical Associates San Antonio
489683, CARE Clinic
489634, CareFlite
489703, Carialex Texas PA
488232, Carilion Retirement Community
488385, Carol Young Medical Facility
489541, Caron Treatment Centers
488189, Carrier Corporation (Occupational Medicine)
488061, Carter BloodCare
488065, Cedar Crest Residential Treatment Center
480037, Cenikor Foundation-Tyler
489709, Center for Assisted Reproduction
489754, Center for Cancer and Blood Disorders
488117, Center for Foot & Ankle Restoration (Dallas)
489610, Center for Orthopedic Surgery
488158, Center for Special Surgery at the Texas Center for Athletes
488221, Center for Spine Sports and Physical Medicine
489536, Center of Excellence for Neurosciences
488345, Central Park Surgery Center
488334, Central Texas Dermatology Clinic
489794, Central Texas Neurology Consultants
480348, Central Texas Pediatrics Orthopedics
489549, Central Texas Rehabilitation Hospital
480505, Central Texas Veterans Affairs Healthcare System
488079, Central Texas Veterans Health Care System Facilities (Austin)
489772, Centre for Neuro Skills
489884, Cernero Surgery DO PA
488355, Charles F Mild MD PA-Cardiology Clinic
489586, Child Advocates of Fort Bend
489783, Child Neurology Consultants of Austin
489818, Child Protective Services
489531, Children & Adolescents Mental Health Programs (El Paso MHMR)
489582, Children's Assessment Center
480068, Children's Health Andrews Institute
488312, Children's Health-Children's Medical Center at Legacy
480360, Children's Health-Children's Medical Center of Dallas
489682, Children's Health-Children's Medical Center Plano
488081, Children's Hospital of Austin
489528, Children's Hospital of San Antonio
489587, Children's Memorial Hermann Hospital
489527, ChildSafe
489923, Chris Ticknor MD-Psychiatry Office
489816, Christus Health
480468, Christus Santa Rosa Health Care Corporation
489529, Christus Santa Rosa Hospital (City Centre)
489615, Christus Santa Rosa Hospital-Medical Center
480107, Christus Santa Rosa Hospital-Westover Hills
489599, Christus Santa Rosa Physician's Ambulatory Surgery Center
488175, Christus Spohn Hospital Corpus Christi-Shoreline
488151, Christus Spohn Hospital Corpus Christi-South
480257, Christus Spohn Memorial Hospital
488066, Christus St Elizabeth Hospital
488195, Christus VNA Hospice (San Antonio)
488163, City of Austin-Travis County EMS System Office of the Medical Director
480056, CitySquare (Baylor Scott & White Health)
480531, Clarity Child Guidance Center
488028, Clarity Child Guidance Center
480111, Clarity Child Guidance Center Outpatient Campus
489707, Clear Lake Dermatology
488265, Clear Lake Regional Medical Center
488333, Clinical Pathology Associates
489921, Clinical Trials of Texas Inc
488380, Coastal Eye Associates
488257, Cockerell Dermatopathology PA
488072, College Station (Columbia) Medical Center
488129, Colorado-Fayette Medical Center
488128, Columbus Community Hospital
489767, CommuniCare Health Centers
488327, CommUnity Care
489812, Community Health Center of Lubbock
480259, Community Healthcare of Texas-Providence Hospice
488245, Community Hospice of Texas
488277, Community Partners for Children
489909, Complete Family Foot Care
488284, Concentra Medical Center
480590, Conroe Medical Education Foundation
480574, Conroe Regional Medical Center
480503, Cook Children's Medical Center
480274, Cornerstone Gardens Healthcare and Rehabilitation
488328, Cornerstone Urology
489860, Corpus Christi Heart Clinic
480171, Corpus Christi Metro Ministries Inc
488121, Covenant Children's Hospital
489614, Covenant Hospital Plainview
488379, Covenant House of Texas
480561, Covenant Medical Center
488041, Cullen Bayou Place-Depelchin Children's Center
488053, Cypress Fairbanks Medical Center
489559, Dallas County Health & Human Services
488052, Dallas County Mental Health and Mental Retardation Center
489631, Dallas Fire-Rescue
488215, Dallas Nephrology Associates
480290, Dallas VA Medical Center
480199, Darnall Army Medical Center
489727, Darren Arneck MD-Geriatric Medicine Office
489876, David Grice DO PA-Dermatology Office
480205, David Hester MD-Orthopedics
489603, DaVita Island Dialysis
489841, DaVita UT Southwestern-Dallas Dialysis
488171, Dell Children's Eye Center
488157, Dell Children's Medical Center of Central Texas
480192, Dell Children's Medical Group at Strictly Pediatrics
489853, Dell Seton Medical Center at the University of Texas
488205, Denton Surgicare (Baylor Surgical of Denton)
488190, Department of State Health Services Region 4/5 North
488147, DePelchin Children's Center
489824, Dermatology Associates of Parker County
489820, Dermatology of North Texas
489875, Dermatology Spot
488259, DermSurgery Associates
489652, DeTar Healthcare System
489653, DeTar Navarro Hospital
489654, DeTar North Hospital
488178, Dialysis Center of Lubbock
488268, DNA Reference Laboratory Inc
489651, Doctors Hospital at Renaissance Ltd
488039, Don and Sybil Harrington Cancer Center
480224, Doris Miller Department of Veterans Affairs Medical Center
480393, Dr Justin McCarthy Clinic
480157, Driscoll Children's Hospital
488382, Ear Medical Group
488099, East Austin Health Center
480399, East Texas Baptist University-Department of Athletics
488318, East Texas Gastroenterology Associates
489590, East Texas Medical Center-Crockett
488320, East Texas Pulmonary Associates
488095, Eden Home Inc
489533, El Paso Child Guidance Center
489584, El Paso Children's Hospital
480367, El Paso County Medical Examiners
488217, El Paso Healthcare System (Del Sol Medical Center)
480142, El Paso Integrated Physician's Group PA
488393, El Paso Orthopedic Surgery Group & Center for Sports Medicine
480571, El Paso Psychiatric Center
489537, El Paso Sleep Center West
489650, Emergency Health Network-CHAMPS
488229, Encompass Health Hospital of Houston
480545, Encompass Health Rehabilitation Hospital of Dallas
489891, ENT Centers of North Texas
480017, Eric Reed MD-Otolaryngology Office
489557, Excel Diagnostics & Nuclear Oncology Center (Westchase)
489747, EyeCare Associates of East Texas
488057, Family Healthcare Medical Education and Research Foundation
480055, Family Medicine Residency Clinic at Frisco (Baylor Scott & White Health)
488280, Fondren Orthopedic Group
489649, Fort Worth VA Outpatient Clinic
489562, Foundation Surgical Hospital of San Antonio
489670, Foundations Surgical Hospital
480059, Frontier Medical Center
480090, Gainesville Clinic
488339, Galveston County Health District
488159, Gardner Betts Juvenile Justice Center
489689, Garland Fire Department
488231, Garrison Center for Geriatric Education and Care
488358, Gastroenterology Consultants of South Texas PA
489770, Gateway Community Health Center
489671, General Surgical Associates
489598, Gentiva Health Services
488321, Good Shepherd Cardiology
488315, Good Shepherd Medical Center
488219, Good Shepherd Medical Center-Marshall
488331, Grace Clinic
488278, Grace Medical Center
480093, Grayson County Health Clinic
488293, Gulf Coast Center Substance Recovery Program
489573, Gulf Coast MHMR
488346, Harlingen Medical Center
489715, Harlingen Pediatrics Associates
488070, Harris County Institute of Forensic Sciences
489796, Harris County Jail
480112, Harris County Juvenile Detention Center
488150, Harris County Mental Health Mental Retardation Authority
488044, Harris County Psychiatric Center
489784, Harris Health System Smith Clinic
480363, Harris Health System-Ben Taub Hospital
488347, HCA Healthcare Corpus Christi Medical Center-Bay Area
489817, HCA Healthcare Las Palmas Del Sol
489854, HCA Houston Healthcare/University of Houston
489905, HCA Medical City Healthcare UNT-TCU Graduate Medical Education
488143, HCPHES Antoine Health Clinic
489554, Health South Rehabilitation Hospital
488305, Healthbridge Children's Hospital (Houston)
489702, Heart and Vascular Specialist of South Texas
489765, Heart Center of North Texas
489798, Heart Institute at Renaissance
488133, Heart of Texas Community Health Center Inc
489842, Heights Dermatology-Anesthetic Center
487002, Hendrick Medical Center/Health System
480066, Her Health ObGyn Fertility Center
489758, Hidalgo County Health Department
489830, High Sky Children's Ranch
480070, Hill Top Women's Reproductive Clinic of El Paso
488222, HMG Park Manor of Conroe LLC
488161, Home Hospice (Odessa)
480478, Hood County Office of Emergency Management & Public Health
488341, Hope Clinic
489699, Hope Family Health Center
489687, Hopkins County Memorial Hospital
480130, Hospice Austin
480496, Hospice of East Texas
488306, Hospice of Lubbock
489924, Hospitals of Providence (THOP)-Memorial
480102, Hospitals of Providence (THOP)-Transmountain
489759, Houston County Medical Center
488173, Houston Eye Associates
489565, Houston Fertility Institute (Houston Office)
489618, Houston Fire Department Emergency Medical Services
480049, Houston Hospice
488208, Houston Hospice
488288, Houston Hospital for Specialized Surgery
488267, Houston Methodist Clear Lake Hospital
480172, Houston Methodist Hospital
489626, Houston Methodist West Hospital
489764, Houston Metro Urology PA
488003, Houston Northwest Medical Center
489763, Houston Pediatric Urology
489721, Houston Plastic and Reconstructive Surgery
488100, Huguley Memorial Medical Center
480141, Infectious Disease Center of El Paso
480086, Innovative Partners LLC
488322, Internal Medicine Associates of Longview
489574, Into Action Recovery Center
489686, Irving Fire Department
480099, J P Stevens High School Athletic Department
489619, Jamail Specialty Care Center (Baylor Clinic)
489623, James Earl Rudder High School-Bryan ISD
489712, James L West Alzheimer's Center
489674, Joe Arrington Cancer Research and Treatment Center
489804, Joffe MediCenter
480214, John Peter Smith Hospital (Tarrant County Hospital District)
489851, Joslin Diabetes Center at Renaissance
489847, Juan Salazar MD-Internal Medicine Office
489534, Juvenile Probation Department
480376, Keehan Dermatology
488144, Kelsey-Seybold Main Campus
488124, Kerrville State Hospital
488196, Kerrville Veterans Hospital
480092, Kidney Care Associates
488388, Kidney Institute
480146, Kidney MD
488091, Kindred Hospital
488241, Kirby Surgical Center
488182, Knapp Medical Center
480100, L B Johnson High School Athletic Department
480114, La Vega High School
489748, Lake Granbury Medical Center
489547, Lakewood Village Retirement Community
480174, Lance Walsh MD-Urology Clinic
489766, Laredo Medical Center
489918, Laredo VA Outpatient Clinic
489811, Larry Combest Community Health & Wellness Center
480071, Las Palmas Del Sol Healthcare Obstetrics & Gynecology Clinic
489928, Las Palmas Del Sol Internal Medicine Clinic PLLC
488246, Laurel Ridge Treatment Center
488378, Lee High School
488160, Legacy Clinic
489807, Legacy Community Health Service (Houston)
489645, Legacy Community Health Services-San Jacinto
489563, Lone Star Circle of Care
489827, Lone Star Community Clinic
488289, Lone Star Family Health Center
489753, Lone Star Medical Group/Choudhry
489757, Lone Star Medical Group/Sapkota
480043, Lone Star Medical Group/Shoukry
480042, Lone Star Medical Group/Shrestha
489750, Lone Star Medical Group/Subramanian
489692, Longview Regional Medical Center
489612, Lubbock Christian School
488263, Lubbock Dermatology and Skin Cancer Center
480394, Lubbock Gastroenterology
489538, Lubbock Health Department
488242, Lubbock Heart Hospital
480152, Lubbock Juvenile Justice Center
489609, Lubbock Sports Medicine
488330, Lubbock Urology Clinic
489756, Lung and Sleep Specialists of North Texas
488045, Lyndon B Johnson General Hospital
488138, Mainland Medical Center
480377, Malouf Dermatology
488224, Manor Park Inc
489606, Maternal Fetal Health Care PA
480010, Max Health Family Medicine
488005, Mays Cancer Center (UT Health San Antonio MD Anderson Cancer Center)
480077, McAllen Hand Center
480548, McAllen Medical Center
489836, MCH Family Health Clinic (Clements)
480532, MCH ProCare Odessa Heart Institute
489635, McLane Children's Hospital Scott & White
488376, Med Fusion Clin-Labs
480588, Medical Center Hospital
488387, Medical Center Kidney Clinic
488204, Medical Center of Plano
489914, Medical City Alliance
489648, Medical City Arlington
488139, Medical City Dallas Hospital
488207, Medical City Denton
489548, Medical City Fort Worth
480481, Medical City Lewisville
489913, Medical City North Hills
489680, Medical City Weatherford
489738, Medical Park Tower Surgery Center
489749, MedPeds Medical Clinic
489633, MedStar Emergency Medical Services
488131, Memorial Hermann Health System
489571, Memorial Hermann Hospice
489637, Memorial Hermann Katy Hospital
488266, Memorial Hermann Memorial City Medical Center
480105, Memorial Hermann Northeast Hospital
488122, Memorial Hermann Northwest Hospital
489684, Memorial Hermann Orthopedic and Spine Hospital
489569, Memorial Hermann Prevention & Recovery Center (PaRC)
488132, Memorial Hermann Southeast Hospital
480443, Memorial Hermann Southwest Hospital
488351, Memorial Hermann Sugar Land Hospital
489629, Memorial Hermann Surgery Center Texas Medical Center
488209, Memorial Hermann The Woodlands Hospital
489805, Memorial Hermann West Houston Surgery Center
480359, Memorial Hermann-Texas Medical Center
489675, Mentis Neuro Rehabilitation
489632, Mesquite Fire Department
489734, Methodist Ambulatory Surgery Center-Medical Center
489722, Methodist Ambulatory Surgery Hospital
489581, Methodist Center for Orthopedic Surgery at Willowbrook
480575, Methodist Charlton Medical Center
489575, Methodist Children's Hospital
480407, Methodist Health System Dallas
488051, Methodist Healthcare
489545, Methodist Healthcare System of San Antonio
489736, Methodist Specialty and Transplant Hospital
489543, Methodist Stone Oak Hospital
488260, Methodist Sugar Land Hospital
488297, Metrocare Services
488073, Metroplex Pavilion Hospital
488088, Metropolitan Health District (San Antonio)
488096, Metropolitan Methodist Hospital
480223, MHMR Authority of Brazos Valley-Mental Health Provider Services and Crisis Services
489658, MHMRA Northwest Clinic
480326, Michael E DeBakey VA Medical Center (Houston)
489705, Mid Valley Retina Center
489834, Midland Children's Advocacy Center
489837, Midland Community Healthcare Services
489832, Midland Juvenile Detention Center
488032, Midland Memorial Hospital
480401, Midland Surgical Associates
480081, Mira Vista Surgical Dermatology
489872, Miraca Life Sciences
489845, Mission Nursing and Rehabilitation Center
489769, Mission Trail Baptist Hospital
488082, Moncrief Cancer Center
488119, Montford Prison Health Unit
480225, Montgomery County Hospital District
480011, Monticello Diagnostic Imaging
488114, Morningside Ministries (San Antonio)
488037, Mother Frances Hospital Regional Health Care Center
480305, Musculoskeletal Medicine and Sports Performance Clinic
480233, My Health My Resources of Tarrant County
488067, NASA Johnson Space Center
489802, Neurology Institute at Renaissance
489595, Nexus Recovery Center
487086, Nix Medical Center
489678, North Central Baptist Hospital
480555, North Central Texas Medical Foundation
480074, North Cypress Medical Center
489723, North Lakes Pain Consultants
480209, North Texas Area Community Health Centers
488077, North Texas Clinical PET Institute
488202, North Texas Hospital
480012, North Texas Musculoskeletal Medicine
488216, North Texas State Hospital
488064, Northeast Baptist Hospital
489691, Northeast Texas Neurological Associates
480208, Northeast Texas Oncologic and Reconstructive Surgery PA
480021, Northeast Texas Pediatrics
480283, Northeast Texas Public Health District
488300, Northstar Surgical Center
489555, Northwest Surgery Center LLP
480566, Northwest Texas Health Care System
488193, Nuestra Clinica del Valle
489838, Oasis Dermatology Group PLLC
489826, Occupational Medicine Care
489647, Oceans Behavioral Hospital
488210, Odyssey HealthCare of Conroe
488253, Office of Daniel Witheiler MD PA
489625, Ophthalmic Plastic Surgeons of Texas
489713, Origins Recovery Center
480239, Ortho San Antonio
488243, Orthopaedic Surgery Center of San Antonio
489701, OSM Sports Medicine
488180, Our Children's House at Baylor
489906, Our Children's House Dallas
489746, Pampa Regional Medical Center
489593, Park Plaza Hospital and Medical Center
489752, Parker County Gastroenterology
489720, Parkinson Disease Movement Disorders Clinic
480400, Parkland Health and Hospital System-Parkland Memorial Hospital
488141, Parks Methodist Retirement Village
489773, Pate Rehabilitation
480368, Pathology Professional Services
489695, Pecos County Memorial Hosptial
489839, Pedi Med Center
488247, Pediatric Associates of Lubbock
488254, Pediatric Dermatology of North Texas
488098, People's Community Clinic (Austin)
489788, Permian Basin Community Based Clinic-West Texas VA Odessa
489743, Permian Basin Community Centers for MHMR-Midland
489694, Permian Regional Medical Center
489553, Physical Medicine and Neurotoxin Institute
489819, Planned Parenthood
480072, Planned Parenthood of Greater Texas
488137, Plano Orthopaedic and Sports Medicine Center
488225, Prairie View A&M University
480024, Precision Spine Care
488201, Presbyterian Hospital of Plano
488206, Presbyterian Hospital of Rockwall
488200, Presbyterian Plano Center for Diagnostics and Surgery
489874, Prestige Dermatology of Alliance
489873, Prestige Dermatology of Burleson
488287, Priscilla P Flawn Child & Family Laboratories
488304, Project Vida Health Center
489718, ProloAustin
489577, ProPath
488256, Propath Laboratory
480540, Providence Health Center
488307, Psychiatric Center at Houston
489551, Pulmonary and Critical Care Consultants of Austin LLP
489698, Pulmonary and Sleep Center of the Valley
488359, Pulmonary Associates
489859, Pulmonary Associates of Corpus Christi
480028, Pulmonary Sleep & Allergy Consultants
480138, Radu Ciubuc MD-Geriatrics Office
489760, Rajendra K Marwah MD-Rheumatologist Office
489922, Ramon Victor Sanchez MD-Psychiatry Office
489639, Ranch at Dove Tree
489685, Reconstructive Orthopaedic Center (ROC) Houston
489799, Renaissance Gastroenterology
489696, Renaissance Medical Foundation
480084, Renaissance Medical Imaging
488350, Renal Associates PA
488218, Retama Manor Nursing Center
480156, Retina Consultants of Austin
489846, Rheumatology Institute at Renaissance
489601, Rice University Training Room
480079, Rio Grande Comprehensive Upper Extremity Center
488371, Rio Grande Orthopedic Center
489667, Rio Grande State Center
488354, Rio Grande Valley Adults & Internal Medicine Specialists PA
489850, Rio Valley Dermatology
480222, Rock Prairie Behavioral Health
489829, Rockwall Surgery Center
489780, Roger J Wolcott MD PA-Physical Medicine & Rehabilitation Office
489611, Roosevelt High School
480018, Roy Gerard MD-Nephrology Office
480108, Roy Maas Youth Alternatives Inc-Meadowland Long Term Care Facility
480110, Roy Maas Youth Alternatives Inc-The Bridge
489688, Rusk State Hospital
480276, Ruth's Place Clinic
489849, Sagis PLLC
480202, Sam Houston State University College of Osteopathic Medicine
489544, San Antonio Colon and Rectal Clinic
488031, San Antonio Community Hospital
488166, San Antonio Independent School District
480277, San Antonio Military Medical Center (SAMMC)-Brooke AMC
489643, San Antonio Pediatric Developmental Services
489673, San Antonio Pediatric Surgery Associates
488075, San Antonio Sports Medicine Institute
480101, San Antonio Spurs Training Facility
488154, San Antonio State Hospital
488068, San Antonio Uniformed Services Health Education Consortium
480579, San Jacinto Methodist Hospital
489704, Sarada Gummandi MD-Hematology Oncology Office
480014, Saud Khan MD-Neurology
489782, SBSI Neurology Clinic at the Jefferson Building
489681, Scenic Mountain Medical Center
489920, Schertz Cibolo Emergency Clinic
489866, Schertz EMS
489560, Scott and White Hemingway Medical Building
488220, Seabury Center NCU
488228, Select Specialty Hospital (Houston Medical Center)
489717, Seton Brain & Spine Institute PM&R Clinic at Jefferson Building
489550, Seton Brain and Spine Institute Far West
489655, Seton Highland Lakes Hospital
488130, Seton Medical Center
488338, Seton Medical Center Hays
489600, Seton Medical Center-Williamson
489540, Seton Northwest Hospital
488042, Seton Shoal Creek Hospital
488316, Settegast Health Center
488118, Sexually Transmitted Disease Clinic (Lubbock)
488152, Shannon Medical Center
480109, Sheldon Gross MD-Pediatric Neurology Office
488001, Shriners Hospitals for Children (Galveston Burns Institute)
488029, Sierra Providence Health Network
480264, Sonic Reference Laboratory
488367, South Heart Clinic PLLC
488269, South Texas Blood and Tissue Center
488211, South Texas Dermatopathology Lab
488364, South Texas Endocrine Clinic
488093, South Texas Hospital (Harlingen)
489706, South Texas Kidney Specialists
488115, South Texas Spinal Clinic (San Antonio)
480106, South Texas Spine and Surgical Hospital
489810, South Texas Surgical Hospital
488353, South Texas Veteran's Affairs Health Care Ctr in Harlingen
480530, South Texas Veterans Healthcare System-Audie L Murphy Division
489730, South Tyler Dermatology
488230, Southern Methodist Memorial Health Center
488308, Southside Counseling Center
489558, Southwest Cancer Center
480282, Southwest Center for Reproductive Health PA
488343, Southwest Ear Nose & Throat Consultants PA
480113, Southwest Sports Medicine and Orthopaedics
489617, Southwest Texas Regional Advisory Council (STRAC)
480536, Southwestern Institute of Forensic Sciences
489857, Southwestern Women's Surgery Center
489856, Specially for Children-Capital Plaza
488179, Specially for Children-Neurology
488168, Sports Medicine Associates
489744, Springboard Center
480207, Springs Nursing Center
480260, St Anthony's Care Center
480263, St David's Healthcare Graduate Medical Education
488145, St David's Healthcare Partnership
488080, St David's Medical Center
489522, St David's North Austin Medical Center
489523, St David's Round Rock Medical Center
480266, St David's South Austin Medical Center
488236, St Dominic Village
489710, St Joseph Dermatopathology
480206, St Joseph Medical Center
488063, St Joseph Regional Health Center
488050, St Luke's Baptist Hospital
480375, St Luke's Health-Memorial Hospital
488275, St Mark's Medical Center
487021, St Mary Hospital
489642, Star Care Hospice
488390, StarCare Specialty Health System
488069, Stephen F Austin State University
480087, Stephen Sandoval MD-Orthopedic and Sports Medicine Associates LLP
489893, Steven A Johnson MD-Adult and Pediatric Urology
488271, Stonebridge Health Center
488186, Strictly Pediatrics Surgery Center
489779, Sun Behavioral Houston
480144, Sun City Gastroenterology & Hepatology
480145, Sun Neuro PA
488332, Susan Dozier MD Dermatology Office
489898, Swisher Memorial Healthcare System
488076, Tarrant County Medical Examiner's Office
488059, Tenet Park Plaza Hospital
480515, Terrell State Hospital
480140, Texas A&M College of Medicine-Scott and White Medical Center
488062, Texas A&M Health Science Center Bryan/College Station
489677, Texas A&M Health Science Center College of Medicine
489520, Texas A&M Health Science Center College of Medicine (Round Rock)
489621, Texas A&M HSC College of Medicine-Family Medicine Center
489622, Texas A&M University
489729, Texas Arthritis and Rheumatology
488352, Texas Back Institute (Denton)
488199, Texas Back Institute (Plano)
488198, Texas Back Institute Research Foundation
488085, Texas Center for Infectious Disease (San Antonio)
488279, Texas Child Study Center
480456, Texas Children's Hospital
488087, Texas Department of Health (Region 8)
480458, Texas Department of State Health Services
488252, Texas Dermatology Associates PA
489742, Texas Health Care Physician Group-Otolaryngology Practice
480044, Texas Health Care PLLC/K Bobbili
480361, Texas Health Harris Methodist Hospital Fort Worth
480231, Texas Health Harris Methodist Hurst-Euless-Bedford
489561, Texas Health Presbyterian Flower Mound
480230, Texas Health Presbyterian Hospital Denton
480519, Texas Health Resources
480258, Texas Health Resources/Presbyterian Hospital Dallas
480529, Texas Heart Institute
489762, Texas Institute for Graduate Medical Education and Research (TIGMER)
489669, Texas Liver Institute
489751, Texas Nephrology Consultants PA
488286, Texas Oncology (Amarillo)
489795, Texas Oncology (Austin)
480088, Texas Oncology (Denison)
488326, Texas Oncology (Longview)
480020, Texas Oncology (Mount Pleasant)
488223, Texas Orthopaedic and Sports Medicine
488084, Texas Orthopedic Hospital (Houston)
489552, Texas Orthopedics Sports and Rehabilitation Associates-Northwest
480373, Texas Rehabilitation Hospital of Fort Worth
480341, Texas Scottish Rite Hospital for Children
480203, Texas Sleep Medicine
489778, Texas Spine and Joint Hospital
480402, Texas Surgical Center
489895, Texas Tech Physicians Endocrinology and Diabetes Center
488375, Texas Tech Physicians of Midland
488314, Texas Tech Physicians of the Permian Basin
489572, Texas Tech Physicians of the Permian Basin Geriatric Center
480589, Texas Tech University Health Sciences Center (Permian Basin)
480520, Texas Tech University Health Sciences Center at Amarillo
480534, Texas Tech University Health Sciences Center at Lubbock
489814, Texas Tech University Health Sciences Center El Paso Family & Community Medicine
480550, Texas Tech University HSC El Paso
480217, Texas Tech University HSC El Paso Transmountain
488181, Texas Transplant Institute
489843, Texas Vista Medical Center Hospital
489883, Texoma Dermatology
489679, Texoma Medical Center
489882, Texoma Orthopedic and Spine
489892, Texoma Retina Center
489879, TexomaCare
480089, TexomaCare Obstetrics and Gynecology
489878, TexomaCare Specialty Physicians
488086, The Hand Center (San Antonio)
480511, The Institute for Rehabilitation and Research
488113, The Menninger Clinic (Houston)
488292, The Physician Center
480005, The Stayton
489887, TMC Advanced Medical Imaging
489886, TMC Behavioral Health Center
488349, TOC Eye and Face
488089, Tomball Regional Hospital
489858, Torr Sleep Center
480126, Travis County STAR Flight
489661, TRICARE at Humana
480006, Trinity Terrace
489576, Tropical Texas Behavioral Health
488301, Trustpoint Hospital
480325, Tyler Cardiovasculat Consultants (CVC)
480554, United Regional Health Care System (URHCS)
488302, University Behavioral Health of El Paso
480445, University Hospital
488034, University Hospital Zale Lipshy
480562, University Medical Center
480563, University Medical Center at Brackenridge
488391, University Medical Center Northeast
480442, University Medical Center of El Paso
480386, University of Houston College of Medicine
489809, University of Houston Sports Medicine
489546, University of North Texas Health Science Center
489663, University of Texas at Austin Dell Medical School
488392, University of Texas at El Paso Larry K Durham Sports Center
480585, University of Texas Counseling Center
488276, University of Texas Dental Branch at Houston
480547, University of Texas Health Science Center at Houston
480201, University of Texas Health Science Center at Houston (Pulmonary Medicine Department)
480522, University of Texas Health Science Center at San Antonio
480587, University of Texas Health Science Center at Tyler
489501, University of Texas Health Science Center Joe and Teresa Lozano Long School of Medicine
480404, University of Texas M D Anderson Cancer Center
480312, University of Texas Medical Branch at Clear Lake
489502, University of Texas Medical Branch at League City
480131, University of Texas Medical Branch Hospitals
489904, University of Texas Medical School at Houston-Ruiz Dept of Ophthalmology & Visual Science
489556, University of Texas Physicians-Downtown
489664, University of Texas Rio Grande Valley
480560, University of Texas School of Public Health
488153, University of Texas Southwestern Clinical Heart Center
480316, University of Texas Southwestern Medical Center
480098, University of the Incarnate Word Athletic Training Rooms and Sports Complex
489771, University of the Incarnate Word School of Osteopathic Medicine
480004, UNTHSC Patient Care Center
489580, Urology San Antonio
480578, US Air Force Hospital (Reese)
488101, US Army Institiute of Surgical Research (Fort Sam Houston)
489871, US Dermatology Partners of Fort Worth/Cultural District
489870, US Dermatology Partners of Fort Worth/South Hulen
489868, US Dermatology Partners of Weatherford/Blankhead
480493, USAF School of Aerospace Medicine
480525, UT Behavioral Biomedical Sciences Building
480194, UT Health Athens
480158, UT Health Austin
480193, UT Health Cedar Creek Lake
480065, UT Health Jacksonville
480007, UT Health Pittsburg
480159, UT Health Quitman
480002, UT Health Tyler
488083, UT Health Tyler
488381, UT Medicine Medical Arts & Research Center
488344, UT Medicine Pain Consultants
480036, UT Physician Bayshore Multispecialty Clinic
489585, UT Physicians Specialty Clinics
489628, UT Physicians-Ironman Sports Medicine Institute
488383, UT Senior Health Clinic
488192, UTHSC at Houston Physician Practices
489781, UTHSCSA Advance Clinic
480435, UTMB Health Angleton Danbury Campus
488303, VA Outpatient Clinic (Lubbock)
489714, VA Texas Valley Coastal Bend Health Care System
488362, Valley AIDS Council
489700, Valley Arthritis Center
488060, Valley Baptist Medical Center
488370, Valley Ear Nose & Throat Specialist & Dermatology
488366, Valley Institute of Neurological Excellence
489800, Valley Internal Medicine Associates
489785, Valley Regional Medical Center
488094, Veteran Affairs Medical Center (McAllen)
480584, Veterans Affairs Medical Center (Amarillo)
480557, Veterans Affairs Medical Center (Big Spring)
488140, Veterans Affairs Medical Clinic (Lubbock)
480507, Visiting Nurses Association of Texas
488197, VistaCare (San Antonio)
488187, Vistacare Center (Lubbock)
480429, Vitalant-El Paso
480339, Vitas Healthcare of Texas
488212, Vitas Healthcare of Texas LP
488290, Vitas Hospice (San Antonio)
488310, Vosswood Nursing Center
488394, W Graham Guerriero MD Urology Office
480533, Waco Family Medicine-Institute
480115, Waco Independent School District
488055, Wadley Regional Medical Center (Texarkana)
488056, Warm Springs Rehabilitation Hospital (San Antonio)
489823, WellMed at Crosstown
489708, WellMed at Northwest 410
480122, WellMed Medical Management
480080, Weslaco Nursing and Rehabilitation Center
489855, West Houston Medical Center
488291, West Oaks Hospital
488296, West Texas Regional Poison Center
480025, Westwind Pediatric Clinic
480287, Wilford Hall Ambulatory Surgical Center
480318, William Beaumont Army Medical Center
480103, William P Clements Jr University Hospital
488335, Williamson County and Cities Health District
488167, Winston School San Antonio
480559, Woman's Hospital of Texas
488363, Women's Health Specialists PA
488071, World Craniofacial Foundation
489840, WRMC Surgery Center
488368, Wyle Integrated Science & Engineering
480027, Ysleta Del Sur Pueblo Community Health Center
489532, Ysleta Independent School District
