AMC_No,AMC_Name
499508 , 75th Medical Group
490002 , ARUP Laboratories
498016 , Associated Regional and University Pathologists
499533 , Blanding Family Practice
499502 , Brookdale Salt Lake City
498027 , Central Utah Clinic
490448 , Children's Center
499511 , Community Nursing Services
498023 , Cottonwood Hospital
498024 , Craniofacial Foundation of Utah
499516 , Davis Behavioral Health
499504 , Davis Hospital and Medical Center
499503 , HCA Healthcare/St Mark's Hospital
490001 , Heber Valley Hospital
490011 , Huntsman Cancer Institute and Hospital
498025 , Intermountain Medical Center
499524 , Jordan School District-Psychologist Department
499520 , Lakeview Medical Center
490340 , LDS Hospital
490304 , McKay-Dee Hospital Center
490003 , Mountain West Ambulance
498022 , Odyssey House
498026 , Office of the Medical Examiner
499519 , Ogden Regional Medical Center
498017 , Paracelsus Healthcare Corporation
498018 , PHC Regional Hospital and Medical Center
490017 , Planned Parenthood Association of Utah
490151 , Primary Children's Hospital
499523 , Recovery Ways
499506 , Riverton Hospital
499536 , Rocky Mountain Dermatology
490004 , Salt Lake City Fire Department
490297 , Salt Lake Regional Medical Center
490331 , Shriners Hospitals for Children-Salt Lake City
490441 , St Mark's Hospital
490445 , State of Utah Department of Health
490008 , Sugar House Health Center
499539 , University of Utah Community Clinics/Madsen Clinic and Suger House Clinic
498015 , University of Utah Counseling Center
499517 , University of Utah Farmington Healthcare
490247 , University of Utah Health
499505 , University of Utah Health Care South Jordan Health Center
498014 , University of Utah Neuropsychiatric Institute
499518 , University of Utah Pediatric Department
499501 , University of Utah School of Medicine
498021 , Utah HealthCare Institute/St Mark's
490443 , Utah State Hospital
499507 , Utah State Veterans Nursing Home
498019 , Utah Valley Hospital
490140 , Valley Mental Health
490251 , Veterans Affairs Medical Center (Salt Lake City)
