AMC_No,AMC_Name
507017 , Bayada Hospice Upper Valley of VT/NH
507002 , Brattleboro Retreat
507005 , Central Vermont Medical Center
507009 , Child Development Clinic
500485 , Fanny Allen Hospital
507010 , Howard Center
507011 , Northeastern Family Institute
507016 , Planned Parenthood of Northern New England
500002 , Porter Medical Center
507007 , Spectrum Youth and Family Services
507008 , Stern Center for Language and Learning
500480 , University of Vermont Medical Center
500003 , UVM Health Network Home Health & Hospice
507012 , Valley Vista
507006 , Vermont Department of Health
500249 , Veterans Affairs Medical Center (White River Junction)
507003 , VNA Visiting Nurse and Hospice of Vermont and New Hampshire
