AMC_No,AMC_Name
518066, 1st Medical Group
510024, Addiction Recovery System
519541, Advanced Orthopaedic Center
519513, Air Force Medical Support Agency
519607, Alexandria Health Department
510412, Alexandria Hospital
518119, American Institute of Radiologic Pathology
519514, American Red Cross Blood Services-Mid Atlantic Region
518037, Augusta Health Care Inc
518076, Berger Goldrich Home at Beth Sholom Village
518001, Blackstone Family Practice Center
510004, Blue Ridge Associates in Neurology
518057, Blue Ridge Behavioral Healthcare
519539, Blue Ridge Behavioral Healthcare-Burrell Center
519538, Blue Ridge Behavioral Healthcare-Hollins Road Recovery Center
518041, Blue Ridge Poison Control Center
519591, Blue Ridge Surgery Center
519508, Bon Secours Blackstone Family Practice Center
518039, Bon Secours Memorial Regional Medical Center
518048, Bon Secours Richmond Community Hospital
518047, Bon Secours Richmond Health System
519510, Bon Secours St Francis Family Medicine Center
519507, Bon Secours St Francis Medical Center
518017, Bon Secours St Mary's Hospital
519553, Botetourt County Public Schools
510017, Brock Hughes Free Clinic
519562, Capital Caring (Alexandria)
519506, Capital Caring (Falls Church)
518081, Capital Caring (Halquist Memorial Inpatient Center)
519509, Capital Caring (Leesburg)
510012, Carilion Clinic Cardiology-Christiansburg
510032, Carilion Clinic Neurosurgery
510013, Carilion Clinic Orthopaedic Surgery-Blacksburg
510033, Carilion Clinic Orthopaedic Surgery-New River Valley
519559, Carilion Clinic-Dominion Pathology Associates
518024, Carilion Clinic-Virginia Tech Carilion School of Medicine
519517, Carilion Franklin Memorial Hospital
510258, Carilion Medical Center-Carilion Roanoke Memorial Hospital
510197, Carilion Medical Center-Roanoke Community Hospital
518028, Catawba Hospital
518105, Center for Pain Management
510716, Centra Health Inc
510148, Central Virginia VA Health Care System (Richmond)
518088, Chesapeake General Hospital
518074, Chesapeake Place
519561, Chesterfield Mental Health Support Services
510291, Children's Hospital
510490, Children's Hospital of the King's Daughters
510119, Chippenham and Johnston-Willis Hosp (Johnston-Willis Campus)
510721, Chippenham and Johnston-Willis Hospitals (Chippenham Campus)
519526, Chippenham and Johnston-Willis Hospitals Inc
519582, City of Charlottesville Fire Department
519544, Colonial Orthopaedics (Midlothian)
518002, Commonwealth Center for Children & Adolescents
510184, Commonwealth of Virginia Department of Health
519548, Commonwealth Orthopaedics (Alexandria Office)
518094, Commonwealth Orthopedics & Rehabilitation (Arlington Office)
518118, Community Memorial Healthcenter
518112, County of Roanoke Clerk of Juvenile & Domestic Relations
518082, Crater Community Hospice
518103, Culpeper Regional Hospital
518116, Department of Social Services (Roanoke City)
510242, DePaul Medical Center
519560, District 19 Community Services Board
519611, Ear Nose Throat & Allergy Consultants PC
510222, Eastern State Hospital
510714, Eastern Virginia Medical School
518045, Evergreene Nursing Care Center
510019, Eye Physicians of Southwest Virginia
518067, Fairfax County Department of Health
518086, Fairfax Family Medicine
518111, Family Services of Roanoke Valley
519566, Farley Center at Williamsburg Place
519565, Fauquier Hospital
518078, FBI-Center for Analysis of Violent Crime Forensic Psychiatry
510037, Federal Burrau of Investigation Academy
510038, Foot and Ankle Clinic of the Virginias
510377, Fort Belvoir Community Hospital
519655, Free Clinic of Pulaski County Inc
519609, Fresenius Kidney Center of Greater Norfolk
518052, Gardens at Warwick Forest
519627, Halifax Endocrinology Center
519545, Hanover Family Physicians
518075, Harbor's Edge
519577, HCA Healthcare LewisGale Hospital-Montgomery/VCOM
518056, HCA Healthcare LewisGale Medical Center
518060, HCA Healthcare/Reston Hospital Center
519615, Health Wagon
519598, Heritage Hall Healthcare and Rehabilitation Center
519626, Highlands Community Services
519604, Highlands Pediatrics
518109, Hopetree Family Services
519568, Hospice of the Piedmont
518100, Hospice of Virginia
518083, Infectious Diseases Physicians Inc
518036, Inova Fair Oaks Hospital
510492, Inova Fairfax Medical Campus
518092, Inova Mount Vernon Hospital
518117, Intercept
519576, Johnston Memorial Hospital
518063, Lake Taylor Transitional Care Hospital
519515, Lakeview Medical Center
518085, Langley Air Force Base-1st Medical Group
519504, Lasik Center of Virginia
518096, Legacy Hospice
519583, LewisGale Academic Care Associates
519578, LewisGale Hospital-Montgomery
510047, LewisGale Medical Center-Cave Spring ER
510025, LewisGale Orthopedics
519595, LewisGale Physicians
510011, LewisGale Physicians-Family Medicine
519635, Liberty Mountain Medical Group
519581, Liberty University College of Osteopathic Medicine Graduate Medical Education Services LLC
519588, Lipstock Lasik & Cataract Center
510200, Louise Obici Hospital
519512, Lucy Corr Village
518072, Martha Jefferson Hospital
519571, Mary Washington Hospital
510480, Maryview Medical Center
519551, McDonald Army Health Center
510494, MCV-Virginia Treatment Center for Children
519585, Medarva Stony Point Surgery Center
519569, Medical Center Radiologist
510487, Medical College of Virginia Hospitals
510009, Mel Leaman Free Clinic
519648, Mount Rogers Health District
518046, Mountainside Senior Living
519631, National Health Care Corporation
518068, Naval Environmental and Preventive Medicine Unit 2
518101, Naval Health Clinic Quantico
510314, Naval Medical Center (Portsmouth)
519608, Nephrology Associates of Tidewater
519521, New Century Hospice of Richmond
518114, New Horizons Healthcare
510040, New River Valley Neurology & Epilepsy
518023, Nirschl Orthopedic Clinic
519549, Noah's Children Pediatric Hospice and Palliative Care
518050, Norfolk Community Services Board
519643, Norfolk Fire-Rescue
519616, Northern District Office of the Medical Examiner
510504, Northern Virginia Mental Health Institute
518097, Northrop Grumman Shipbuilding Inc
519575, Norton Community Hospital
518064, Oakwood Rehabilitation and Nursing Center
518061, Office of Chief Medical Examiner
518099, Office of the Chief Medical Examiner (Roanoke)
519537, Office of the Chief Medical Examiner of the Commonwealth of Virginia
518026, Orthopaedic Research of Virginia
519542, OrthoVirginia-St Francis Medical Center Campus
519540, Patterson Place Sports Medicine and Physical Therapy
510015, Performance Medicine of Southwest Virginia
519619, Piedmont Access to Health Services Inc
517005, Piedmont Geriatric Hospital
519624, Pittsylvania-Danville Health Department
519525, Planned Parenthood Roanoke Health Center
519644, Portsmouth Fire Rescue and EMS
510256, Portsmouth General Hospital
519597, Potomac School
519546, Powhatan High School Training Room
518054, Prince William Hospital
518087, Proponency Office for Preventive Medicine
519518, PRW Laboratories
518022, Quest Diagnostics Nichols Institute (Chantilly)
510014, Radford University Sports Medicine
519505, RAI Mechanicsville Turnpike Dialysis Facility
519589, Randolph Macon College
519516, Region Ten
519554, Renaissance Pediatrics PC
519613, Reston Surgery Center
518107, Richmond City Health Department
519590, Richmond City Public Schools
519522, Richmond Public Elementary Schools
519637, River Ridge Dermatology
519519, Riverside Behavioral Health Center
510108, Riverside Regional Medical Center
518049, Riverside Rehabilitation Institute
519550, Riverside Shore Memorial Hospital
518091, Riverside Walter Reed Hospital
519596, Roanoke Ambulatory Surgical Center
518110, Roanoke City Public Schools
518069, Roanoke Neurological Associates
519601, Salem Fire-EMS Department
518059, Sentara Bayside Hospital
518080, Sentara CarePlex Hospital
519503, Sentara Heart Hospital (Medical Group Neurology)
510713, Sentara Leigh Hospital
510276, Sentara Norfolk General Hospital
519520, Sentara Princess Anne Hospital
510514, Sentara Virginia Beach General Hospital
518051, Sheltering Arms Hospital
510001, Sideline Orthopedics and Sports Medicine
517019, Southside Community Hospital
519558, Southside Regional Medical Center
510030, Southwest Virginia Cancer Center
519580, Sovah Health-Danville
519547, St Catherine's High School
519556, Tidewater Eye Centers PC
518031, Tidewater Office of the Chief Medical Examiner
518062, Town Center Orthopaedic Associates
518021, Tuckahoe Orthopaedic Associates
510124, University of Virginia Medical Center
519557, Urology of Virginia
518065, UVA Encompass Health Rehabilitation Hospital
518027, Valley Health System
519594, VCOM Sports & Osteopathic Medicine
519543, VCU Sports Medicine Center
510508, Veterans Affairs Medical Center (Hampton)
510513, Veterans Affairs Medical Center (Salem)
510042, Vibra Hospital of Richmond
518089, Virginia Beach Comprehensive Mental Health Services
519645, Virginia Beach Department of Emergency Medical Services
519527, Virginia Blood Services
518030, Virginia Commonwealth University Graduate Program in Public Health
518038, Virginia Commonwealth University Health System
519501, Virginia Commonwealth University School of Medicine
519646, Virginia Federal Emergency Management Agency Task Force 2 (VATF-2)
510501, Virginia Hospital Center (Arlington)
519555, Virginia Institute for Sports Medicine
510002, Virginia Interventional Pain & Spine Center
518104, Virginia Poison Center
518113, Virginia Tech
518029, Warren Memorial Hospital
518071, Washington Radiology Associates
519579, Wellmont Health System
518095, West End Orthopaedic Clinic
517023, Western State Hospital
518077, Westminister Canterbury on Chesapeake Bay
510478, Winchester Medical Center
518108, Youth Haven
