AMC_No,AMC_Name
548093, Activity Sports & Exercise Medicine Clinic
540064, All Women's Care
548166, ATI Physical Therapy-Cabrini
548012, Bloodworks Northwest
548050, Boeing
540066, Bremerton Health and Rehabilitation
548110, Cavalon Place-The Doctor's Clinic
548189, Cedar River Clinics
548186, Central Washington Hospital & Clinics
548199, CHI Franciscan Health St Anthony Hospital
540001, CHI Franciscan Health St Francis Hospital
548078, Child Study & Treatment Center
548125, Clark County Health Department
540079, Columbia River Mental Health Services
548180, Columbia Valley Community Health Center
548105, Community Health Association of Spokane (CHAS)
548115, Community Health Care
548085, Community Health of Central Washington
548035, Country Doctor Community Clinic
540060, Daybreak Youth Services-Brush Prairie
540302, Deaconess Hospital
548061, Department of Adult & Juvenile Detention
548029, Department of Health (Seattle & King County)
548148, DermaHealth Dermatology & Dermasurgery
548084, Eastern State Hospital
540007, Edgewood Seattle
548201, Elson S Floyd College of Medicine Washington State University
548066, Everett Clinic
548040, Evergreen Hospital Medical Center
548039, Evergreen Hospital Medical Center (Seattle)
548164, Evergreen Radia Imaging Center
540006, Evergreen Treatment Services
548092, Family Medicine Spokane
540065, First Hill Surgery Center
548167, Foot and Ankle Center of Washington
540067, Forest Ridge
540021, Franciscan Medical Group ObGyn
540056, Franciscan Urology Associates
548001, Fred Hutchinson Cancer Research Center
548083, Frontier Behavioral Health
548116, Gonzaga University Counseling Center
548146, Grace Clinic
540405, Harborview Medical Center
548141, Harrison Medical Center
548048, Healthy Worker Clinic
548020, Hope Heart Institute
540516, Inland Empire Hospital Services Association
540062, Inland Orthopaedic Surgery & Sports Medicine Clinic
548073, Internal Medicine Residency Clinic
548143, Kadlec Family Medicine Residency Clinic
548114, Kadlec Regional Medical Center
540498, Kaiser Permanente Washington
548113, King County Emergency Medical Services
540515, King County Medical Examiner's Office
540024, King County Public Health-Downtown Clinic
540055, Kitsap Children's Clinic
540017, Kitsap General Surgery
548154, Kitsap Mental Health Services
540058, Kitsap Ob/Gyn Associates
548009, Kittitas Valley Community Hospital
548098, Kittitas Valley Community Hospital
548010, Klickitat Valley Hospital
548179, Lake Chelan Community Hospital
540027, Legacy Salmon Creek Medical Center
548183, Life Care of Cottesmore
540078, Lifeline Connections-Vancouver
548145, Lourdes Counseling Center
540023, Lourdes Medical Center
540393, Madigan Army Medical Center
548132, Mark C Valentine MD-Dermatology Office
540513, Mary Bridge Children's Hospital and Health Center
548011, Mid-Valley Hospital
548008, Mount Carmel Hospital
548163, MTI Physical Therapy
548136, MultiCare Auburn Medical Center
548025, MultiCare Good Samaritan Hospital
548135, MultiCare Health System
548013, MultiCare Medical Center
547003, Naval Hospital (Bremerton)
548097, Neighborcare Health
540020, North Kitsap ENT
540005, North Sound Emergency Medicine
548041, Northwest Asthma & Allergy Center
548005, Northwest Colon and Rectal Clinic
548155, Northwest Orthopedic & Sports Medicine
548074, Northwest Surgical Group
548162, Nutrition in Action
548196, O'Connor Family Medicine
540003, Olympia Orthopedic Associates
548137, Olympic Medical Center
548036, Overlake Hospital Medical Center
548182, Pace Dermatology
548068, Pacific Dermatology & Cosmetic Center
548069, Pacific Medical Center
540063, Pacific Northwest Fertility Clinic
548194, Palouse Medical
548007, PeaceHealth Southwest Medical Center
540057, Peninsula Pain Clinic
548015, PhenoPath Laboratories
548080, Pierce County Detention & Corrections Center
548031, Pierce County Medical Examiner
548042, Plastic & Reconstructive Surgeons
548111, Plastic Surgery Associates of Seattle
548177, PMH Medical Center
548059, Polyclinic First Hill
548161, Potentrx
548126, Providence Centralia Hospital
548024, Providence Everett Medical Center
548195, Providence Holy Family Hospital
548130, Providence Medical Group Northwest Washington
548192, Providence Northeast Washington Medical Group
548197, Providence Regional Medical Center Everett
540402, Providence Sacred Heart Medical Center
548150, Psychiatry Residency Spokane Clinic
548060, Puget Sound Neighborhood Health Centers
548094, Puget Sound Orthopaedics
548117, Puget Sound Psychiatric Center
548193, Pullman Regional Hospital
548138, Puyallup Tribal Health Authority
548091, Rockwood Clinic
548089, Rogers High School
548142, Sea Mar Community Health Center (Marysville)
548128, Sea Mar Community Health Centers
548032, Seattle Cancer Care Alliance
540311, Seattle Children's Hospital
548112, Seattle Fire Department Medic One Program
548159, Seattle University Athletic Center
540198, Shriners Hospitals for Children (Spokane)
540019, Silverdale Eye Physicians
540016, Silverdale Pediatrics
548133, Skagit Regional Health
548070, Skagit Valley Hospital
548063, Skin Surgery Center
540035, Snohomish Kidney Institute
540038, Spokane County Juvenile Court
540012, Spokane Guilds' School and Neuromuscular Center
540011, Spokane Public School District 81
548121, Spokane Teaching Health Center
548174, Spokane Teaching Health Clinic
540013, St Anne's Children and Family Center
548096, St Joseph's Medical Center
540042, St Luke's Rehabilitation Institute
548004, St Peter Hospital
548057, Stafford Healthcare
548064, Steven Anderson MD-Sports Medicine Office
548021, Stevens Healthcare/Stevens Memorial Hospital
540009, Summit Pacific Medical Center
548178, Sunnyside Community Hospital
540481, Swedish Medical Center
548088, Swedish Medical Center-Ballard Campus
548127, Swedish Medical Center-Edmonds Campus
548087, Swedish Medical Center-Issaquah Campus
540139, Swedish Medical Center/Cherry Hill
540266, Tacoma General Hospital
548122, Tacoma Lutheran Retirement Community
548052, Tacoma Pierce County Health Department
548123, Three River's Family Medicine
548086, Toppenish Community Hospital
548187, Tri-Cities Community Health
548147, Tri-City Orthopedic Clinic
548134, Trios Health
548140, Trios Health/Trios Southridge Hospital
548023, University of Washington Center on Human Development (CHDD)
540209, University of Washington Medical Center-Montlake
548006, University of Washington Medical Center-Northwest
540502, University of Washington School of Medicine
540505, University of Washington School of Public Health
548129, University Place Care Center (Soundcare Inc)
540362, VA Puget Sound Health Care System
548044, Valley Hospital Rockwood Health System
540519, Valley Medical Center
540029, Vancouver Clinic-87th Ave Clinic
540030, Vancouver Clinic-Battle Ground
540031, Vancouver Clinic-Columbia Tech Center
540032, Vancouver Clinic-Ridgefield
540033, Vancouver Clinic-Salmon Creek
540034, Vancouver Clinic-VanPlaza
548028, Veterans Affairs Medical Center (Spokane)
548003, Veterans Affairs Medical Center (Tacoma)
540346, Virginia Mason Franciscan Health
540510, Virginia Mason Memorial
540010, Washington Orthopaedic Center
548027, Washington Poison Center
548049, Washington State Department of Labor and Industries
548038, Washington State Patrol Crime Laboratory
548037, Washington State Patrol Toxicology Laboratory
548185, Wenatchee Valley Medical Center
540018, West Sound Orthopedics
548014, Western State Hospital
548131, Western Washington Medical Group
548090, Whitworth University Athletic Training Room
540509, Yakima Regional Medical and Heart Center
548176, Yakima Valley Farm Workers Clinic
559512, AccessHealth
550007, ARH Southern West Virginia Clinic
559515, Beckley VA Medical Center
559514, Bluefield Regional Medical Center
558019, BrickStreet Inc
550001, Bureau of Public Health
550170, Cabell Huntington Hospital
559522, Camden Clark Medical Center
550350, Charleston Area Medical Center
557031, City Hospital
550002, East Fairmont High School
559503, Ebenezer Medical Outreach Inc
558018, Encompass Health Rehabilitation Hospital of Morgantown
559524, Fairmont Regional Cancer Center
559520, Genesis Healthcare-Hilltop
550006, Glenwood Park
559513, Greenbrier Valley Medical Center
550004, HealthWorks Rehab and Fitness
558026, J W Ruby Memorial Hospital
558016, Jefferson Memorial Hospital
550003, Kanawha City Health Center-Cabin Creek Health Systems
558029, Kanawha Hospice Care
558015, Kanawha-Charleston County Health Department
550016, Logan Regional Medical Center
550740, Louis A Johnson Veterans Affairs Medical Center
559519, Mapleshire Nursing and Rehabilitation Center
559509, Marshall Community Health Consortium
559501, Marshall University Joan C Edwards School of Medicine
559504, Marshall University School of Medicine UPS Clinics
559506, Mildred Mitchell-Bateman Hospital
558031, Monongalia County Board of Education
550745, Monongalia General Hospital
550027, Morgantown Health and Rehabilitation Center
559510, Mountain State Osteopathic Postdoctoral Training Institutions Inc (MSOPTI)
558021, National Institute for Occupational Safety & Health (Morgantown)
550005, New Hope Family Practice
550425, Ohio Valley Medical Center
558033, Pressley Ridge Program
558014, Prestera Mental Health Center
559518, Raleigh General Hospital LLC
559507, River Park Hospital
559517, Robert C Byrd Clinic
550011, Southern Highlands Community Mental Health Center
558017, St Joseph's Hospital
550300, St Mary's Hospital
550010, Sundale Nursing Home & Rehabilitation Center
550433, Thomas Memorial Hospital
550738, United Hospital Center
558027, Valley HealthCare
550742, Veterans Affairs Medical Center (Huntington)
550210, Veterans Affairs Medical Center (Martinsburg)
550426, West Virginia University Hospitals
559502, West Virginia University School of Medicine
559505, West Virginia University School of Public Health
550431, Wheeling Hospital
558032, William R Sharpe Jr Hospital
559508, Women Care Incorporated (Family Care)
550029, WVU Health System Home Care-Clarksburg
