AMC_No,AMC_Name
559512 , AccessHealth
550007 , ARH Southern West Virginia Clinic
559515 , Beckley VA Medical Center
559514 , Bluefield Regional Medical Center
558019 , BrickStreet Inc
550001 , Bureau of Public Health
550170 , Cabell Huntington Hospital
559522 , Camden Clark Medical Center
550350 , Charleston Area Medical Center
557031 , City Hospital
550002 , East Fairmont High School
559503 , Ebenezer Medical Outreach Inc
558018 , Encompass Health Rehabilitation Hospital of Morgantown
559524 , Fairmont Regional Cancer Center
559520 , Genesis Healthcare-Hilltop
550006 , Glenwood Park
559513 , Greenbrier Valley Medical Center
550004 , HealthWorks Rehab and Fitness
558026 , J W Ruby Memorial Hospital
558016 , Jefferson Memorial Hospital
550003 , Kanawha City Health Center-Cabin Creek Health Systems
558029 , Kanawha Hospice Care
558015 , Kanawha-Charleston County Health Department
550016 , Logan Regional Medical Center
550740 , Louis A Johnson Veterans Affairs Medical Center
559519 , Mapleshire Nursing and Rehabilitation Center
559509 , Marshall Community Health Consortium
559501 , Marshall University Joan C Edwards School of Medicine
559504 , Marshall University School of Medicine UPS Clinics
559506 , Mildred Mitchell-Bateman Hospital
558031 , Monongalia County Board of Education
550745 , Monongalia General Hospital
550027 , Morgantown Health and Rehabilitation Center
559510 , Mountain State Osteopathic Postdoctoral Training Institutions Inc (MSOPTI)
558021 , National Institute for Occupational Safety & Health (Morgantown)
550005 , New Hope Family Practice
550425 , Ohio Valley Medical Center
558033 , Pressley Ridge Program
558014 , Prestera Mental Health Center
559518 , Raleigh General Hospital LLC
559507 , River Park Hospital
559517 , Robert C Byrd Clinic
550011 , Southern Highlands Community Mental Health Center
558017 , St Joseph's Hospital
550300 , St Mary's Hospital
550010 , Sundale Nursing Home & Rehabilitation Center
550433 , Thomas Memorial Hospital
550738 , United Hospital Center
558027 , Valley HealthCare
550742 , Veterans Affairs Medical Center (Huntington)
550210 , Veterans Affairs Medical Center (Martinsburg)
550426 , West Virginia University Hospitals
559502 , West Virginia University School of Medicine
559505 , West Virginia University School of Public Health
550431 , Wheeling Hospital
558032 , William R Sharpe Jr Hospital
559508 , Women Care Incorporated (Family Care)
550029 , WVU Health System Home Care-Clarksburg
