AMC_No,AMC_Name
568076 , Access Community Health
568064 , Advanced Pain Management (Greenfield)
568057 , Agrace Hospice Care
568051 , AIDS Resource Center of Wisconsin
568028 , All Saints Healthcare System (St Luke's Memorial Hospital)
568075 , Allegiance Internal Medicine
568017 , American Red Cross Blood Services-Badger Region
569544 , Amery Hospital & Clinic
568041 , Arbor Dermatology (Wausau)
568046 , ARC Center for Women and Children
560370 , Ascension SE Wisconsin Hospital-St Joseph Campus
569546 , Aspirus Doctors Clinic
569547 , Aspirus Medford Clinic
560411 , Aspirus Wausau Hospital Inc
569534 , Aurora Advanced Health Care
568020 , Aurora Health Care
569541 , Aurora Lakeland Medical Center
569503 , Aurora Medical Center (Grafton)
560006 , Aurora Medical Center (Kenosha)
560400 , Aurora Psychiatric Hospital
560303 , Aurora Sinai Medical Center
560337 , Aurora St Luke's Medical Center
569506 , Aurora VNA Zilber Family Hospice
569517 , Aurora Walker's Point Community Clinic
568063 , Aurora West Allis Memorial Medical Center
569526 , Bellin Health Psychiatric Center
568058 , Beloit Memorial Hospital Inc
560737 , BloodCenter of Wisconsin
568048 , Blount Orthopaedic Clinic Ltd
568068 , Bone & Joint Clinic SC
569530 , Brewster Village of Outagamie County
569528 , Bridge Community Health Clinic
569524 , Brown County Community Treatment Center
569521 , Capital Lakes
568065 , Center for AIDS Intervention Research (CAIR)
568034 , Central Wisconsin Center (Madison)
560237 , Children's Wisconsin
560033 , Children's Wisconsin-Surgicenter of Greater Milwaukee
560008 , City of Madison Fire Department
560354 , Clement J Zablocki Veterans Affairs Medical Center
560433 , Columbia Hospital
560167 , Columbia St Mary's Hospitals
568029 , Community Memorial Hospital
568060 , Concentra Medical Centers (Wisconsin)
560012 , Dane County Sheriff's Office
568073 , Dermpath Diagnostics Troy and Associates
560009 , Fitch Rona EMS
569529 , Forefront Dermatology
569532 , Forest County Potawatomi Health & Wellness Center
568070 , Fort HealthCare
560739 , Froedtert Hospital
560041 , Grancare Nursing Center
569522 , Green Bay Veterans Affairs Medical Clinic
568031 , Gundersen Clinic Ltd
560355 , Gundersen Lutheran Medical Center
568030 , Gundersen Lutheran Medical Foundation
568019 , HCA Parkway Hospital
569507 , Horizon Home Care and Hospice
560017 , HSHS St Joseph's Hospital
569515 , Hudson Hospital and Clinics
569502 , Human and Molecular Genetics Center (HMGC) MCW
568026 , Langlade Memorial Hospital
560264 , Marshfield Clinic
569539 , Mayo Clinic Health System-Clairemont Campus Clinic
560399 , Mayo Clinic Health System-Eau Claire Hospital Inc
560718 , Mayo Clinic Health System-Franciscan Healthcare
560441 , Medical College of Wisconsin Affiliated Hospitals Inc
560147 , Medical College of Wisconsin Clinics
560451 , Medical College of Wisconsin-Milwaukee
560437 , Mendota Mental Health Institute
560333 , Mercy Health System
567028 , Mercy Medical Center of Oshkosh
560010 , Middleton EMS
568024 , Mile Bluff Medical Center (Mauston)
560146 , Milwaukee County Behavioral Health Division
569519 , Milwaukee County Emergency Medical Services
568016 , Milwaukee County Medical Examiner's Office
568067 , Milwaukee Health Service Systems-1 (Methadone Clinic)
569531 , Ministry St Mary's Hospital
569536 , Ministry St Michael's Hospital
569535 , Mosaic Family Health
568022 , Myrtle Werth Medical Center
569527 , North Central Health Care
568056 , Oakwood Village West Continuing Care Retirement Communities
568053 , Orthopaedic Associates of Wisconsin
569537 , Portage County Health & Human Services
568033 , Prairie du Chien Memorial Hospital
560040 , Prevea Green Bay Health Center
560722 , ProHealth Waukesha Memorial Hospital
560002 , Psychological Addiction Services LLC
569514 , Public Health-Madison and Dane County
568042 , Rogers Memorial Hospital
568066 , Rogers Memorial Hospital-Milwaukee Campus
568054 , Ruth Hospice
560716 , Sacred Heart Hospital (Eau Claire)
569518 , Sixteenth Street Community Health Center
560450 , SSM Health St Mary's Hospital-Madison
560732 , St Catherine's Hospital
568021 , St Clare Hospital
567001 , St Elizabeth Hospital
569505 , St Joseph's Hospital (West Bend)
560038 , St Mary's Hospital Medical Center
560180 , St Michael Hospital
560724 , ThedaCare Regional Medical Center-Appleton
569516 , ThedaCare Regional Medical Center-Neenah
569533 , Tomah Veterans Affairs Medical Center
569538 , Town Hall Health Center
568018 , UnityPoint Health-Meriter
568061 , University Health Service
569513 , University of Wisconsin Department of Family Medicine
560176 , University of Wisconsin Hospitals and Clinics
568050 , University of Wisconsin Medical Foundation Inc
569520 , University of Wisconsin School of Medicine & Public Health Graduate Program
569501 , University of Wisconsin School of Medicine and Public Health
568044 , University of Wisconsin Student Health Clinic
569508 , UW Health-American Family Children's Hospital
569504 , UWM Norris Health Center
568049 , Village at Manor Park Continuing Care Retirement Community
568055 , Vitas Innovative Hospice Care (Milwaukee)
568059 , Waukesha County Medical Examiners Office
569550 , West Grove Clinic SC
569545 , Westfields Hospital & Clinic
568027 , Wheaton Franciscan Healthcare-All Saints Family Care Center
568074 , Wheaton Franciscan Medical Group
560218 , William S Middleton Memorial Veterans Hospital
560030 , WiNC (Wisconsin Northern & Central) GME Consortium
569523 , Winnebago Mental Health Institute
560445 , Winnebago Mental Health Institute
568062 , Wisconsin Department of Corrections
569512 , Wisconsin Department of Health Services
569511 , Wisconsin Forensic Unit
569525 , Wisconsin Resource Center
568069 , Wisconsin Sleep
569540 , Wood County Human Services
