,AMC_No,AMC_Name,URLS,Affiliation_Major,Affiliation_Limited,Affiliation_Graduate,Medical_Center_Address
0,20102, Alaska Native Medical Center,https://freida.ama-assn.org/institution/020102,['Univ of Washington Sch of Med'],"['Uniformed Services Univ of the Hlth Sci F Edward Hebert Sch of Med', 'Pacific Northwest Univ of Health Sciences Coll of Osteopathic Med', 'Kansas City Univ of Med and Biosciences Coll of Osteopathic Med', 'West Virginia Sch of Osteopathic Med']",,"4315 Diplomacy Dr, Anchorage, AK 99508"
1,28010, Alaska Urology,https://freida.ama-assn.org/institution/028010,,,Univ of Washington Sch of Med,"1001 Noble St, Fairbanks, AK 99701"
2,28007, Bassett Army Community Hospital,https://freida.ama-assn.org/institution/028007,,,,"4076 Neely Rd, Fort Wainwright, AK 99703"
3,28009, Fairbanks Memorial Hospital,https://freida.ama-assn.org/institution/028009,['Univ of Washington Sch of Med'],['Pacific Northwest Univ of Health Sciences Coll of Osteopathic Med'],,"1650 Cowles St, Fairbanks, AK 99701"
4,28006, Mat-Su Regional Medical Center,https://freida.ama-assn.org/institution/028006,,,,"2500 S Woodworth Loop, Palmer, AK 99645"
5,28001, Providence Alaska Medical Center,https://freida.ama-assn.org/institution/028001,,"['George Washington Univ Sch of Med and Health Sci', 'Kansas City Univ of Med and Biosciences Coll of Osteopathic Med']",['Pacific Northwest Univ of Health Sciences Coll of Osteopathic Med'],"3200 Provence Dr, Anchorage, AK 99519-6604"
6,28003, Providence Extended Care Center (Anchorage),https://freida.ama-assn.org/institution/028003,,,,"4900 Eagle St, Anchorage, AK 99503"
7,20002, Southcentral Foundation,https://freida.ama-assn.org/institution/020002,Univ of Washington Sch of Med,,,"4501 Diplomacy Dr, Anchorage, AK 99508"
8,28002, Yukon-Kuskokwim Delta Regional Hospital,https://freida.ama-assn.org/institution/028002,['Univ of Washington Sch of Med'],"['Geisel Sch of Med at Dartmouth', 'Pacific Northwest Univ of Health Sciences Coll of Osteopathic Med']",,"PO Box 287, Bethel, AK 99559"
