,AMC_No,AMC_Name,URLS,Affiliation_Major,Affiliation_Limited,Affiliation_Graduate,Medical_Center_Address
0,30004, Abrazo Arizona Heart Hospital,https://freida.ama-assn.org/institution/030004,,Kansas City Univ of Med and Biosciences Coll of Osteopathic Med,,"1930 E Thomas Rd, Phoenix, AZ 85016"
1,30003, Abrazo Arrowhead Campus,https://freida.ama-assn.org/institution/030003,,Kansas City Univ of Med and Biosciences Coll of Osteopathic Med,,"18701 N 67th St, Glendale, AZ 85308"
2,30024, Abrazo Central Campus,https://freida.ama-assn.org/institution/030024,,Kansas City Univ of Med and Biosciences Coll of Osteopathic Med,,"2000 W Bethany Home Rd, Phoenix, AZ 85015"
3,30517, Abrazo Health Network,https://freida.ama-assn.org/institution/030517,"['Univ of Arizona Coll of Med-Phoenix', 'Midwestern Univ Arizona Coll of Osteopathic Med', 'A T Still Univ Sch of Osteopathic Med in Arizona']","['Univ of Arizona Coll of Med-Tucson', 'Creighton Univ Sch of Med', 'Kansas City Univ of Med and Biosciences Coll of Osteopathic Med', 'Burrell Coll of Osteopathic Med', 'West Virginia Sch of Osteopathic Med']",[],"2000 W Bethany Home Rd, Phoenix, AZ 85015"
4,30050, Abrazo Medical Group,https://freida.ama-assn.org/institution/030050,,Kansas City Univ of Med and Biosciences Coll of Osteopathic Med,,"18700 N 64th Dr, Glendale, AZ 85308"
5,30002, Abrazo West Campus,https://freida.ama-assn.org/institution/030002,,Kansas City Univ of Med and Biosciences Coll of Osteopathic Med,,"13677 W McDowell Rd, Goodyear, AZ 85395"
6,30079, Acacia Health Center at Sagewood,https://freida.ama-assn.org/institution/030079,,,,"4555 E Mayo Blvd, Phoenix, AZ 85050"
7,38081, Accredited Internal Medicine,https://freida.ama-assn.org/institution/038081,,,,"13838 S 46th Pl, Phoenix, AZ 85044"
8,30045, Active Life and Pain Center,https://freida.ama-assn.org/institution/030045,,,,"13575 W Indian School Rd, Litchfield Park, AZ 85340"
9,39608, Advanced Desert Dermatology,https://freida.ama-assn.org/institution/039608,,,,"9191 W Thunderbird Rd, Peoria, AZ 85381"
10,30118, Affiliated Dermatology Ahwatukee,https://freida.ama-assn.org/institution/030118,,,,"16515 S 40th St, Phoenix, AZ 85048"
11,30119, Affiliated Dermatology Anthem,https://freida.ama-assn.org/institution/030119,,,,"41810 N Venture Dr, Anthem, AZ 85086"
12,30120, Affiliated Dermatology Deer Valley,https://freida.ama-assn.org/institution/030120,,,,"19646 N 27th Ave, Phoenix, AZ 85027"
13,38185, Affiliated Dermatology Scottsdale,https://freida.ama-assn.org/institution/038185,,"['Kansas City Univ of Med and Biosciences Coll of Osteopathic Med', 'Burrell Coll of Osteopathic Med']",[],"20401 N 73rd St, Scottsdale, AZ 85255"
14,39584, Aiello Eye Institute,https://freida.ama-assn.org/institution/039584,,,,"275 W 28th St, Yuma, AZ 85364"
15,38169, Air Methods Corporation,https://freida.ama-assn.org/institution/038169,,Univ of Arizona Coll of Med-Tucson,,"11700 W Avra Valley Rd, Marana, AZ 85653"
16,38210, Alta Dermatology Group,https://freida.ama-assn.org/institution/038210,,Kansas City Univ of Med and Biosciences Coll of Osteopathic Med,,"130 S 63rd St, Mesa, AZ 85206"
17,39591, Arizona Associates for Reproductive Health,https://freida.ama-assn.org/institution/039591,,Creighton Univ Sch of Med,,"8573 E Princess Dr, Scottsdale, AZ 85255"
18,38130, Arizona Cancer Center at UMC Orange Grove,https://freida.ama-assn.org/institution/038130,,,Univ of Arizona Coll of Med-Tucson,"1891 W Orange Grove Rd, Tucson, AZ 85704"
19,30037, Arizona Cardiovascular and Thoracic Surgeons,https://freida.ama-assn.org/institution/030037,,,,"8402 E Shea Blvd, Scottsdale, AZ 85260"
20,39621, Arizona Center for Cancer Care,https://freida.ama-assn.org/institution/039621,,,,"21803 N Scottsdale Rd, Scottsdale, AZ 85255"
21,38144, Arizona Center for Hand Surgery PC,https://freida.ama-assn.org/institution/038144,,,Univ of Nebraska Coll of Med,"370 E Virginia Ave, Phoenix, AZ 85004"
22,38113, Arizona Children's Association,https://freida.ama-assn.org/institution/038113,Creighton Univ Sch of Med,,,"3636 N Central Ave, Phoenix, AZ 85012"
23,38042, Arizona Community Physicians (Tucson),https://freida.ama-assn.org/institution/038042,,,,"5055 E Broadway Blvd, Tucson, AZ 85711"
24,38055, Arizona Department of Health Services,https://freida.ama-assn.org/institution/038055,,,,"150 N 18th Ave, Phoenix, AZ 85007"
25,38033, Arizona Heart Institute and Hospital,https://freida.ama-assn.org/institution/038033,,,,"1930 Thomas Rd, Phoenix, AZ 85016"
26,38135, Arizona Kidney Disease & Hypertension Ambulatory Surgery Center,https://freida.ama-assn.org/institution/038135,,,Mayo Clinic Alix Sch of Med,"3320 N 2nd St, Phoenix, AZ 85012"
27,38097, Arizona Oncology Gynecology Clinic,https://freida.ama-assn.org/institution/038097,Creighton Univ Sch of Med,,,"1300 N 12th St, Phoenix, AZ 85006"
28,38091, Arizona Otolaryngology Consultants PC,https://freida.ama-assn.org/institution/038091,,,Mayo Clinic Alix Sch of Med,"333 E Virginia Ave, Phoenix, AZ 85004"
29,38037, Arizona Poison and Drug Information Center,https://freida.ama-assn.org/institution/038037,,,,"1501 N Campbell Ave, Tucson, AZ 85724"
30,38122, Arizona Poison and Drug Information Center (AZPDIC),https://freida.ama-assn.org/institution/038122,,Univ of Arizona Coll of Med-Tucson,,"1295 N Martin Ave, Tucson, AZ 85721"
31,38098, Arizona Reproductive Medicine Specialists (Downtown Phoenix),https://freida.ama-assn.org/institution/038098,,,,"1701 E Thomas Rd, Phoenix, AZ 85016"
32,30082, Arizona Sports Medical Center/Abrazo Medical Group,https://freida.ama-assn.org/institution/030082,,,,"8630 E Via de Ventura, Scottsdale, AZ 85258"
33,30502, Arizona State Hospital,https://freida.ama-assn.org/institution/030502,Creighton Univ Sch of Med,,,"2500 E Van Buren St, Phoenix, AZ 85008-6079"
34,38047, Arizona State University (Tempe),https://freida.ama-assn.org/institution/038047,,,Mayo Clinic Alix Sch of Med,"PO Box 872203, Tempe, AZ 85287"
35,38060, Arizona Telemedicine Network,https://freida.ama-assn.org/institution/038060,,,,"2800 E Ajo Way, Tucson, AZ 85713"
36,38126, Arrowhead Hospital and Medical Center,https://freida.ama-assn.org/institution/038126,Creighton Univ Sch of Med,,,"18701 N 67th Ave, Glendale, AZ 85308"
37,39626, Arthritis Health Ltd,https://freida.ama-assn.org/institution/039626,,,,"9097 E Desert Cove Ave, Scottsdale, AZ 85260"
38,39586, Assurance Health and Wellness Center,https://freida.ama-assn.org/institution/039586,,Univ of Arizona Coll of Med-Tucson,,"3939 S Park Ave, Tucson, AZ 85714"
39,30033, Atria Heart Cardiac Clinic,https://freida.ama-assn.org/institution/030033,,,,"16427 N Scottsdale Rd, Scottsdale, AZ 85254"
40,30097, Auberge at Peoria,https://freida.ama-assn.org/institution/030097,,,,"13391 N 94th Dr, Peoria, AZ 85381"
41,30054, Aurora Behavioral Healthcare-Tempe LLC,https://freida.ama-assn.org/institution/030054,Creighton Univ Sch of Med,,,"6350 S Maple Ave, Tempe, AZ 85283"
42,39562, Aurora Diagnostics Arizona Dermatopathology,https://freida.ama-assn.org/institution/039562,,,,"9060 E Via Linda, Scottsdale, AZ 85258"
43,38168, Banner Alzheimer's Institute,https://freida.ama-assn.org/institution/038168,,,,"901 E Willetta St, Phoenix, AZ 85006"
44,38048, Banner Behavioral Health Hospital (Scottsdale),https://freida.ama-assn.org/institution/038048,,,,"7575 E Earll Dr, Scottsdale, AZ 85251"
45,30020, Banner Behavioral Health Outpatient Clinic,https://freida.ama-assn.org/institution/030020,,,,"8722 E San Alberto Dr, Scottsdale, AZ 85258"
46,38026, Banner Boswell Medical Center,https://freida.ama-assn.org/institution/038026,,"['Creighton Univ Sch of Med', 'Kansas City Univ of Med and Biosciences Coll of Osteopathic Med']",[],"10401 W Thunderbird Blvd, Sun City, AZ 85372"
47,38106, Banner Del E Webb Medical Center,https://freida.ama-assn.org/institution/038106,,Creighton Univ Sch of Med,,"14502 W Meeker Blvd, Sun City, AZ 85357"
48,30516, Banner Desert Medical Center,https://freida.ama-assn.org/institution/030516,"['Univ of Arizona Coll of Med-Phoenix', 'Creighton Univ Sch of Med']",['Kansas City Univ of Med and Biosciences Coll of Osteopathic Med'],['Mayo Clinic Alix Sch of Med'],"1400 S Dobson Rd, Mesa, AZ 85202"
49,38066, Banner Estrella Medical Center,https://freida.ama-assn.org/institution/038066,"['Univ of Arizona Coll of Med-Phoenix', 'Creighton Univ Sch of Med']",,[],"9201 W Thomas Rd, Phoenix, AZ 85037"
50,38109, Banner Gateway Medical Center,https://freida.ama-assn.org/institution/038109,,,,"1900 N Higley Rd, Gilbert, AZ 85234"
51,30098, Banner Health Center Peoria,https://freida.ama-assn.org/institution/030098,,,,"13640 N Plaza Del Rio Blvd, Peoria, AZ 85381"
52,30151, Banner Ironwood Medical Center,https://freida.ama-assn.org/institution/030151,,,,"37000 N Gantzel Rd, Queen Creek, AZ 85140"
53,39588, Banner Medical Group,https://freida.ama-assn.org/institution/039588,,West Virginia Sch of Osteopathic Med,,"925 E McDowell Rd, Phoenix, AZ 85006"
54,39617, Banner Payson Medical Center,https://freida.ama-assn.org/institution/039617,,Univ of Arizona Coll of Med-Tucson,,"807 S Ponderosa St, Payson, AZ 85541"
55,38191, Banner Surgicenter,https://freida.ama-assn.org/institution/038191,,,,"1040 E McDowell Rd, Phoenix, AZ 85006"
56,38044, Banner Thunderbird Medical Center,https://freida.ama-assn.org/institution/038044,['Creighton Univ Sch of Med'],,['Univ of Nebraska Coll of Med'],"5555 W Thunderbird Rd, Glendale, AZ 85306"
57,30345, Banner University Medical Center-Phoenix,https://freida.ama-assn.org/institution/030345,"['Univ of Arizona Coll of Med-Tucson', 'Univ of Arizona Coll of Med-Phoenix', 'Midwestern Univ Arizona Coll of Osteopathic Med', 'Creighton Univ Sch of Med']",['Paul L Foster Sch of Med Texas Tech Univ Hlth Sci Ctr'],['Mayo Clinic Alix Sch of Med'],"1111 E McDowell Rd, Phoenix, AZ 85062-2174"
58,38142, Banner-University Medical Center South,https://freida.ama-assn.org/institution/038142,Univ of Arizona Coll of Med-Tucson,,,"2800 E Ajo Way, Tucson, AZ 85713"
59,30506, Banner-University Medical Center Tucson,https://freida.ama-assn.org/institution/030506,Univ of Arizona Coll of Med-Tucson,,,"1501 N Campbell Ave, Tucson, AZ 85724"
60,39574, Barnet Dulaney Perkins Eye Center,https://freida.ama-assn.org/institution/039574,,,,"350 N Switzer Canyon Dr, Flagstaff, AZ 86001"
61,38156, Barrow Neurological Institute,https://freida.ama-assn.org/institution/038156,['Creighton Univ Sch of Med'],,['Mayo Clinic Alix Sch of Med'],"350 W Thomas Rd, Phoenix, AZ 85013"
62,30136, Barrow Neurological Institute at St Joseph's Hospital and Medical Center,https://freida.ama-assn.org/institution/030136,"['Univ of Arizona Coll of Med-Tucson', 'Univ of Arizona Coll of Med-Phoenix', 'Mayo Clinic Alix Sch of Med', 'Creighton Univ Sch of Med']","['Paul L Foster Sch of Med Texas Tech Univ Hlth Sci Ctr', 'George Washington Univ Sch of Med and Health Sci']",[],"350 W Thomas Rd, Phoenix, AZ 85013-6604"
63,38032, Biltmore Advanced Imaging Center,https://freida.ama-assn.org/institution/038032,,,,"2141 E Camelback Rd, Phoenix, AZ 85016"
64,38045, Biltmore Surgical Center,https://freida.ama-assn.org/institution/038045,,Creighton Univ Sch of Med,,"2222 E Highland Ave, Phoenix, AZ 85016"
65,39582, Bone and Joint Center of Yuma,https://freida.ama-assn.org/institution/039582,,,,"1763 W 24th St, Yuma, AZ 85364"
66,38192, Boston IVF-The Arizona Center,https://freida.ama-assn.org/institution/038192,,,,"8901 E Mountain View Rd, Scottsdale, AZ 85258"
67,39565, Brookdale Flagstaff Senior Living Solutions,https://freida.ama-assn.org/institution/039565,,,,"2100 S Woodlands Village Blvd, Flagstaff, AZ 86001"
68,38196, Camp Lowell Medical Specialist,https://freida.ama-assn.org/institution/038196,,Univ of Arizona Coll of Med-Tucson,,"3190 N Swan Rd, Tucson, AZ 85712"
69,38155, Caniglia Center,https://freida.ama-assn.org/institution/038155,,,Mayo Clinic Alix Sch of Med,"7102 E Acoma Dr, Scottsdale, AZ 85254"
70,38182, Canyon Vista Medical Center,https://freida.ama-assn.org/institution/038182,['Midwestern Univ Arizona Coll of Osteopathic Med'],['West Virginia Sch of Osteopathic Med'],[],"5700 AZ-90, Sierra Vista, AZ 85635"
71,38175, Cardon Children's Medical Center,https://freida.ama-assn.org/institution/038175,,,Univ of Arizona Coll of Med-Tucson,"1400 S Dobson Rd, Mesa, AZ 85202"
72,38152, Carondelet Holy Cross Hospital,https://freida.ama-assn.org/institution/038152,,Univ of Arizona Coll of Med-Tucson,,"1171 N Target Range Rd, Nogales, AZ 85621"
73,38031, Carondelet St Mary's Hospital,https://freida.ama-assn.org/institution/038031,,,,"1601 W St Mary's Rd, Tucson, AZ 85745-2682"
74,38116, Casa de la Luz Hospice,https://freida.ama-assn.org/institution/038116,,Univ of Arizona Coll of Med-Tucson,,"400 W Magee Rd, Tucson, AZ 85714"
75,38148, Casa de Los Ninos,https://freida.ama-assn.org/institution/038148,,Univ of Arizona Coll of Med-Tucson,,"1101 N 4th Ave, Tucson, AZ 85705"
76,38138, Cenpatico Behavioral Health of Arizona,https://freida.ama-assn.org/institution/038138,,,,"1501 W Fountainhead Pkwy, Tempe, AZ 85282"
77,30044, Center for Neurology and Spine PC,https://freida.ama-assn.org/institution/030044,,,,"5605 W Eugie Ave, Glendale, AZ 85304"
78,38119, Center for Pain & Supportive Care,https://freida.ama-assn.org/institution/038119,,,Mayo Clinic Alix Sch of Med,"4611 E Shea Blvd, Phoenix, AZ 85028"
79,39569, Central Arizona Urologists Ltd,https://freida.ama-assn.org/institution/039569,,,,"1728 W Glendale Ave, Phoenix, AZ 85021"
80,38161, Children's Clinics for Rehabilitative Services,https://freida.ama-assn.org/institution/038161,,Univ of Arizona Coll of Med-Tucson,,"2600 N Wyatt Dr, Tucson, AZ 85712"
81,38062, Children's Orthopedic Specialists,https://freida.ama-assn.org/institution/038062,,Univ of Arizona Coll of Med-Tucson,,"1605 E River Rd, Tucson, AZ 85718"
82,30495, Children's Rehabilitative Services-St Joseph's Hospital,https://freida.ama-assn.org/institution/030495,,,,"124 W Thomas Rd, Phoenix, AZ 85013-1134"
83,30014, Chiricahua CHC Inc Pediatric Center for Excellence,https://freida.ama-assn.org/institution/030014,,Univ of Arizona Coll of Med-Tucson,,"815 15th St, Douglas, AZ 85607"
84,38108, Choices Network,https://freida.ama-assn.org/institution/038108,,,,"3003 N Central Ave, Phoenix, AZ 85012"
85,30041, Clear Sky Dermatology,https://freida.ama-assn.org/institution/030041,,,,"14044 W Camelback Rd, Litchfield Park, AZ 85340"
86,39566, Coconino County Public Health Services District,https://freida.ama-assn.org/institution/039566,,,,"2625 N King St, Flagstaff, AZ 86004"
87,38030, Columbia Medical Center (Phoenix),https://freida.ama-assn.org/institution/038030,,,,"1947 E Thomas Rd, Phoenix, AZ 85016-7795"
88,39631, Community Bridges-Cactus Integrated Care Center,https://freida.ama-assn.org/institution/039631,,Mayo Clinic Alix Sch of Med,,"1520 E Pima St, Phoenix, AZ 85034"
89,39632, Community Bridges-Central City Addiction and Recovery Center,https://freida.ama-assn.org/institution/039632,,Mayo Clinic Alix Sch of Med,,"2770 E Van Buren St, Phoenix, AZ 85008"
90,39633, Community Psychiatric Emergency Center,https://freida.ama-assn.org/institution/039633,,,,"358 E Javelina Ave, Mesa, AZ 85210"
91,38136, Connections Arizona,https://freida.ama-assn.org/institution/038136,Creighton Univ Sch of Med,,,"903 N 2nd St, Phoenix, AZ 85004"
92,39012, Cornea Associates,https://freida.ama-assn.org/institution/039012,,Univ of Arizona Coll of Med-Tucson,,"6422 E Speedway Blvd, Tucson, AZ 85710"
93,38077, Cottonwood de Tucson,https://freida.ama-assn.org/institution/038077,,Univ of Arizona Coll of Med-Tucson,,"4110 W Sweetwater Dr, Tucson, AZ 85745"
94,38139, Crisis Response Center,https://freida.ama-assn.org/institution/038139,,,Univ of Arizona Coll of Med-Tucson,"2802 E District St, Tucson, AZ 85714"
95,39576, Crystal Canyon Ear Nose Throat and Facial Plastic Surgery,https://freida.ama-assn.org/institution/039576,,,,"1340 N Rim St, Flagstaff, AZ 86001"
96,38117, Dermatology Center-Tucson Office,https://freida.ama-assn.org/institution/038117,,,Univ of Arizona Coll of Med-Tucson,"7005 N Oracle Rd, Tucson, AZ 85704"
97,38120, Dermpath Diagnostics,https://freida.ama-assn.org/institution/038120,,Univ of Arizona Coll of Med-Tucson,,"7485 E Tanque Verde Rd, Tucson, AZ 85715"
98,38034, Desert Dialysis Center,https://freida.ama-assn.org/institution/038034,,,Univ of Arizona Coll of Med-Tucson,"2022 E Prince Rd, Tucson, AZ 85719"
99,30056, Desert Garden Montessori School Inc-Consultation,https://freida.ama-assn.org/institution/030056,Creighton Univ Sch of Med,,,"5130 E Warner Rd, Phoenix, AZ 85044"
100,38025, Desert Hills Center for Youth,https://freida.ama-assn.org/institution/038025,,,,"2797 N Introspect Dr, Tucson, AZ 85745"
101,38080, Desert Horizons Psychiatric Services,https://freida.ama-assn.org/institution/038080,,,,"570 W Brown Rd, Mesa, AZ 85201"
102,38150, Desert Sky Spine and Sports Medicine,https://freida.ama-assn.org/institution/038150,,Univ of Arizona Coll of Med-Tucson,,"12450 N Rancho Vistoso Blvd, Oro Valley, AZ 85755"
103,39580, Desert Spine Institute,https://freida.ama-assn.org/institution/039580,,,,"2851 S Ave B, Yuma, AZ 85364"
104,38065, Desert Vista Behavioral Health Center,https://freida.ama-assn.org/institution/038065,,,,"570 W Brown Rd, Mesa, AZ 85201"
105,38070, Devereux,https://freida.ama-assn.org/institution/038070,Creighton Univ Sch of Med,,,"11000 N Scottsdale Rd, Scottsdale, AZ 85254"
106,38163, Dignity Health Chandler Regional Medical Center,https://freida.ama-assn.org/institution/038163,,"['Creighton Univ Sch of Med', 'Mayo Clinic Alix Sch of Med']",[],"1955 W Frye Rd, Chandler, AZ 85224"
107,30077, Dignity Health East Valley,https://freida.ama-assn.org/institution/030077,,,,"1955 W Frye Rd, Chandler, AZ 85224"
108,39593, Dignity Health Mercy Gilbert Medical Center,https://freida.ama-assn.org/institution/039593,,,,"3555 S Val Vista Dr, Gilbert, AZ 85297"
109,38096, District Medical Group,https://freida.ama-assn.org/institution/038096,['Creighton Univ Sch of Med'],,['Mayo Clinic Alix Sch of Med'],"3141 N 3rd Ave, Phoenix, AZ 85013"
110,38207, Dyson Dermatology PLLC,https://freida.ama-assn.org/institution/038207,,,Univ of Arizona Coll of Med-Tucson,"2141 N Beverly Ave, Tucson, AZ 85712"
111,39600, El Rio Community Health Center,https://freida.ama-assn.org/institution/039600,,,,"101 W Irvington Rd, Tucson, AZ 85714"
112,38164, Encompass Health Rehabilitation Institute of Tucson,https://freida.ama-assn.org/institution/038164,,,Univ of Arizona Coll of Med-Tucson,"2650 N Wyatt Dr, Tucson, AZ 85712"
113,39583, ENT of Yuma,https://freida.ama-assn.org/institution/039583,,,,"2320 S 22nd Dr, Yuma, AZ 85364"
114,30043, Epiphany Dermatology,https://freida.ama-assn.org/institution/030043,,,,"7767 W Deer Valley Rd, Peoria, AZ 85382"
115,38131, Fishkind Bakewell and Maltzman Eye Care and Surgery Center,https://freida.ama-assn.org/institution/038131,,,Univ of Arizona Coll of Med-Tucson,"5599 N Oracle Rd, Tucson, AZ 85704"
116,39572, Flagstaff Bone & Joint,https://freida.ama-assn.org/institution/039572,,,,"77 W Forest Ave, Flagstaff, AZ 86001"
117,38145, Flagstaff Medical Center,https://freida.ama-assn.org/institution/038145,,['Univ of Arizona Coll of Med-Tucson'],['Mayo Clinic Alix Sch of Med'],"1200 N Beaver St, Flagstaff, AZ 86001"
118,38146, Foothills Surgery Center,https://freida.ama-assn.org/institution/038146,,,,"2220 W Orange Grove Rd, Tucson, AZ 85741"
119,38074, Forensic Science Center/Office of Medical Examiners,https://freida.ama-assn.org/institution/038074,,Univ of Arizona Coll of Med-Tucson,,"2825 E District St, Tucson, AZ 85714"
120,38049, Fort Defiance Indian Medical Center,https://freida.ama-assn.org/institution/038049,['Geisel Sch of Med at Dartmouth'],['Univ of Arizona Coll of Med-Tucson'],[],"Indian Rte 7 & Indian Rte 12, Fort Defiance, AZ 86504"
121,38133, Fresenius Medical Care-North Phoenix Peritoneal Dialysis,https://freida.ama-assn.org/institution/038133,,,Mayo Clinic Alix Sch of Med,"1957 W Dunlap Ave, Phoenix, AZ 85021"
122,38134, Fresenius Medical Care-North Scottsdale Dialysis,https://freida.ama-assn.org/institution/038134,,,Mayo Clinic Alix Sch of Med,"16101 N 82nd St, Scottsdale, AZ 85260"
123,38124, Gateway Surgical Center,https://freida.ama-assn.org/institution/038124,,,,"690 N Cofco Center Ct, Phoenix, AZ 85008"
124,30135, Genesis ObGyn,https://freida.ama-assn.org/institution/030135,,,,"2424 N Wyatt Dr, Tucson, AZ 85712"
125,39581, Gregory Peare MD-Orthopedic Surgery Office,https://freida.ama-assn.org/institution/039581,,,,"2261 S Ave B, Yuma, AZ 85364"
126,38103, GSRMC/VA Medical Center,https://freida.ama-assn.org/institution/038103,,,,"650 E Indian School Rd, Phoenix, AZ 85012"
127,38023, Hand Surgery Associates,https://freida.ama-assn.org/institution/038023,,,,"2610 N 3rd St, Phoenix, AZ 85004-1198"
128,38021, Harrington Arthritis Research Center,https://freida.ama-assn.org/institution/038021,,,,"300 N 18th St, Phoenix, AZ 85006"
129,30085, Havasu Regional Medical Center,https://freida.ama-assn.org/institution/030085,,,,"101 Civic Center Ln, Lake Havasu, AZ 86403"
130,38123, Haven Senior Horizons,https://freida.ama-assn.org/institution/038123,,,,"1201 S 7th Ave, Phoenix, AZ 85007"
131,39573, Health Choice Integrated Care,https://freida.ama-assn.org/institution/039573,,,,"1300 S Yale St, Flagstaff, AZ 86001"
132,30074, Health Current,https://freida.ama-assn.org/institution/030074,,,,"3877 N 7th St, Phoenix, AZ 85014"
133,38189, HonorHealth,https://freida.ama-assn.org/institution/038189,,"['George Washington Univ Sch of Med and Health Sci', 'Kansas City Univ of Med and Biosciences Coll of Osteopathic Med']",[],"8125 N Hayden Rd, Scottsdale, AZ 85258"
134,38190, HonorHealth Deer Valley Medical Center,https://freida.ama-assn.org/institution/038190,Creighton Univ Sch of Med,,,"19829 N 27th Ave, Phoenix, AZ 85027"
135,30038, HonorHealth Heart Group-Deer Valley,https://freida.ama-assn.org/institution/030038,,,,"19841 N 27th Ave, Phoenix, AZ 85027"
136,30036, HonorHealth Heart Group-John C Lincoln,https://freida.ama-assn.org/institution/030036,,West Virginia Sch of Osteopathic Med,,"9250 N 3rd St, Phoenix, AZ 85020"
137,30035, HonorHealth Heart Group-Shea,https://freida.ama-assn.org/institution/030035,,,,"10200 N 92nd St, Scottsdale, AZ 85258"
138,38046, HonorHealth John C Lincoln Medical Center,https://freida.ama-assn.org/institution/038046,,Creighton Univ Sch of Med,,"250 E Dunlap Ave, Phoenix, AZ 85020"
139,30039, HonorHealth Medical Group-Jomax Clinic,https://freida.ama-assn.org/institution/030039,,,,"26224 N Tatum Blvd, Phoenix, AZ 85050"
140,30008, HonorHealth Medical Group-Neurology,https://freida.ama-assn.org/institution/030008,,,,"3501 N Scottsdale Rd, Scottsdale, AZ 85251"
141,30078, HonorHealth Medical Group-North Phoenix Primary Care,https://freida.ama-assn.org/institution/030078,,,,"9100 N 2nd St, Phoenix, AZ 85020"
142,30080, HonorHealth Physical Medicine & Rehabilitation-John C Lincoln,https://freida.ama-assn.org/institution/030080,,,,"9250 N 3rd St, Phoenix, AZ 85020"
143,38125, HonorHealth Piper Surgery Center,https://freida.ama-assn.org/institution/038125,,,Mayo Clinic Alix Sch of Med,"9007 E Shea Blvd, Scottsdale, AZ 85206"
144,38209, HonorHealth Rehabilitation Hospital,https://freida.ama-assn.org/institution/038209,,Kansas City Univ of Med and Biosciences Coll of Osteopathic Med,,"8850 E Pima Center Pkwy, Scottsdale, AZ 85258"
145,30073, HonorHealth Research Institute,https://freida.ama-assn.org/institution/030073,,,,"10510 N 92nd St, Scottsdale, AZ 85258"
146,30512, HonorHealth Scottsdale Osborn Medical Center,https://freida.ama-assn.org/institution/030512,"['Univ of Arizona Coll of Med-Phoenix', 'Mayo Clinic Alix Sch of Med', 'Creighton Univ Sch of Med']",,[],"7400 E Osborn Rd, Scottsdale, AZ 85251-5672"
147,38024, HonorHealth Scottsdale Shea Medical Center,https://freida.ama-assn.org/institution/038024,"['Univ of Arizona Coll of Med-Tucson', 'Creighton Univ Sch of Med']",['Lincoln Memorial Univ DeBusk Coll of Osteopathic Med'],['Mayo Clinic Alix Sch of Med'],"9003 E Shea Blvd, Scottsdale, AZ 85260"
148,38176, HonorHealth Scottsdale Thompson Peak Medical Center,https://freida.ama-assn.org/institution/038176,Univ of Arizona Coll of Med-Phoenix,,,"7400 E Thompson Peak Pkwy, Scottsdale, AZ 85255"
149,38198, Hopi Health Care Center,https://freida.ama-assn.org/institution/038198,,Univ of Arizona Coll of Med-Tucson,,"Hwy 264 Mile Post 388, Polacca, AZ 86042"
150,38075, Hospice of the Valley,https://freida.ama-assn.org/institution/038075,,,"['Mayo Clinic Alix Sch of Med', 'Creighton Univ Sch of Med']","1510 E Flower St, Phoenix, AZ 85014"
151,30026, Hospice of the West,https://freida.ama-assn.org/institution/030026,,,,"21410 N 19th Ave, Phoenix, AZ 85027"
152,38112, Hospitalists of Arizona Inc,https://freida.ama-assn.org/institution/038112,,,,"1775 E Skyline Dr, Tucson, AZ 85718"
153,38069, Hu Hu Kam Memorial Hospital,https://freida.ama-assn.org/institution/038069,Creighton Univ Sch of Med,,,"483 W Seed Farm Rd, Sacaton, AZ 85147"
154,30032, In Balance Academy Therapeutic Boarding School,https://freida.ama-assn.org/institution/030032,,Univ of Arizona Coll of Med-Tucson,,"6107 E Grant Rd, Tucson, AZ 85712"
155,30070, Innovation Care Partners,https://freida.ama-assn.org/institution/030070,,,,"8901 E Mountain View Rd, Scottsdale, AZ 85258"
156,38186, Kingman Regional Medical Center,https://freida.ama-assn.org/institution/038186,['Midwestern Univ Arizona Coll of Osteopathic Med'],"['Kansas City Univ of Med and Biosciences Coll of Osteopathic Med', 'West Virginia Sch of Osteopathic Med']",['Pacific Northwest Univ of Health Sciences Coll of Osteopathic Med'],"3269 Stockton Hill Rd, Kingman, AZ 86409"
157,38181, Kissito Healthcare Palm View,https://freida.ama-assn.org/institution/038181,,,,"2222 S Ave A, Yuma, AZ 85364"
158,38151, Liberty Mutual Group-Western Region,https://freida.ama-assn.org/institution/038151,,,,"2510 W Dunlap Ave, Phoenix, AZ 85021"
159,38202, Little Colorado Medical Center,https://freida.ama-assn.org/institution/038202,,,,"1501 N Williamson Ave, Winslow, AZ 86047"
160,39563, Maffi Clinic,https://freida.ama-assn.org/institution/039563,Mayo Clinic Alix Sch of Med,,,"5410 N Scottsdale Rd, Paradise Valley, AZ 85253"
161,38089, Magellan Health Services of Arizona Inc,https://freida.ama-assn.org/institution/038089,,,,"4129 E Van Buren St, Phoenix, AZ 85008"
162,38054, Maricopa County Department of Public Health,https://freida.ama-assn.org/institution/038054,,,Mayo Clinic Alix Sch of Med,"1845 E Roosevelt St, Phoenix, AZ 85006"
163,38092, Maricopa County Forensic Science Center,https://freida.ama-assn.org/institution/038092,,,,"701 W Jefferson St, Phoenix, AZ 85007"
164,30019, Maricopa County Juvenile Detention,https://freida.ama-assn.org/institution/030019,,Creighton Univ Sch of Med,,"3131 W Durango St, Phoenix, AZ 85009"
165,30029, Maricopa County Office of the Medical Examiner,https://freida.ama-assn.org/institution/030029,,,,"701 W Jefferson St, Phoenix, AZ 85007"
166,38019, Mayo Clinic (Arizona),https://freida.ama-assn.org/institution/038019,"['Mayo Clinic Alix Sch of Med', 'Creighton Univ Sch of Med']","['Univ of Arizona Coll of Med-Tucson', 'Univ of Arizona Coll of Med-Phoenix']",[],"13400 E Shea Blvd, Scottsdale, AZ 85259"
167,38029, Mayo Clinic Hospital (Arizona),https://freida.ama-assn.org/institution/038029,"['Mayo Clinic Alix Sch of Med', 'Creighton Univ Sch of Med']",,[],"5777 E Mayo Blvd, Phoenix, AZ 85054"
168,38157, McDowell Healthcare Center,https://freida.ama-assn.org/institution/038157,Mayo Clinic Alix Sch of Med,,,"1144 E McDowell Rd, Phoenix, AZ 85006"
169,30057, Mercy Care,https://freida.ama-assn.org/institution/030057,Creighton Univ Sch of Med,,,"4350 E Cotton Center Blvd, Phoenix, AZ 85040"
170,30150, MHC Healthcare,https://freida.ama-assn.org/institution/030150,,,,"13395 N Marana Main St, Marana, AZ 85653"
171,38140, MHC Healthcare/Marana Health Center,https://freida.ama-assn.org/institution/038140,,,,"13644 N Sandario Rd, Marana, AZ 85653"
172,38180, Midwestern University GME Consortium,https://freida.ama-assn.org/institution/038180,,Burrell Coll of Osteopathic Med,,"19555 N 59th Ave, Glendale, AZ 85308"
173,38184, Midwestern University Multi-Specialty Clinic,https://freida.ama-assn.org/institution/038184,,,,"19389 N 59th Ave, Glendale, AZ 85308"
174,38129, Mirasol Eating Disorder Recovery Center,https://freida.ama-assn.org/institution/038129,,,,"2954 N Campbell Ave, Tucson, AZ 85719"
175,38153, Mount Graham Regional Medical Center,https://freida.ama-assn.org/institution/038153,,Univ of Arizona Coll of Med-Tucson,,"1600 S 20th Ave, Safford, AZ 85546"
176,39567, Mountain Heart,https://freida.ama-assn.org/institution/039567,,,,"2000 S Thompson St, Flagstaff, AZ 86001"
177,38187, Mountain Vista Medical Center,https://freida.ama-assn.org/institution/038187,['Midwestern Univ Arizona Coll of Osteopathic Med'],"['West Virginia Sch of Osteopathic Med', 'Lincoln Memorial Univ DeBusk Coll of Osteopathic Med']",['Pacific Northwest Univ of Health Sciences Coll of Osteopathic Med'],"1301 S Crismon Rd, Mesa, AZ 85209"
178,30042, MVP Orthopedics and Sports Medicine PC,https://freida.ama-assn.org/institution/030042,,,,"4344 W Bell Rd, Glendale, AZ 85304"
179,38104, National Institutes of Health (NIH) Phoenix Branch,https://freida.ama-assn.org/institution/038104,,,,"4212 N 16th St, Phoenix, AZ 85012"
180,39613, Neighborhood Outreach Access to Health (NOAH),https://freida.ama-assn.org/institution/039613,,,,"11130 E Cholla St, Scottsdale, AZ 85259"
181,38071, New Foundation,https://freida.ama-assn.org/institution/038071,,,,"1200 N 77th St, Scottsdale, AZ 85257"
182,30132, New Pueblo Medicine,https://freida.ama-assn.org/institution/030132,,,,"6365 E Tanque Verde Rd, Tucson, AZ 85715"
183,38200, Norman Levine MD-Dermatology Office,https://freida.ama-assn.org/institution/038200,,Univ of Arizona Coll of Med-Tucson,,"5639 E Grant Rd, Tucson, AZ 85712"
184,38171, North Country Healthcare,https://freida.ama-assn.org/institution/038171,,Burrell Coll of Osteopathic Med,,"2920 N 4th St, Flagstaff, AZ 86004"
185,39568, Northern Arizona Orthopaedics,https://freida.ama-assn.org/institution/039568,,,,"1485 N Turquoise Dr, Flagstaff, AZ 86001"
186,39575, Northern Arizona Podiatry,https://freida.ama-assn.org/institution/039575,,,,"940 N Switzer Canyon Dr, Flagstaff, AZ 86001"
187,38158, Northwest Fire District,https://freida.ama-assn.org/institution/038158,,Univ of Arizona Coll of Med-Tucson,,"5225 W Massingale Rd, Tucson, AZ 85743"
188,30027, Northwest Health System,https://freida.ama-assn.org/institution/030027,,,,"6200 N La Cholla Blvd, Tucson, AZ 85741"
189,38035, Northwest Medical Center,https://freida.ama-assn.org/institution/038035,['Burrell Coll of Osteopathic Med'],"['Univ of Arizona Coll of Med-Tucson', 'Midwestern Univ Arizona Coll of Osteopathic Med']",[],"6200 N La Cholla Blvd, Tucson, AZ 87541-3599"
190,38162, Oasis Hospital,https://freida.ama-assn.org/institution/038162,,,Mayo Clinic Alix Sch of Med,"750 N 40th St, Phoenix, AZ 85008"
191,39561, Omni Dermatology,https://freida.ama-assn.org/institution/039561,,,,"4840 E Indian School Rd, Phoenix, AZ 85018"
192,50080, One Medical Group of Arizona,https://freida.ama-assn.org/institution/050080,,,,"2201 E Camelback Rd, Phoenix, AZ 85016"
193,38093, Orthopaedic Clinic Association,https://freida.ama-assn.org/institution/038093,,,,"2222 E Highland Ave, Phoenix, AZ 85016-4872"
194,38064, Orthopaedic Oncology PLLC,https://freida.ama-assn.org/institution/038064,,Univ of Arizona Coll of Med-Tucson,,"4616 E Shea Blvd, Phoenix, AZ 85028"
195,38072, Osborn School District,https://freida.ama-assn.org/institution/038072,,,,"1226 W Osborn Rd, Phoenix, AZ 85013"
196,38149, Pain Institute of Southern Arizona,https://freida.ama-assn.org/institution/038149,,,,"4582 N 1st Ave, Tucson, AZ 85718"
197,38205, Palm Canyon Dermatology,https://freida.ama-assn.org/institution/038205,,,,"350 W Catalina Dr, Yuma, AZ 85363"
198,39592, Palo Santo Psychotherapy and Wellness,https://freida.ama-assn.org/institution/039592,,Univ of Arizona Coll of Med-Tucson,,"3045 N 1st Ave A, Tucson, AZ 85719"
199,38079, Pantano Behavioral Health Services,https://freida.ama-assn.org/institution/038079,,Univ of Arizona Coll of Med-Tucson,,"5055 E Broadway Blvd, Tucson, AZ 85711"
200,38111, Paradise Valley Cosmetic Surgery Center,https://freida.ama-assn.org/institution/038111,,,Mayo Clinic Alix Sch of Med,"5410 N Scottsdale Rd, Paradise Valley, AZ 85253"
201,38137, Partners in Recovery,https://freida.ama-assn.org/institution/038137,['Creighton Univ Sch of Med'],['Kansas City Univ of Med and Biosciences Coll of Osteopathic Med'],[],"924 N Country Club Dr, Mesa, AZ 85201"
202,38028, Phoenix Area Medical Education Consortium,https://freida.ama-assn.org/institution/038028,,,,"4001 N Third St, Phoenix, AZ 85012-2065"
203,38015, Phoenix Children's Hospital,https://freida.ama-assn.org/institution/038015,"['Univ of Arizona Coll of Med-Phoenix', 'Mayo Clinic Alix Sch of Med', 'Creighton Univ Sch of Med']","['Paul L Foster Sch of Med Texas Tech Univ Hlth Sci Ctr', 'Burrell Coll of Osteopathic Med', 'Lincoln Memorial Univ DeBusk Coll of Osteopathic Med']",['Univ of Arizona Coll of Med-Tucson'],"1919 E Thomas Rd, Phoenix, AZ 85016"
204,39628, Phoenix Neurological Associates,https://freida.ama-assn.org/institution/039628,,,,"5090 N 40th St, Phoenix, AZ 85018"
205,38086, Phoenix Perinatal Associates,https://freida.ama-assn.org/institution/038086,,,Mayo Clinic Alix Sch of Med,"1331 N 7th St, Phoenix, AZ 85006"
206,30147, Phoenix Police Crime Laboratory,https://freida.ama-assn.org/institution/030147,,,,"621 W Washington St, Phoenix, AZ 85003"
207,30504, Phoenix VA Health Care System,https://freida.ama-assn.org/institution/030504,"['Univ of Arizona Coll of Med-Phoenix', 'Mayo Clinic Alix Sch of Med', 'Creighton Univ Sch of Med']",['Univ of Arizona Coll of Med-Tucson'],[],"7th St and Indian School Rd, Phoenix, AZ 85012"
208,38178, Pima County Adult Detention Center,https://freida.ama-assn.org/institution/038178,,,Univ of Arizona Coll of Med-Tucson,"1270 W Silverlake Rd, Tucson, AZ 85713"
209,38078, Pima County Juvenile Court,https://freida.ama-assn.org/institution/038078,,,,"2225 E Ajo Way, Tucson, AZ 85713"
210,38118, Pima Dermatology,https://freida.ama-assn.org/institution/038118,,,Univ of Arizona Coll of Med-Tucson,"5150 E Glenn St, Tucson, AZ 85712"
211,30134, Pima Heart and Vascular,https://freida.ama-assn.org/institution/030134,,,,"3709 N Campbell Ave, Tucson, AZ 85719"
212,39623, Plastic and Reconstructive Surgery,https://freida.ama-assn.org/institution/039623,,,,"5725 N Scottsdale Rd, Scottsdale, AZ 85250"
213,38100, Providence Corporation (Arizona) Childrens Behavioral Health,https://freida.ama-assn.org/institution/038100,,Univ of Arizona Coll of Med-Tucson,,"620 N Craycroft Rd, Tucson, AZ 85732"
214,38095, Pulmonary Associates,https://freida.ama-assn.org/institution/038095,,,,"1112 E McDowell Rd, Phoenix, AZ 85006"
215,30071, Renal Care Organization,https://freida.ama-assn.org/institution/030071,,,,"337 E Coronado Rd, Phoenix, AZ 85004"
216,38195, Reproductive Choice Arizona (Family Planning Associates Medical Group),https://freida.ama-assn.org/institution/038195,,,,"1331 N 7th St, Phoenix, AZ 85006"
217,39081, Retina Associates,https://freida.ama-assn.org/institution/039081,,Univ of Arizona Coll of Med-Tucson,,"6561 E Carondelet Dr, Tucson, AZ 85710"
218,38159, Rio Rico Fire District,https://freida.ama-assn.org/institution/038159,,Univ of Arizona Coll of Med-Tucson,,"957 Calle Calabasas, Rio Rico, AZ 85648"
219,38121, Sagewood Senior Living Community,https://freida.ama-assn.org/institution/038121,,,Mayo Clinic Alix Sch of Med,"4555 E Mayo Blvd, Phoenix, AZ 85050"
220,39627, Santa Rosa Care Center,https://freida.ama-assn.org/institution/039627,,Univ of Arizona Coll of Med-Tucson,,"1650 N Santa Rosa Ave, Tucson, AZ 85712"
221,30518, Sonora Behavioral Health,https://freida.ama-assn.org/institution/030518,,,,"6050 N Corona Rd, Tucson, AZ 85704"
222,38174, Sonoran Orthopedic Trauma Surgeons PLLC,https://freida.ama-assn.org/institution/038174,Mayo Clinic Alix Sch of Med,,,"3126 N Civic Center Plaza, Scottsdale, AZ 85251"
223,38173, Sonoran Spine Center-Scottsdale (Shea),https://freida.ama-assn.org/institution/038173,,,Mayo Clinic Alix Sch of Med,"9700 N 91st St, Scottsdale, AZ 85258"
224,30501, Southern Arizona VA Health Care Center (Tucson),https://freida.ama-assn.org/institution/030501,Univ of Arizona Coll of Med-Tucson,,,"3601 S 6th Ave, Tucson, AZ 85723"
225,38073, Southwest Human Development,https://freida.ama-assn.org/institution/038073,Creighton Univ Sch of Med,,,"2850 N 24th St, Phoenix, AZ 85008"
226,38127, Southwest Network Inc,https://freida.ama-assn.org/institution/038127,Creighton Univ Sch of Med,,,"2700 N Central Ave, Phoenix, AZ 85004"
227,30091, Southwest Rehab,https://freida.ama-assn.org/institution/030091,,,,"2281 W 24th St, Yuma, AZ 85364"
228,38107, Southwest Shoulder Elbow and Hand Center,https://freida.ama-assn.org/institution/038107,,Univ of Arizona Coll of Med-Tucson,,"4727 E Camp Lowell Dr, Tucson, AZ 85712"
229,38201, Southwestern Surgery Associates,https://freida.ama-assn.org/institution/038201,,Univ of Arizona Coll of Med-Tucson,,"1951 N Wilmot Rd, Tucson, AZ 85712"
230,39564, Specialists in Dermatology PLLC,https://freida.ama-assn.org/institution/039564,,,,"2732 N Alvernon Way, Tucson, AZ 85712"
231,38058, St Elizabeth of Hungary Clinic,https://freida.ama-assn.org/institution/038058,,,,"700 E Jefferson St, Phoenix, AZ 85034"
232,39598, St Joseph Hospital and Medical Center,https://freida.ama-assn.org/institution/039598,"['Creighton Univ Sch of Med', 'Mayo Clinic Alix Sch of Med']",,[],"350 W Thomas Rd, Phoenix, AZ 85013"
233,30523, St Luke's Medical Center,https://freida.ama-assn.org/institution/030523,Midwestern Univ Arizona Coll of Osteopathic Med,,,"1800 E Van Buren St, Phoenix, AZ 85006-3742"
234,30159, St Vincent de Paul Virginia G Piper Medical Clinic,https://freida.ama-assn.org/institution/030159,,,,"420 W Watkins Rd, Phoenix, AZ 85003"
235,38197, Summit Healthcare Regional Medical Center,https://freida.ama-assn.org/institution/038197,,"['Univ of Arizona Coll of Med-Tucson', 'Kansas City Univ of Med and Biosciences Coll of Osteopathic Med', 'West Virginia Sch of Osteopathic Med']",[],"2200 E Show Low Lake Rd, Show Low, AZ 85401"
236,38132, Sunset Community Health Center,https://freida.ama-assn.org/institution/038132,,,,"2060 W 24th St, Yuma, AZ 85364"
237,38085, Translational Genomics Research Institute,https://freida.ama-assn.org/institution/038085,,,,"445 N 5th St, Phoenix, AZ 85004"
238,38088, Tuba City Regional Health Care,https://freida.ama-assn.org/institution/038088,,,,"167 N Main St, Tuba City, AZ 86045"
239,38172, Tucson ENT Associates PC,https://freida.ama-assn.org/institution/038172,,Univ of Arizona Coll of Med-Tucson,,"6567 E Carondelet Dr, Tucson, AZ 85710"
240,39589, Tucson Eye Care,https://freida.ama-assn.org/institution/039589,,Univ of Arizona Coll of Med-Tucson,,"4709 E Camp Lowell Dr, Tucson, AZ 85712"
241,38167, Tucson Fire Department,https://freida.ama-assn.org/institution/038167,,Univ of Arizona Coll of Med-Tucson,,"300 S Fire Central Pl, Tucson, AZ 85701"
242,30497, Tucson Hospitals Medical Education Program Inc,https://freida.ama-assn.org/institution/030497,['Burrell Coll of Osteopathic Med'],['West Virginia Sch of Osteopathic Med'],[],"5301 E Grant Rd, Tucson, AZ 85733-6604"
243,30235, Tucson Medical Center,https://freida.ama-assn.org/institution/030235,"['Univ of Arizona Coll of Med-Tucson', 'Mayo Clinic Alix Sch of Med']",['Midwestern Univ Arizona Coll of Osteopathic Med'],[],"5301 E Grant Rd, Tucson, AZ 85733-2195"
244,38051, Tucson Orthopaedic Institute,https://freida.ama-assn.org/institution/038051,,,Univ of Arizona Coll of Med-Tucson,"2424 N Wyatt Dr, Tucson, AZ 85712"
245,38053, United Blood Services Blood Bank,https://freida.ama-assn.org/institution/038053,,,,"6220 E Oak St, Scottsdale, AZ 85257"
246,38115, United Community Health Center Inc,https://freida.ama-assn.org/institution/038115,,Univ of Arizona Coll of Med-Tucson,,"81 W Esperanza, Green Valley, AZ 85614"
247,39571, United Surgical Partners,https://freida.ama-assn.org/institution/039571,,,,"20940 N Tatum Blvd, Phoenix, AZ 85050"
248,38101, University of Arizona Campus Health Services,https://freida.ama-assn.org/institution/038101,,,Univ of Arizona Coll of Med-Tucson,"1224 E Lowell St, Tucson, AZ 85721"
249,30246, University of Arizona College of Medicine at South Campus,https://freida.ama-assn.org/institution/030246,,,,"2800 E Ajo Way, Tucson, AZ 85713"
250,38179, University of Arizona College of Medicine-Phoenix,https://freida.ama-assn.org/institution/038179,,Kansas City Univ of Med and Biosciences Coll of Osteopathic Med,,"550 E Van Buren St, Phoenix, AZ 85004"
251,30509, University of Arizona College of Medicine-Tucson,https://freida.ama-assn.org/institution/030509,['Univ of Arizona Coll of Med-Tucson'],"['Univ of California Davis Sch of Med', 'Geisel Sch of Med at Dartmouth', 'Kansas City Univ of Med and Biosciences Coll of Osteopathic Med', 'West Virginia Sch of Osteopathic Med']",['Pacific Northwest Univ of Health Sciences Coll of Osteopathic Med'],"1501 N Campbell Ave, Tucson, AZ 85724-5085"
252,38056, University of Arizona College of Public Health,https://freida.ama-assn.org/institution/038056,,,,"1501-1515 N Campbell Ave, Tucson, AZ 85724"
253,38154, University of Arizona Medical Center,https://freida.ama-assn.org/institution/038154,,,,"707 N Alvernon Way, Tucson, AZ 85711"
254,38094, University Orthopaedic Specialists,https://freida.ama-assn.org/institution/038094,,,Univ of Arizona Coll of Med-Tucson,"1555 E River Rd, Tucson, AZ 85718"
255,30503, US Air Force Hospital,https://freida.ama-assn.org/institution/030503,,,,"4175 S Alamo Ave, Davis-Monthan AFB, AZ 85707-4405"
256,38057, Valley Anesthesiology Consultants,https://freida.ama-assn.org/institution/038057,,,,"2200 N Central Ave, Phoenix, AZ 85004"
257,38090, Valley ENT,https://freida.ama-assn.org/institution/038090,,,,"5110 E Warner Rd, Phoenix, AZ 85044"
258,38110, Valley Perinatal Services-Scottsdale Office,https://freida.ama-assn.org/institution/038110,,,Mayo Clinic Alix Sch of Med,"9440 E Ironwood Square Dr, Scottsdale, AZ 85258"
259,38099, Valley Urogynecology Associates Ltd,https://freida.ama-assn.org/institution/038099,,Creighton Univ Sch of Med,,"3410 N 4th Ave, Phoenix, AZ 85013"
260,30253, Valleywise Health Medical Center,https://freida.ama-assn.org/institution/030253,"['Univ of Arizona Coll of Med-Tucson', 'Univ of Arizona Coll of Med-Phoenix', 'Mayo Clinic Alix Sch of Med', 'Creighton Univ Sch of Med']","['Geisel Sch of Med at Dartmouth', 'San Juan Bautista Sch of Med', 'Kansas City Univ of Med and Biosciences Coll of Osteopathic Med', 'Burrell Coll of Osteopathic Med', 'West Virginia Sch of Osteopathic Med', 'Lincoln Memorial Univ DeBusk Coll of Osteopathic Med']",['Pacific Northwest Univ of Health Sciences Coll of Osteopathic Med'],"2601 E Roosevelt St, Phoenix, AZ 85008"
261,38183, Verde Valley Medical Center,https://freida.ama-assn.org/institution/038183,['Midwestern Univ Arizona Coll of Osteopathic Med'],"['Kansas City Univ of Med and Biosciences Coll of Osteopathic Med', 'Burrell Coll of Osteopathic Med']",['Pacific Northwest Univ of Health Sciences Coll of Osteopathic Med'],"269 S Candy Ln, Cottonwood, AZ 86326"
262,39570, Walter John Nieri MD-Internal Medicine Office,https://freida.ama-assn.org/institution/039570,,,,"10401 W Thunderbird Blvd, Sun City, AZ 85351"
263,38199, Whiteriver Indian Hospital,https://freida.ama-assn.org/institution/038199,,Univ of Arizona Coll of Med-Tucson,,"200 W Hospital Dr, Whiteriver, AZ 85941"
264,38141, Wickenburg Community Hospital,https://freida.ama-assn.org/institution/038141,,,,"520 Rose Ln, Wickenburg, AZ 85390"
265,38203, Winslow Indian Healthcare Center Inc,https://freida.ama-assn.org/institution/038203,,,,"500 Indiana Ave, Winslow, AZ 86047"
266,38193, Women's Center for Advanced Pelvic Surgery,https://freida.ama-assn.org/institution/038193,,,,"4344 E Presidio St, Mesa, AZ 85215"
267,39579, Women's Health Specialists,https://freida.ama-assn.org/institution/039579,,,,"2911 S 8th Ave, Yuma, AZ 85364"
268,39585, Yuma Nephrology,https://freida.ama-assn.org/institution/039585,,,,"1220 W 24th St, Yuma, AZ 85364"
269,38128, Yuma Regional Medical Center,https://freida.ama-assn.org/institution/038128,['Midwestern Univ Arizona Coll of Osteopathic Med'],"['Univ of Arizona Coll of Med-Phoenix', 'Kansas City Univ of Med and Biosciences Coll of Osteopathic Med', 'Burrell Coll of Osteopathic Med']",[],"2400 S Ave A, Yuma, AZ 85364"
270,30092, Yuma Union High School District,https://freida.ama-assn.org/institution/030092,,,,"3150 S Ave A, Yuma, AZ 85364"
