,AMC_No,AMC_Name,URLS,Affiliation_Major,Affiliation_Limited,Affiliation_Graduate,Medical_Center_Address
0,88015, Albert J Solnit Children's Center-South Campus,https://freida.ama-assn.org/institution/088015,,Univ of Connecticut Sch of Med,,"915 River Rd, Middletown, CT 06457"
1,88085, Amberwoods of Farmington,https://freida.ama-assn.org/institution/088085,,,Univ of Connecticut Sch of Med,"416 Colt Hwy, Farmington, CT 06032"
2,88053, American Cancer Society-Southern New England Region,https://freida.ama-assn.org/institution/088053,,,,"530 Preston Ave, Meriden, CT 06450"
3,88036, APT Foundation Inc Substance Abuse Treatment,https://freida.ama-assn.org/institution/088036,,,,"1 Long Wharf, New Haven, CT 06511"
4,88057, BHcare,https://freida.ama-assn.org/institution/088057,,,,"14 Sycamore Way, Branford, CT 06405-6551"
5,88065, Bridgeport Health Care Center,https://freida.ama-assn.org/institution/088065,,,,"600 Bond St, Bridgeport, CT 06610"
6,80359, Bridgeport Hospital,https://freida.ama-assn.org/institution/080359,['Yale Sch of Med'],['Univ of New England Coll of Osteopathic Med'],,"267 Grant St, Bridgeport, CT 06610-2870"
7,88024, Capital Region Education Council Polaris Center,https://freida.ama-assn.org/institution/088024,,,Univ of Connecticut Sch of Med,"111 Charter Oak Ave, Hartford, CT 06106"
8,88080, Central Connecticut State University Department of Athletics,https://freida.ama-assn.org/institution/088080,,,,"1615 Stanley St, New Britain, CT 06050"
9,88043, Children's Center of Hamden,https://freida.ama-assn.org/institution/088043,,,Univ of Connecticut Sch of Med,"1400 Whitney Ave, Hamden, CT 06517"
10,88017, Community Mental Health Services of Southeastern Connecticut,https://freida.ama-assn.org/institution/088017,,,,"No 14 Rte 12, Preston, CT 06365"
11,80407, Connecticut Children's Medical Center,https://freida.ama-assn.org/institution/080407,"['Univ of Connecticut Sch of Med', 'Frank H Netter MD Sch of Med at Quinnipiac Univ']",['Univ of New England Coll of Osteopathic Med'],,"282 Washington St, Hartford, CT 06106-3316"
12,88023, Connecticut Dept of Corrections Manson Youth Facility,https://freida.ama-assn.org/institution/088023,,,Univ of Connecticut Sch of Med,"42 Jarvis St, Cheshire, CT 06410"
13,80005, Connecticut Division of Scientific Services,https://freida.ama-assn.org/institution/080005,Univ of Connecticut Sch of Med,,,"278 Colony St, Meriden, CT 06451"
14,88041, Connecticut Hospice Inc,https://freida.ama-assn.org/institution/088041,,Univ of Connecticut Sch of Med,,"100 Double Beach Rd, Branford, CT 06405"
15,88075, Connecticut Institute for Communities Inc,https://freida.ama-assn.org/institution/088075,,,,"57 North St, Danbury, CT 06810"
16,80715, Connecticut Mental Health Center,https://freida.ama-assn.org/institution/080715,Yale Sch of Med,,,"34 Park St, New Haven, CT 06519"
17,80723, Connecticut Red Cross Blood Services,https://freida.ama-assn.org/institution/080723,,,,"209 Farmington Ave, Farmington, CT 06032"
18,80006, Connecticut State Police Central District Major Crime Unit,https://freida.ama-assn.org/institution/080006,,Univ of Connecticut Sch of Med,,"269 Maxim Rd, Hartford, CT 06114"
19,80214, Connecticut Valley Hospital,https://freida.ama-assn.org/institution/080214,,,Univ of Connecticut Sch of Med,"1000 Silver St, Middletown, CT 06457"
20,80363, Danbury Hospital,https://freida.ama-assn.org/institution/080363,['Robert Larner MD Coll of Med at the Univ of Vermont'],"['Univ of New England Coll of Osteopathic Med', 'West Virginia Sch of Osteopathic Med']","['Yale Sch of Med', 'New York Med Coll']","24 Hospital Ave, Danbury, CT 06810-0729"
21,507015, Danbury Hospital-Western Connecticut Health Network,https://freida.ama-assn.org/institution/0507015,,,,
22,88074, Eastern Connecticut Health Network,https://freida.ama-assn.org/institution/088074,['Univ of New England Coll of Osteopathic Med'],"['Frank H Netter MD Sch of Med at Quinnipiac Univ', 'West Virginia Sch of Osteopathic Med']",['Univ of Connecticut Sch of Med'],"71 Haynes St, Manchester, CT 06040"
23,88108, ECHN Neuromusculoskeletal Medicine,https://freida.ama-assn.org/institution/088108,,,,"29 Haynes St, Mancheser, CT 06040"
24,88072, Endocrine Associates of Connecticut,https://freida.ama-assn.org/institution/088072,,,,"200 Orchard St, New Haven, CT 06511"
25,88070, Endocrinology and Metabolism Specialists,https://freida.ama-assn.org/institution/088070,,,,"5520 Parks Ave, Trumbull, CT 06611"
26,88069, Fair Haven Community Health Center,https://freida.ama-assn.org/institution/088069,,Univ of Connecticut Sch of Med,,"374 Grand Ave, New Haven, CT 06513"
27,88094, Fair Haven Community Health Clinic,https://freida.ama-assn.org/institution/088094,,,,"374 Grand Ave, New Haven, CT 06513"
28,88112, Family Health Center-Southwest,https://freida.ama-assn.org/institution/088112,,,,"762 Lindley St, Bridgeport, CT 06606"
29,88037, Garner Correctional Institution,https://freida.ama-assn.org/institution/088037,,,Univ of Connecticut Sch of Med,"50 Nannawauk Rd, Newtown, CT 06470"
30,88021, Gaylord Hospital,https://freida.ama-assn.org/institution/088021,,Yale Sch of Med,,"50 Gaylord Farm Rd, Wallingford, CT 06492"
31,88062, Glastonbury Surgery Center,https://freida.ama-assn.org/institution/088062,,,Univ of Connecticut Sch of Med,"195 Eastern Blvd, Glastonbury, CT 06033"
32,88073, Golden Hill Health Care Center,https://freida.ama-assn.org/institution/088073,,,,"2028 Bridgeport Ave, Milford, CT 06460"
33,80257, Greenwich Hospital,https://freida.ama-assn.org/institution/080257,['Yale Sch of Med'],['New York Med Coll'],,"5 Perryridge Rd, Greenwich, CT 06830-2700"
34,80172, Griffin Hospital,https://freida.ama-assn.org/institution/080172,['Frank H Netter MD Sch of Med at Quinnipiac Univ'],['Univ of New England Coll of Osteopathic Med'],,"130 Division St, Derby, CT 06418-1499"
35,88038, Hamden Health Care Center,https://freida.ama-assn.org/institution/088038,,,,"1270 Sherman Ln, Hamden, CT 06514"
36,88071, Hammers Healthcare Imaging,https://freida.ama-assn.org/institution/088071,,,,"2 Church St S, New Haven, CT 06511"
37,88058, Hand Center,https://freida.ama-assn.org/institution/088058,,,Univ of Connecticut Sch of Med,"85 Seymour St, Hartford, CT 06106"
38,80275, Hartford Hospital,https://freida.ama-assn.org/institution/080275,"['Univ of Connecticut Sch of Med', 'Geisel Sch of Med at Dartmouth']","['Frank H Netter MD Sch of Med at Quinnipiac Univ', 'Univ of New England Coll of Osteopathic Med']",['Yale Sch of Med'],"80 Seymour St, Hartford, CT 06102"
39,88042, Hartford Surgery Center,https://freida.ama-assn.org/institution/088042,,,,"100 Retreat Ave, Hartford, CT 06106"
40,88022, Hebrew Home and Hospital,https://freida.ama-assn.org/institution/088022,,,,"1 Abrahms Blvd, West Hartford, CT 06117"
41,88055, Hill Health Center,https://freida.ama-assn.org/institution/088055,,Univ of Connecticut Sch of Med,,"400 Columbus Ave, New Haven, CT 06519"
42,88034, Hospital for Special Care,https://freida.ama-assn.org/institution/088034,,['Univ of Connecticut Sch of Med'],['Geisel Sch of Med at Dartmouth'],"2150 Corbin Ave, New Britain, CT 06053"
43,80372, Hospital of Central Connecticut,https://freida.ama-assn.org/institution/080372,Univ of Connecticut Sch of Med,,,"100 Grand St, New Britain, CT 06050-0100"
44,80244, Hospital of St Raphael,https://freida.ama-assn.org/institution/080244,,Univ of Connecticut Sch of Med,,"1450 Chapel St, New Haven, CT 06511-2700"
45,80400, Institute of Living,https://freida.ama-assn.org/institution/080400,Univ of Connecticut Sch of Med,,,"400 Washington St, Hartford, CT 06106-3392"
46,88067, Internal Medicine of Clinton,https://freida.ama-assn.org/institution/088067,,,,"5 Pequot Park Rd, Westbrook, CT 06498"
47,88060, Jefferson Radiology PC,https://freida.ama-assn.org/institution/088060,,Univ of Connecticut Sch of Med,,"85 Seymour St, Hartford, CT 06106"
48,88039, Jewish Home for the Elderly,https://freida.ama-assn.org/institution/088039,,,,"175 Jefferson St, Fairfield, CT 06825"
49,80442, Lawrence + Memorial Hospital,https://freida.ama-assn.org/institution/080442,,Yale Sch of Med,,"365 Montauk Ave, New London, CT 06320"
50,88098, Lord Chamberlain Nursing and Rehabilitation Center,https://freida.ama-assn.org/institution/088098,,,,"7003 Main St, Stratford, CT 06614"
51,88040, Masonicare,https://freida.ama-assn.org/institution/088040,,,Univ of Connecticut Sch of Med,"22 Masonic Ave, Wallingford, CT 06492"
52,80135, Middlesex Hospital,https://freida.ama-assn.org/institution/080135,['Frank H Netter MD Sch of Med at Quinnipiac Univ'],"['Univ of Connecticut Sch of Med', 'Univ of New England Coll of Osteopathic Med']",['Yale Sch of Med'],"28 Crescent St, Middletown, CT 06457-1499"
53,88066, Milford Health Care Center Inc,https://freida.ama-assn.org/institution/088066,,,,"195 Platt ST, Milford, CT 06460"
54,80316, Mount Sinai Hospital,https://freida.ama-assn.org/institution/080316,,,,"500 Blue Hills Ave, Hartford, CT 06112-1596"
55,88048, Naugatuck Valley Health Department,https://freida.ama-assn.org/institution/088048,,,,"98 Bank St, Seymour, CT 06483"
56,88020, New Haven State Attorney's Office,https://freida.ama-assn.org/institution/088020,,,,"235 Church St, New Haven, CT 06510"
57,88027, Norwalk Community Health Center,https://freida.ama-assn.org/institution/088027,,,,"121 Water St, Norwalk, CT 06854"
58,80206, Norwalk Hospital,https://freida.ama-assn.org/institution/080206,['Robert Larner MD Coll of Med at the Univ of Vermont'],"['Univ of Connecticut Sch of Med', 'Univ of New England Coll of Osteopathic Med']",['Yale Sch of Med'],"34 Maple St, Norwalk, CT 06856"
59,88061, Optimus Health Care,https://freida.ama-assn.org/institution/088061,,Univ of Connecticut Sch of Med,,"1351 Washington Blvd, Stamford, CT 06902"
60,88095, Orthopaedic Sports Specialist PC,https://freida.ama-assn.org/institution/088095,,,Univ of Connecticut Sch of Med,"84 Glastonbury Blvd, Glastonbury, CT 06033"
61,88059, Orthopedic Associates of Hartford PC,https://freida.ama-assn.org/institution/088059,,,Univ of Connecticut Sch of Med,"85 Seymour St, Hartford, CT 06106"
62,88102, Orthopedic Associates Surgery Center,https://freida.ama-assn.org/institution/088102,,,Univ of Connecticut Sch of Med,"1111 Cromwell Ave, Rocky Hill, CT 06067"
63,88025, Plancher Orthopaedics & Sports Medicine,https://freida.ama-assn.org/institution/088025,,,,"31 River Rd, Cos Cob, CT 06807"
64,88026, Plancher Orthopaedics and Sports Medicine (Connecticut),https://freida.ama-assn.org/institution/088026,,,,"31 River Rd, Cos Cob, CT 06807"
65,88050, Planned Parenthood (New Haven Center),https://freida.ama-assn.org/institution/088050,,,,"345 Whitney Ave, New Haven, CT 06510"
66,88109, Quinnipiac University Frank H Netter MD School of Medicine,https://freida.ama-assn.org/institution/088109,,,,"275 Mt Carmel Ave, Handen, CT 06518"
67,88086, Reservoir-Genesis HealthCare,https://freida.ama-assn.org/institution/088086,,,Univ of Connecticut Sch of Med,"1 Emily Hwy, West Hartford, CT 06107"
68,88035, Rushford Hartford Healthcare (Meriden),https://freida.ama-assn.org/institution/088035,,,,"883 Paddock Ave, Meriden, CT 06450"
69,88082, Seabury Retirement Community,https://freida.ama-assn.org/institution/088082,,,Univ of Connecticut Sch of Med,"200 Seabury Dr, Bloomfield, CT 06002"
70,88107, Sharon Hospital,https://freida.ama-assn.org/institution/088107,,,,"50 Hospital Hill Rd, Sharon, CT 06069"
71,80004, Southington Surgery Center,https://freida.ama-assn.org/institution/080004,,,,"81 Meriden Ave, Southington, CT 06589"
72,80490, St Francis Hospital and Medical Center,https://freida.ama-assn.org/institution/080490,"['Univ of Connecticut Sch of Med', 'Frank H Netter MD Sch of Med at Quinnipiac Univ']","['Univ of New England Coll of Osteopathic Med', 'West Virginia Sch of Osteopathic Med', 'Lincoln Memorial Univ DeBusk Coll of Osteopathic Med']",,"114 Woodland St, Hartford, CT 06105-9317"
73,80502, St Joseph Medical Center,https://freida.ama-assn.org/institution/080502,,,,"128 Strawberry Hill Ave, Stamford, CT 06904-1222"
74,80458, St Mary's Hospital,https://freida.ama-assn.org/institution/080458,['Frank H Netter MD Sch of Med at Quinnipiac Univ'],"['Univ of Connecticut Sch of Med', 'Univ of New England Coll of Osteopathic Med']",['Yale Sch of Med'],"56 Franklin St, Waterbury, CT 06706"
75,80341, St Vincent's Medical Center,https://freida.ama-assn.org/institution/080341,['Frank H Netter MD Sch of Med at Quinnipiac Univ'],['Univ of Connecticut Sch of Med'],['New York Med Coll'],"2800 Main St, Bridgeport, CT 06606-0729"
76,80456, Stamford Hospital,https://freida.ama-assn.org/institution/080456,['Columbia Univ Vagelos Coll of Physicians and Surgeons'],"['Frank H Netter MD Sch of Med at Quinnipiac Univ', 'Univ of New England Coll of Osteopathic Med']",['New York Med Coll'],"1 Hospital Plaza, Stamford, CT 06902"
77,88047, State of Connecticut Department of Public Health,https://freida.ama-assn.org/institution/088047,,,Univ of Connecticut Sch of Med,"410 Capitol Ave, Hartford, CT 06134"
78,88018, State of Connecticut Medical Examiner's Office,https://freida.ama-assn.org/institution/088018,,,Univ of Connecticut Sch of Med,"11 Shuttle Rd, Farmington, CT 06032"
79,87003, Uncas on Thames Hospital,https://freida.ama-assn.org/institution/087003,,,,"PO Box 711, Norwich, CT 06360"
80,80501, Univ of Connecticut Health Center/John Dempsey Hospital,https://freida.ama-assn.org/institution/080501,Univ of Connecticut Sch of Med,,,"263 Farmington Ave, Farmington, CT 06030-3802"
81,80445, University of Connecticut School of Medicine,https://freida.ama-assn.org/institution/080445,['Univ of Connecticut Sch of Med'],"['Midwestern Univ Arizona Coll of Osteopathic Med', 'West Virginia Sch of Osteopathic Med', 'Lincoln Memorial Univ DeBusk Coll of Osteopathic Med']","['Univ of New England Coll of Osteopathic Med', 'Pacific Northwest Univ of Health Sciences Coll of Osteopathic Med']","263 Farmington Ave, Farmington, CT 06030-1925"
82,80199, VA Connecticut Healthcare System (West Haven),https://freida.ama-assn.org/institution/080199,Yale Sch of Med,,,"950 Campbell Ave, West Haven, CT 06516-2700"
83,80493, VA Connecticut-Newington,https://freida.ama-assn.org/institution/080493,,,Univ of Connecticut Sch of Med,"555 Willard Ave, Newington, CT 06111"
84,88089, Vitas Hospice,https://freida.ama-assn.org/institution/088089,,,,"55 Franklin St, Waterbury, CT 06706"
85,80131, Waterbury Hospital,https://freida.ama-assn.org/institution/080131,['Frank H Netter MD Sch of Med at Quinnipiac Univ'],['Univ of Connecticut Sch of Med'],['Yale Sch of Med'],"64 Robbins St, Waterbury, CT 06721-1499"
86,88032, Wheeler Clinic,https://freida.ama-assn.org/institution/088032,,,Univ of Connecticut Sch of Med,"91 Northwest Dr, Plainville, CT 06062"
87,87004, William W Backus Hospital,https://freida.ama-assn.org/institution/087004,,Univ of Connecticut Sch of Med,,"326 Washington St, Norwich, CT 06360-2742"
88,88077, Yale Dermatologic Surgery,https://freida.ama-assn.org/institution/088077,,,,"40 Temple St, New Haven, CT 06510"
89,80716, Yale Health,https://freida.ama-assn.org/institution/080716,,"['Yale Sch of Med', 'West Virginia Sch of Osteopathic Med']",,"17 Hillhouse Ave, New Haven, CT 06520-8034"
90,88019, Yale Law School,https://freida.ama-assn.org/institution/088019,,,,"127 Wall St, New Haven, CT 06511"
91,80505, Yale University School of Public Health,https://freida.ama-assn.org/institution/080505,,,,"60 College St, New Haven, CT 06520-8034"
92,80433, Yale-New Haven Hospital,https://freida.ama-assn.org/institution/080433,['Yale Sch of Med'],['Univ of New England Coll of Osteopathic Med'],['Univ of Connecticut Sch of Med'],"20 York St, New Haven, CT 06504-3316"
93,80711, Yale-New Haven Psychiatric Hospital,https://freida.ama-assn.org/institution/080711,,,,"Huntington & Prospect Sts, New Haven, CT 06520-8034"
