,AMC_No,AMC_Name,URLS,Affiliation_Major,Affiliation_Limited,Affiliation_Graduate,Medical_Center_Address
0,169514, 900 North Michigan Surgery Center   ,https://freida.ama-assn.org/institution/169514,,,,"60 E Delaware Pl, Chicago, IL 60611"
1,160166, A McFarland Mental Health Center   ,https://freida.ama-assn.org/institution/160166,,,,"901 Southwind Rd, Springfield, IL 62703"
2,160051, A New You Plastic Surgery and Laser Center   ,https://freida.ama-assn.org/institution/160051,,,,"4944 95th St, Oak Lawn, IL 60435"
3,168116, Access Community Health Network   ,https://freida.ama-assn.org/institution/168116,,,,"222 N Canal St, Chicago, IL 60606"
4,168048, Advanced Reproductive Health Center   ,https://freida.ama-assn.org/institution/168048,,,,"1 E Erie St, Chicago, IL 60611"
5,160175, Adventist La Grange Memorial Hospital   ,https://freida.ama-assn.org/institution/160175,['Midwestern Univ Chicago Coll of Osteopathic Med'],"['Rush Med Coll of Rush Univ Med Ctr', 'Loyola Univ of Chicago Stritch Sch of Med', 'Kansas City Univ of Med and Biosciences Coll of Osteopathic Med']",['Univ of Chicago Div of the Biological Sciences Pritzker Sch of Med'],"5101 S Willow Springs Rd, LaGrange, IL 60525"
6,160303, Advocate Christ Medical Center   ,https://freida.ama-assn.org/institution/160303,"['Univ of Illinois Coll of Med', 'Loyola Univ of Chicago Stritch Sch of Med', 'Midwestern Univ Chicago Coll of Osteopathic Med']","['Midwestern Univ Arizona Coll of Osteopathic Med', 'Rush Med Coll of Rush Univ Med Ctr', 'Lincoln Memorial Univ DeBusk Coll of Osteopathic Med']",['Univ of Chicago Div of the Biological Sciences Pritzker Sch of Med'],"4440 W 95th St, Oak Lawn, IL 60453-4213"
7,168067, Advocate Good Samaritan Hospital   ,https://freida.ama-assn.org/institution/168067,,Rush Med Coll of Rush Univ Med Ctr,,"3815 Highland Av, Downers Grove, IL 60515"
8,169565, Advocate Health Care   ,https://freida.ama-assn.org/institution/169565,,,,"3075 Highland Pkwy, Downers Grove, IL 60515"
9,160411, Advocate Illinois Masonic Medical Center   ,https://freida.ama-assn.org/institution/160411,"['Univ of Illinois Coll of Med', 'Midwestern Univ Chicago Coll of Osteopathic Med']","['Midwestern Univ Arizona Coll of Osteopathic Med', 'Rush Med Coll of Rush Univ Med Ctr', 'Chicago Med Sch at Rosalind Franklin Univ of Med & Science', 'Lincoln Memorial Univ DeBusk Coll of Osteopathic Med']",['Univ of Chicago Div of the Biological Sciences Pritzker Sch of Med'],"836 W Wellington Ave, Chicago, IL 60657-5193"
10,160484, Advocate Lutheran General Hospital   ,https://freida.ama-assn.org/institution/160484,"['Univ of Illinois Coll of Med', 'Midwestern Univ Chicago Coll of Osteopathic Med']","['Midwestern Univ Arizona Coll of Osteopathic Med', 'Loyola Univ of Chicago Stritch Sch of Med', 'Lincoln Memorial Univ DeBusk Coll of Osteopathic Med']","['Rush Med Coll of Rush Univ Med Ctr', 'Univ of Chicago Div of the Biological Sciences Pritzker Sch of Med']","1775 W Dempster St, Park Ridge, IL 60068-1174"
11,160115, Advocate Ravenswood Medical Center   ,https://freida.ama-assn.org/institution/160115,,,,"4550 N Winchester Ave, Chicago, IL 60640-5205"
12,160103, Advocate Sherman Hospital   ,https://freida.ama-assn.org/institution/160103,,,,"1425 N Randall Rd, Elgin, IL 60123"
13,169572, Advocate South Suburban Hospital   ,https://freida.ama-assn.org/institution/169572,,,,"17800 Kedzie Ave, Hazel Crest, IL 60429"
14,169588, Aida Spahic Mihajlovic MD Psychiatry ,https://freida.ama-assn.org/institution/169588,,,,"3700 203rd St, Olympia Fields, IL 60461"
15,168110, Alexian Brothers Medical Center   ,https://freida.ama-assn.org/institution/168110,,Univ of Illinois Coll of Med,,"800 Biesterfield Rd, Elk Grove Village, IL 60007"
16,160042, Alton Memorial Hospital   ,https://freida.ama-assn.org/institution/160042,Southern Illinois Univ Sch of Med,,,"1 Memorial Dr, Alton, IL 62002"
17,160369, Amita Health Adventist Medical Center Hinsdale   ,https://freida.ama-assn.org/institution/160369,['Midwestern Univ Chicago Coll of Osteopathic Med'],"['Midwestern Univ Arizona Coll of Osteopathic Med', 'Loma Linda Univ Sch of Med', 'Rush Med Coll of Rush Univ Med Ctr', 'Loyola Univ of Chicago Stritch Sch of Med', 'Kansas City Univ of Med and Biosciences Coll of Osteopathic Med']",[],"120 N Oak St, Hinsdale, IL 60521-3829"
18,168043, Amita Health Saints Mary and Elizabeth Medical Center   ,https://freida.ama-assn.org/institution/168043,['Chicago Med Sch at Rosalind Franklin Univ of Med & Science'],['Loyola Univ of Chicago Stritch Sch of Med'],[],"2233 W Division St, Chicago, IL 60622"
19,168045, Amita Health St Alexius Medical Center Hoffman Estates   ,https://freida.ama-assn.org/institution/168045,,['Loyola Univ of Chicago Stritch Sch of Med'],['Rush Med Coll of Rush Univ Med Ctr'],"1555 Barrington Rd, Hoffman Estates, IL 60194"
20,160310, Amita Health St Joseph Hospital (Chicago)   ,https://freida.ama-assn.org/institution/160310,['Univ of Illinois Coll of Med'],"['Midwestern Univ Arizona Coll of Osteopathic Med', 'Loyola Univ of Chicago Stritch Sch of Med']",['Univ of Chicago Div of the Biological Sciences Pritzker Sch of Med'],"2900 N Lake Shore Dr, Chicago, IL 60657"
21,160325, Amita Health St Joseph Medical Center Joliet   ,https://freida.ama-assn.org/institution/160325,,,,"333 N Madison St, Joliet, IL 60435"
22,169573, Amita Health St Mary's Hospital   ,https://freida.ama-assn.org/institution/169573,,,,"500 W Court St, Kankakee, IL 60901"
23,160264, Ann & Robert H Lurie Children's Hospital of Chicago   ,https://freida.ama-assn.org/institution/160264,"['Northwestern Univ Feinberg Sch of Med', 'Loyola Univ of Chicago Stritch Sch of Med']",['Univ of Washington Sch of Med'],"['Rush Med Coll of Rush Univ Med Ctr', 'Univ of Chicago Div of the Biological Sciences Pritzker Sch of Med', 'Univ of Illinois Coll of Med', 'Southern Illinois Univ Sch of Med']","225 E Chicago Ave, Chicago, IL 60611"
24,169592, Applewood Rehabilitation Center   ,https://freida.ama-assn.org/institution/169592,,,,"21020 Kostner Ave, Matteson, IL 60443"
25,169587, Arcot Dwarakanathan MD Endocrinology  ,https://freida.ama-assn.org/institution/169587,,,,"19900 Governors Dr, Olympia Fields, IL 60461"
26,168142, Argo High School   ,https://freida.ama-assn.org/institution/168142,,,,"7329 W 63rd St, Summit, IL 60501"
27,160163, Aria Post Acute Care   ,https://freida.ama-assn.org/institution/160163,,,,"4600 Frontage Rd, Hillside, IL 60162"
28,160040, Ascension Illinois   ,https://freida.ama-assn.org/institution/160040,,,,"200 S Wacker Dr, Chicago, IL 60606"
29,169559, Associated Allergists and Asthma Specialists Ltd   ,https://freida.ama-assn.org/institution/169559,,,,"25 E Washington St, Chicago, IL 60602"
30,160178, Associated Surgery Center   ,https://freida.ama-assn.org/institution/160178,,,,"129 W Rand Rd, Arlington Heights, IL 60004"
31,169591, Aunt Martha's Youth Service Center   ,https://freida.ama-assn.org/institution/169591,,,,"19990 Governors Hwy, Olympia Fields, IL 60461"
32,160113, Barton Senior Residence of Chicago   ,https://freida.ama-assn.org/institution/160113,,,,"1245 S Wood St, Chicago, IL 60608"
33,167127, Blessing Hospital   ,https://freida.ama-assn.org/institution/167127,['Southern Illinois Univ Sch of Med'],['West Virginia Sch of Osteopathic Med'],[],"Broadway at 11th St, Quincy, IL 62305-7005"
34,169510, Bluhm Legal Clinic   ,https://freida.ama-assn.org/institution/169510,,,,"357 E Chicago Ave, Chicago, IL 60611"
35,168084, Bradley University Student Health   ,https://freida.ama-assn.org/institution/168084,,,,"912 N Elmwood, Peoria, IL 61625"
36,160162, Bronzeville Nursing Home   ,https://freida.ama-assn.org/institution/160162,,,,"3400 S Indiana Ave, Chicago, IL 60616"
37,169574, Burke Medical Group   ,https://freida.ama-assn.org/institution/169574,,,,"3700 203rd St, Olympia Fields, IL 60461"
38,160497, Cabrini Hospital   ,https://freida.ama-assn.org/institution/160497,,,,"811 S Lytle, Chicago, IL 60607"
39,169564, Cadence Health   ,https://freida.ama-assn.org/institution/169564,,,,"25 N Winfield Rd, Winfield, IL 60190"
40,169584, Campbell Health Solutions SC   ,https://freida.ama-assn.org/institution/169584,,,,"4340 Morsay Dr, Rockford, IL 61107"
41,160460, Captain James A Lovell Federal Health Care Center   ,https://freida.ama-assn.org/institution/160460,"['Univ of Illinois Coll of Med', 'Chicago Med Sch at Rosalind Franklin Univ of Med & Science']",,['Rush Med Coll of Rush Univ Med Ctr'],"3001 Green Bay Rd, North Chicago, IL 60064"
42,169610, Carle BroMenn Medical Center   ,https://freida.ama-assn.org/institution/169610,,"['Midwestern Univ Arizona Coll of Osteopathic Med', 'West Virginia Sch of Osteopathic Med']",['Pacific Northwest Univ of Health Sciences Coll of Osteopathic Med'],"1304 Franklin Ave, Normal, IL 61761"
43,160146, Carle Foundation Hospital   ,https://freida.ama-assn.org/institution/160146,"['Univ of Illinois Coll of Med', 'Carle Illinois Coll of Med']","['Midwestern Univ Chicago Coll of Osteopathic Med', 'Kansas City Univ of Med and Biosciences Coll of Osteopathic Med']",[],"611 W Park St, Urbana, IL 61801-2595"
44,169553, Carle Hoopeston Regional Health Center   ,https://freida.ama-assn.org/institution/169553,,Kansas City Univ of Med and Biosciences Coll of Osteopathic Med,,"701 E Orange St, Hoopeston, IL 60942"
45,168035, Catholic Health Partners   ,https://freida.ama-assn.org/institution/168035,,,,"2913 N Commonwealth Ave, Chicago, IL 60657"
46,169512, Center for Athletic Medicine Ltd   ,https://freida.ama-assn.org/institution/169512,,Univ of Illinois Coll of Med,,"830 W Diversey, Chicago, IL 60614"
47,169595, Center for Digestive Health   ,https://freida.ama-assn.org/institution/169595,,,,"1615 N Convent St, Bourbonnais, IL 60914"
48,169527, Center for Pain Management   ,https://freida.ama-assn.org/institution/169527,,,,"980 N Michigan Ave, Chicago, IL 60611"
49,160116, Center Home for Hispanic Elderly   ,https://freida.ama-assn.org/institution/160116,,,,"1401 N California Ave, Chicago, IL 60622"
50,168085, Central Illinois Dermatology SC   ,https://freida.ama-assn.org/institution/168085,,,,"5401 N Knoxville, Peoria, IL 61614"
51,168039, Chester Mental Health Center   ,https://freida.ama-assn.org/institution/168039,,,,"1315 Lehmen Dr, Chester, IL 62233-0031"
52,169507, Chicago Children's Advocacy Center   ,https://freida.ama-assn.org/institution/169507,,,,"1240 S Damen Ave, Chicago, IL 60608"
53,168123, Chicago Department of Public Health   ,https://freida.ama-assn.org/institution/168123,,,,"2160 W Ogden Ave, Chicago, IL 60612"
54,168028, Chicago Lakeshore Hospital   ,https://freida.ama-assn.org/institution/168028,['Univ of Chicago Div of the Biological Sciences Pritzker Sch of Med'],['Univ of Illinois Coll of Med'],[],"4840 N Marine Dr, Chicago, IL 60640"
55,169549, Chicago Lighthouse   ,https://freida.ama-assn.org/institution/169549,,Loyola Univ of Chicago Stritch Sch of Med,,"1850 W Roosevelt Rd, Chicago, IL 60608"
56,160748, Chicago Medical School/Rosalind Franklin University of Medicine & Science   ,https://freida.ama-assn.org/institution/160748,Chicago Med Sch at Rosalind Franklin Univ of Med & Science,,,"3333 Green Bay Rd, North Chicago, IL 60064"
57,168143, Chicago Primary Care Sports Medicine   ,https://freida.ama-assn.org/institution/168143,,,,"711 W North Ave, Chicago, IL 60610"
58,160789, Chicago Read Mental Health Center  ,https://freida.ama-assn.org/institution/160789,,,,"4200 N Oak Park Ave, Chicago, IL 60634"
59,169630, Children's Hospital of Illinois   ,https://freida.ama-assn.org/institution/169630,,,,"800 NE Glen Oak Ave, Peoria, IL 61603"
60,169542, Children's Hospital University of Illinois   ,https://freida.ama-assn.org/institution/169542,,,,"1740 W Taylor St, Chicago, IL 60612"
61,168129, Christie Clinic LLC Champaign on University  ,https://freida.ama-assn.org/institution/168129,Univ of Illinois Coll of Med,,,"101 W University Ave, Champaign, IL 61820"
62,168113, Clinical Radiologist SC   ,https://freida.ama-assn.org/institution/168113,,Southern Illinois Univ Sch of Med,,"3050 Montvale, Springfield, IL 62704"
63,168041, Community First Medical Center   ,https://freida.ama-assn.org/institution/168041,,,,"5645 W Addison St, Chicago, IL 60634-4455"
64,169566, Cook County Department of Public Health   ,https://freida.ama-assn.org/institution/169566,,,,"15900 S Cicero Ave, Oak Forest, IL 60452"
65,160164, Cook County Health and Hospitals System   ,https://freida.ama-assn.org/institution/160164,"['Rush Med Coll of Rush Univ Med Ctr', 'Northwestern Univ Feinberg Sch of Med', 'Univ of Illinois Coll of Med', 'Midwestern Univ Chicago Coll of Osteopathic Med']",['Loyola Univ of Chicago Stritch Sch of Med'],"['Univ of Chicago Div of the Biological Sciences Pritzker Sch of Med', 'Pacific Northwest Univ of Health Sciences Coll of Osteopathic Med']","900 W Polk St, Chicago, IL 60612"
66,169509, Cook County Juvenile Court Clinic   ,https://freida.ama-assn.org/institution/169509,,,,"2245 W Ogden, Chicago, IL 60612"
67,169561, Cook County Juvenile Temporary Detention Center   ,https://freida.ama-assn.org/institution/169561,,,,"1100 S Hamilton Ave, Chicago, IL 60612"
68,169619, Cottages of New Lenox   ,https://freida.ama-assn.org/institution/169619,,,,"1023 S Cedar Rd, New Lenox, IL 60451"
69,169530, Council of Jewish Elderly   ,https://freida.ama-assn.org/institution/169530,,,,"3003 W Touhy, Chicago, IL 60645"
70,169547, Danville Area Community College (DACC)   ,https://freida.ama-assn.org/institution/169547,,,,"2000 E Main St, Danville, IL 61832"
71,169631, DayRehab Center and Outpatient Center Northshore  ,https://freida.ama-assn.org/institution/169631,,,,"900 Skokie Blvd, Northbrook, IL 60062"
72,160158, Decatur Memorial Hospital   ,https://freida.ama-assn.org/institution/160158,Southern Illinois Univ Sch of Med,,,"2300 N Edward St, Decatur, IL 62526"
73,169594, Digestive Diseases   ,https://freida.ama-assn.org/institution/169594,,,,"1615 N Convent St, Bourbonnais, IL 60914"
74,169506, Division of Child Protection Services/John H Stroger Jr Hospital   ,https://freida.ama-assn.org/institution/169506,,,,"1900 W Polk St, Chicago, IL 60612"
75,169511, Division of Forensic Psychiatry   ,https://freida.ama-assn.org/institution/169511,,,,"446 E Ontario, Chicago, IL 60611"
76,168117, DuPage County Health Department   ,https://freida.ama-assn.org/institution/168117,,,,"111 N County Farm Rd, Wheaton, IL 60187"
77,160321, Edgewater Medical Center   ,https://freida.ama-assn.org/institution/160321,,,,"5700 N Ashland Ave, Chicago, IL 60660"
78,160259, Edward Hines Jr Veterans Affairs Hospital   ,https://freida.ama-assn.org/institution/160259,"['Univ of Illinois Coll of Med', 'Loyola Univ of Chicago Stritch Sch of Med']",['Rush Med Coll of Rush Univ Med Ctr'],[],"5th Ave & Roosevelt Rd, Hines, IL 60141"
79,169560, Effingham Ambulatory Surgery Center   ,https://freida.ama-assn.org/institution/169560,,Southern Illinois Univ Sch of Med,,"904 W Temple Ave, Effingham, IL 62401"
80,167039, Elgin Mental Health Center   ,https://freida.ama-assn.org/institution/167039,,"['Chicago Med Sch at Rosalind Franklin Univ of Med & Science', 'Loyola Univ of Chicago Stritch Sch of Med']",[],"750 S State St, Elgin, IL 60123"
81,168136, Elmhurst Memorial Hospital   ,https://freida.ama-assn.org/institution/168136,,Rush Med Coll of Rush Univ Med Ctr,,"200 Berteau Ave, Elmhurst, IL 60126"
82,168137, Elmhurst Outpatient Surgery Center   ,https://freida.ama-assn.org/institution/168137,,Univ of Illinois Coll of Med,,"1200 S York Rd, Elmhurst, IL 60126"
83,168072, Endocrinology and Diabetes SC   ,https://freida.ama-assn.org/institution/168072,,,,"3308 W Chartwell Rd, Peoria, IL 61614"
84,169513, Erie Family Health Center HP   ,https://freida.ama-assn.org/institution/169513,,,Northwestern Univ Feinberg Sch of Med,"2750 W North Ave, Chicago, IL 60647"
85,169639, Erie Family Health California Ave  ,https://freida.ama-assn.org/institution/169639,,,,"5215 N California Ave, Chicago, IL 60625"
86,168082, Erikson Institute   ,https://freida.ama-assn.org/institution/168082,,,Univ of Chicago Div of the Biological Sciences Pritzker Sch of Med,"451 N LaSalle, Chicago, IL 60654"
87,160096, Esperanza Health Centers Brighton Park  ,https://freida.ama-assn.org/institution/160096,,,,"4700 S California Ave, Chicago, IL 60632"
88,160145, Evanston Hospital Northshore University Health System  ,https://freida.ama-assn.org/institution/160145,['Univ of Chicago Div of the Biological Sciences Pritzker Sch of Med'],['Univ of Illinois Coll of Med'],['Rush Med Coll of Rush Univ Med Ctr'],"2650 Ridge Ave, Evanston, IL 60201-1781"
89,168124, Excel Occupational Health Clinic   ,https://freida.ama-assn.org/institution/168124,,Univ of Illinois Coll of Med,,"5015 W 65th St, Bedford Park, IL 60638"
90,169531, FAA Regional Flight Surgeon's Office   ,https://freida.ama-assn.org/institution/169531,,,,"2300 E Devon Ave, Des Plaines, IL 60018"
91,169508, Facial Plastic and Laser Surgery Center LLC   ,https://freida.ama-assn.org/institution/169508,,,,"7301 N Knoxville Ave, Peoria, IL 61614"
92,160065, Family Planning Associates   ,https://freida.ama-assn.org/institution/160065,,,,"1200 N LaSalle St, Chicago, IL 60611"
93,168126, Fertility Centers of Illinois   ,https://freida.ama-assn.org/institution/168126,,,Loyola Univ of Chicago Stritch Sch of Med,"900 N Kingbury, Chicago, IL 60610"
94,169586, Franciscan Health Chicago Heights  ,https://freida.ama-assn.org/institution/169586,,"['West Virginia Sch of Osteopathic Med', 'Lincoln Memorial Univ DeBusk Coll of Osteopathic Med']",[],"1423 Chicago Rd, Chicago Heights, IL 60411"
95,169563, Franciscan Health Olympia Fields  ,https://freida.ama-assn.org/institution/169563,['Midwestern Univ Chicago Coll of Osteopathic Med'],"['Midwestern Univ Arizona Coll of Osteopathic Med', 'Kansas City Univ of Med and Biosciences Coll of Osteopathic Med', 'Burrell Coll of Osteopathic Med', 'Lincoln Memorial Univ DeBusk Coll of Osteopathic Med']",['Pacific Northwest Univ of Health Sciences Coll of Osteopathic Med'],"20201 S Crawford Ave, Olympia Fields, IL 60461"
96,169576, Franciscan Physician Network   ,https://freida.ama-assn.org/institution/169576,,,,"20121 S Crawford Ave, Olympia Fields, IL 60461"
97,168083, Friend Family Health Center   ,https://freida.ama-assn.org/institution/168083,,,,"5635 S Pulaski Rd, Chicago, IL 60629"
98,168073, Gastroenterology Ltd   ,https://freida.ama-assn.org/institution/168073,,,,"900 Main St, Peoria, IL 61602"
99,168060, Gateway Foundation   ,https://freida.ama-assn.org/institution/168060,,Southern Illinois Univ Sch of Med,,"2200 Lake Victoria Dr, Springfield, IL 62703"
100,160505, Gottlieb Memorial Hospital   ,https://freida.ama-assn.org/institution/160505,Loyola Univ of Chicago Stritch Sch of Med,,,"701 W North Ave, Melrose Park, IL 60160"
101,169568, Graham Hospital   ,https://freida.ama-assn.org/institution/169568,,,,"210 W Walnut St, Canton, IL 61520"
102,160250, Grant Hospital of Chicago   ,https://freida.ama-assn.org/institution/160250,,,,"550 W Webster Ave, Chicago, IL 60614-3708"
103,160332, Great Lakes Naval Hospital   ,https://freida.ama-assn.org/institution/160332,,,,"3001A Sixth St, Great Lakes, IL 60088-5230"
104,168087, Great Plains Orthopedics (Downtown Peoria)   ,https://freida.ama-assn.org/institution/168087,,,,"303 N WM Kumpf Blvd, Peoria, IL 61605"
105,168032, Great Plains Sports Medicine and Rehabilitation Center   ,https://freida.ama-assn.org/institution/168032,,,,"303 N Kumpf Blvd, Peoria, IL 61605"
106,160007, Hartgrove Hospital   ,https://freida.ama-assn.org/institution/160007,,,,"5730 W Roosevelt Rd, Chicago, IL 60644"
107,169623, Healthcare Alternative Systems (HAS)   ,https://freida.ama-assn.org/institution/169623,,,,"2755 W Armitage Ave, Chicago, IL 60647"
108,169571, Heartland Alliance International Marjorie Kovler Center  ,https://freida.ama-assn.org/institution/169571,,,,"1331 W Albion Ave, Chicago, IL 60626"
109,169618, Heartland Blood Center   ,https://freida.ama-assn.org/institution/169618,,,,
110,168074, Heartland Community Health Clinic   ,https://freida.ama-assn.org/institution/168074,,,,"1701 W Garden, Peoria, IL 61605"
111,160489, Holy Family Medical Center   ,https://freida.ama-assn.org/institution/160489,,,,"100 N River Rd, Des Plaines, IL 60016"
112,160063, Hope Clinic   ,https://freida.ama-assn.org/institution/160063,,,,"1602 21st St, Granite City, IL 62040"
113,168064, Hope School   ,https://freida.ama-assn.org/institution/168064,,,,"15 E Hazel Dell Ln, Springfield, IL 62712"
114,168111, Horizon Hospice and Palliative Care   ,https://freida.ama-assn.org/institution/168111,,,Univ of Chicago Div of the Biological Sciences Pritzker Sch of Med,"833 W Chicago Ave, Chicago, IL 60622"
115,169567, Horizons Behavioral Health LLC   ,https://freida.ama-assn.org/institution/169567,,Chicago Med Sch at Rosalind Franklin Univ of Med & Science,,"500 Coventry Ln, Crystal Lake, IL 60014"
116,160181, Humbolt Park Health   ,https://freida.ama-assn.org/institution/160181,,,,"1044 N Francisco Ave, Chicago, IL 60622"
117,168081, Hyde Park Career Academy   ,https://freida.ama-assn.org/institution/168081,,,Univ of Chicago Div of the Biological Sciences Pritzker Sch of Med,"6220 S Stony Island Ave, Chicago, IL 60637"
118,168103, Illinois Bone & Joint Institute LLC (Broadway)   ,https://freida.ama-assn.org/institution/168103,,,,"2860 N Broadway, Chicago, IL 60657"
119,168098, Illinois College of Optometry   ,https://freida.ama-assn.org/institution/168098,,,Univ of Chicago Div of the Biological Sciences Pritzker Sch of Med,"3241 S Michigan Ave, Chicago, IL 60616"
120,160167, Illinois Department of Public Health   ,https://freida.ama-assn.org/institution/160167,,,,"535 W Jefferson St, Springfield, IL 62761"
121,168088, Illinois Eye Center   ,https://freida.ama-assn.org/institution/168088,,,,"8921 N Wood Sage Rd, Peoria, IL 61615"
122,168068, Illinois Poison Center   ,https://freida.ama-assn.org/institution/168068,,,,"222 S Riverside Plaza, Chicago, IL 60606"
123,160029, Ingalls Hospital Wyman Gordon Center   ,https://freida.ama-assn.org/institution/160029,,,,"1 Ingalls Dr, Harvey, IL 60426"
124,169556, Ingalls Memorial Hospital   ,https://freida.ama-assn.org/institution/169556,,Univ of Illinois Coll of Med,,"1 Ingalls Dr, Harvey, IL 60426"
125,160086, Insight Hospital and Medical Center Chicago   ,https://freida.ama-assn.org/institution/160086,,,,"2525 S Michigan Ave, Chicago, IL 60616"
126,169569, Institute for Human Reproduction (IHR)   ,https://freida.ama-assn.org/institution/169569,,,,"409 W Huron St, Chicago, IL 60654"
127,169554, Iroquois Memorial Hospital   ,https://freida.ama-assn.org/institution/169554,,,,"200 E Fairman Ave, Watseka, IL 60970"
128,160354, Jackson Park Hospital   ,https://freida.ama-assn.org/institution/160354,,,,"7531 S Stony Island Ave, Chicago, IL 60649-3913"
129,168057, Jacksonville Developmental Center   ,https://freida.ama-assn.org/institution/168057,,,,"1201 S Main St, Jacksonville, IL 62650"
130,160220, Jesse Brown Veterans Affairs Medical Center   ,https://freida.ama-assn.org/institution/160220,"['Northwestern Univ Feinberg Sch of Med', 'Univ of Illinois Coll of Med']",['Med Coll of Wisconsin'],[],"820 S Damen Ave, Chicago, IL 60680"
131,169638, John H Stroger Jr Hospital of Cook County   ,https://freida.ama-assn.org/institution/169638,,Midwestern Univ Arizona Coll of Osteopathic Med,,"1969 Ogden Ave, Chicago, IL 60616"
132,160258, John J Madden Mental Health Center   ,https://freida.ama-assn.org/institution/160258,['Loyola Univ of Chicago Stritch Sch of Med'],['Univ of Illinois Coll of Med'],[],"1200 S First Ave, Hines, IL 60141"
133,169624, JourneyCare   ,https://freida.ama-assn.org/institution/169624,,,,"833 W Chicago Ave, Chicago, IL 60642"
134,168042, Katherine Shaw Bethea Hospital   ,https://freida.ama-assn.org/institution/168042,,Univ of Illinois Coll of Med,,"403 E First St, Dixon, IL 61021"
135,168062, Kemmerer Village   ,https://freida.ama-assn.org/institution/168062,,,,"Kemmerer Village RR1, Assumption, IL 62510"
136,168034, Kewanee Hospital   ,https://freida.ama-assn.org/institution/168034,,,,"719 Elliott St, Kewanee, IL 61443-0747"
137,168115, Lake County Health Department Community Health Center   ,https://freida.ama-assn.org/institution/168115,,['Chicago Med Sch at Rosalind Franklin Univ of Med & Science'],['Univ of Chicago Div of the Biological Sciences Pritzker Sch of Med'],"3010 Grand Ave, Waukegan, IL 60085"
138,168059, Lakeview Nursing and Rehabilitation Center   ,https://freida.ama-assn.org/institution/168059,,,,"735 W Diversey Pkwy, Chicago, IL 60614"
139,160774, LaRabida Children's Hospital and Research Center   ,https://freida.ama-assn.org/institution/160774,['Univ of Chicago Div of the Biological Sciences Pritzker Sch of Med'],"['Rush Med Coll of Rush Univ Med Ctr', 'Loyola Univ of Chicago Stritch Sch of Med']",[],"6501 S Promontory Dr, Chicago, IL 60649"
140,169640, Lawndale Christian Health Center   ,https://freida.ama-assn.org/institution/169640,,,,"3860 W Ogden Ave, Chicago, IL 60623"
141,169552, Lewis University   ,https://freida.ama-assn.org/institution/169552,,,,"1 University Pkwy, Romeoville, IL 60446"
142,168100, Lincoln Prairie Behavioral Health Center   ,https://freida.ama-assn.org/institution/168100,Southern Illinois Univ Sch of Med,,,"5230 S 6th St, Springfield, IL 62703"
143,168069, Little Company of Mary Hospital and Health Centers   ,https://freida.ama-assn.org/institution/168069,Loyola Univ of Chicago Stritch Sch of Med,,,"2800 95th St, Evergreen Park, IL 60805"
144,160006, Loretto Hospital   ,https://freida.ama-assn.org/institution/160006,,,,"645 S Central Ave, Chicago, IL 60644"
145,160123, Louis A Weiss Memorial Hospital   ,https://freida.ama-assn.org/institution/160123,['Univ of Illinois Coll of Med'],,['Univ of Chicago Div of the Biological Sciences Pritzker Sch of Med'],"4646 N Marine Dr, Chicago, IL 60640"
146,160453, Loyola Medicine MacNeal Hospital   ,https://freida.ama-assn.org/institution/160453,"['Univ of Chicago Div of the Biological Sciences Pritzker Sch of Med', 'Univ of Illinois Coll of Med', 'Midwestern Univ Chicago Coll of Osteopathic Med']","['Midwestern Univ Arizona Coll of Osteopathic Med', 'Rush Med Coll of Rush Univ Med Ctr', 'Loyola Univ of Chicago Stritch Sch of Med']",['Northwestern Univ Feinberg Sch of Med'],"3249 S Oak Park Ave, Berwyn, IL 60402"
147,160498, Loyola University Medical Center   ,https://freida.ama-assn.org/institution/160498,['Loyola Univ of Chicago Stritch Sch of Med'],,['Univ of Chicago Div of the Biological Sciences Pritzker Sch of Med'],"2160 S First Ave, Maywood, IL 60153-5585"
148,168001, Loyola University of Chicago Stritch School of Medicine   ,https://freida.ama-assn.org/institution/168001,,,,"2160 S First Ave, Maywood, IL 60153-5500"
149,169551, Loyola University Norville Athletic Department  ,https://freida.ama-assn.org/institution/169551,,Loyola Univ of Chicago Stritch Sch of Med,,"6526 N Winthrop Ave, Chicago, IL 60626"
150,169521, Lurie Children's Hospital Outpatient Clinics Primary Care  ,https://freida.ama-assn.org/institution/169521,,,,"225 E Chicago Ave, Chicago, IL 60611"
151,169520, Lurie Children's Hospital Outpatient Sports Medicine Clinics   ,https://freida.ama-assn.org/institution/169520,,,,"225 E Chicago Ave, Chicago, IL 60611"
152,169633, Lurie Children's Outpatient Center in Arlington Heights   ,https://freida.ama-assn.org/institution/169633,,,,"880 W Central Rd, Arlington Heights, IL 60005"
153,160095, Lurie Children's Outpatient Center in New Lenox   ,https://freida.ama-assn.org/institution/160095,,,,"1870 N Silver Cross Blvd, New Lenox, IL 60451"
154,169518, Lurie Children's Outpatient Center in Northbrook   ,https://freida.ama-assn.org/institution/169518,,,,"1131 Techny Rd, Northbrook, IL 60062"
155,169519, Lurie Children's Outpatient Center in Westchester   ,https://freida.ama-assn.org/institution/169519,,,,"2301 Enterprise Dr, Westchester, IL 60154"
156,168025, Marianjoy Rehabilitation Hospital   ,https://freida.ama-assn.org/institution/168025,,"['Midwestern Univ Arizona Coll of Osteopathic Med', 'Loyola Univ of Chicago Stritch Sch of Med', 'Kansas City Univ of Med and Biosciences Coll of Osteopathic Med']",[],"26 W 171 Roosevelt Rd, Wheaton, IL 60187"
157,169608, Mark McKeigue DO Family Medicine Sports  ,https://freida.ama-assn.org/institution/169608,,,,"10755 163rd Pl, Orland Park, IL 60467"
158,169502, McGaw Medical Center of Northwestern University   ,https://freida.ama-assn.org/institution/169502,['Northwestern Univ Feinberg Sch of Med'],"['Midwestern Univ Arizona Coll of Osteopathic Med', 'Mayo Clinic Alix Sch of Med']",['Univ of Chicago Div of the Biological Sciences Pritzker Sch of Med'],"420 E Superior St, Chicago, IL 60611"
159,168066, Memorial Health Care Children's Center   ,https://freida.ama-assn.org/institution/168066,,,,"5230 S 6th St, Springfield, IL 62703"
160,160786, Memorial Hospital   ,https://freida.ama-assn.org/institution/160786,,,,"4500 Memorial Dr, Belleville, IL 62223"
161,160508, Memorial Hospital of Carbondale   ,https://freida.ama-assn.org/institution/160508,Southern Illinois Univ Sch of Med,,,"404 W Main St, Carbondale, IL 62901"
162,160329, Mercy Hospital and Medical Center   ,https://freida.ama-assn.org/institution/160329,"['Univ of Illinois Coll of Med', 'Loyola Univ of Chicago Stritch Sch of Med']",['Rush Med Coll of Rush Univ Med Ctr'],['Univ of Chicago Div of the Biological Sciences Pritzker Sch of Med'],"2525 S Michigan Ave, Chicago, IL 60616-2477"
163,169613, Mercyhealth GME Consortium   ,https://freida.ama-assn.org/institution/169613,Midwestern Univ Chicago Coll of Osteopathic Med,,,"2400 N Rockton Ave, Rockford, IL 61103"
164,169616, Mercyhealth Hospital and Trauma Center Riverside  ,https://freida.ama-assn.org/institution/169616,,Kansas City Univ of Med and Biosciences Coll of Osteopathic Med,,"I-90/Riverside Blvd, Rockford, IL 61103"
165,160180, Metropolitan Child and Adolescent Services   ,https://freida.ama-assn.org/institution/160180,,,,"1601 W Taylor St, Chicago, IL 60612"
166,168133, MetroSouth Medical Center   ,https://freida.ama-assn.org/institution/168133,,,,"12935 S Gregory St, Blue Island, IL 60406"
167,168089, Midwest Ear Nose and Throat Associates   ,https://freida.ama-assn.org/institution/168089,,,,"8600 N State Rte 91, Peoria, IL 61615"
168,168090, Midwest Orthopedic Center   ,https://freida.ama-assn.org/institution/168090,,,,"6000 N Allen, Peoria, IL 61614"
169,168135, Midwest Palliative and Hospice Care Center   ,https://freida.ama-assn.org/institution/168135,,,,"2500 Claire Court, Glenview, IL 60025"
170,168044, Midwestern Regional Medical Center   ,https://freida.ama-assn.org/institution/168044,,,,"2501 Emmaus Ave, Zion, IL 60099"
171,168120, Midwestern University Pharmacology Department   ,https://freida.ama-assn.org/institution/168120,,,,"555 31st St, Downers Grove, IL 60515"
172,160010, Mississippi Valley Regional Blood Center   ,https://freida.ama-assn.org/institution/160010,,Southern Illinois Univ Sch of Med,,"2801 S 10th St, Springfield, IL 62703"
173,168112, Montgomery Place   ,https://freida.ama-assn.org/institution/168112,,,Univ of Chicago Div of the Biological Sciences Pritzker Sch of Med,"5550 S Shore Dr, Chicago, IL 60637"
174,160339, Mount Sinai Hospital Medical Center of Chicago   ,https://freida.ama-assn.org/institution/160339,"['Univ of Illinois Coll of Med', 'Chicago Med Sch at Rosalind Franklin Univ of Med & Science']",['Rush Med Coll of Rush Univ Med Ctr'],"['Univ of Chicago Div of the Biological Sciences Pritzker Sch of Med', 'Loyola Univ of Chicago Stritch Sch of Med']","California Ave at 15th St, Chicago, IL 60608-1797"
175,169583, Multack Eye Care SC   ,https://freida.ama-assn.org/institution/169583,,,,"20303 Crawford Ave, Olympia Fields, IL 60461"
176,168130, New Trier Township High School District 203   ,https://freida.ama-assn.org/institution/168130,,,,"7 Happ Rd, Northfield, IL 60093"
177,168121, North Park University Athletic Department   ,https://freida.ama-assn.org/institution/168121,,,,"3225 W Foster Ave, Chicago, IL 60625"
178,168080, North Shore Center for Facial Plastic and Cosmetic Surgery   ,https://freida.ama-assn.org/institution/168080,,,Univ of Chicago Div of the Biological Sciences Pritzker Sch of Med,"330 W Frontage Rd, Northfield, IL 60093"
179,168024, NorthShore Glenbrook Hospital   ,https://freida.ama-assn.org/institution/168024,['Univ of Chicago Div of the Biological Sciences Pritzker Sch of Med'],['Univ of Illinois Coll of Med'],['Rush Med Coll of Rush Univ Med Ctr'],"2100 Pfingsten Rd, Glenview, IL 60025"
180,160754, NorthShore Highland Park Hospital   ,https://freida.ama-assn.org/institution/160754,['Univ of Chicago Div of the Biological Sciences Pritzker Sch of Med'],"['Rush Med Coll of Rush Univ Med Ctr', 'Univ of Illinois Coll of Med']",[],"718 Glenview Ave, Highland Park, IL 60035-2497"
181,160753, NorthShore Skokie Hospital   ,https://freida.ama-assn.org/institution/160753,"['Rush Med Coll of Rush Univ Med Ctr', 'Univ of Chicago Div of the Biological Sciences Pritzker Sch of Med']",['Univ of Illinois Coll of Med'],[],"9600 Gross Point Rd, Skokie, IL 60076"
182,169532, NorthShore University HealthSystem Glenbrook Family Care Center   ,https://freida.ama-assn.org/institution/169532,,,,"2050 Pfingsten Rd, Glenview, IL 60026"
183,168104, Northwest Orthopedic Associates   ,https://freida.ama-assn.org/institution/168104,,,,"7447 W Talcott Ave, Chicago, IL 60631"
184,169529, Northwestern Lake Forest Hospital   ,https://freida.ama-assn.org/institution/169529,,['Kansas City Univ of Med and Biosciences Coll of Osteopathic Med'],['Northwestern Univ Feinberg Sch of Med'],"660 N Westmoreland Rd, Lake Forest, IL 60045"
185,169522, Northwestern Medical Group   ,https://freida.ama-assn.org/institution/169522,['Northwestern Univ Feinberg Sch of Med'],"['Kansas City Univ of Med and Biosciences Coll of Osteopathic Med', 'West Virginia Sch of Osteopathic Med']",[],"676 N St Clair St, Chicago, IL 60611"
186,169550, Northwestern Medicine Central DuPage Hospital   ,https://freida.ama-assn.org/institution/169550,,"['Rush Med Coll of Rush Univ Med Ctr', 'Kansas City Univ of Med and Biosciences Coll of Osteopathic Med']",[],"25 N Winfield Rd, Winfield, IL 60190"
187,169626, Northwestern Medicine Chicago Proton Center   ,https://freida.ama-assn.org/institution/169626,,Loyola Univ of Chicago Stritch Sch of Med,,"4455 Weaver Pkwy, Warrenville, IL 60555"
188,169617, Northwestern Medicine Delnor Hospital   ,https://freida.ama-assn.org/institution/169617,,['Kansas City Univ of Med and Biosciences Coll of Osteopathic Med'],['Northwestern Univ Feinberg Sch of Med'],"300 Randall Rd, Geneva, IL 60134"
189,169562, Northwestern Medicine McHenry Hospital   ,https://freida.ama-assn.org/institution/169562,['Chicago Med Sch at Rosalind Franklin Univ of Med & Science'],['Kansas City Univ of Med and Biosciences Coll of Osteopathic Med'],[],"4201 W Medical Center Dr, McHenry, IL 60050"
190,160286, Northwestern Memorial Hospital   ,https://freida.ama-assn.org/institution/160286,['Northwestern Univ Feinberg Sch of Med'],"['Univ of Illinois Coll of Med', 'Kansas City Univ of Med and Biosciences Coll of Osteopathic Med']","['Univ of Chicago Div of the Biological Sciences Pritzker Sch of Med', 'Central Michigan Univ Coll of Med']","251 E Huron, Chicago, IL 60611"
191,168105, Northwestern Orthopedic Institute   ,https://freida.ama-assn.org/institution/168105,,,,"680 N Lakeshore Dr, Chicago, IL 60611"
192,168138, Northwestern University   ,https://freida.ama-assn.org/institution/168138,,"['George Washington Univ Sch of Med and Health Sci', 'Mayo Clinic Alix Sch of Med']",[],"701 N Lake Shore Dr, Chicago, IL 60611"
193,169523, Northwestern University Training Room   ,https://freida.ama-assn.org/institution/169523,,,,"633 Clark St, Evanston, IL 60208"
194,160732, Oak Forest Health Center   ,https://freida.ama-assn.org/institution/160732,,Rush Med Coll of Rush Univ Med Ctr,,"15900 S Cicero Ave, Oak Forest, IL 60452"
195,160098, Oak Street Health Madison St Clinic  ,https://freida.ama-assn.org/institution/160098,,,,"3433 W Madison St, Chicago, IL 60624"
196,160502, Office of the Medical Examiner of Cook County   ,https://freida.ama-assn.org/institution/160502,,"['Rush Med Coll of Rush Univ Med Ctr', 'Loyola Univ of Chicago Stritch Sch of Med']",['Univ of Chicago Div of the Biological Sciences Pritzker Sch of Med'],"2121 W Harrison St, Chicago, IL 60612-3705"
197,168076, Oncology/Hematology Associates of Central Illinois   ,https://freida.ama-assn.org/institution/168076,,,,"8940 N Wood Sage Rd, Peoria, IL 61615"
198,169629, OrthoIllinois   ,https://freida.ama-assn.org/institution/169629,,,,"324 Roxbury Rd, Rockford, IL 61107"
199,169505, Orthopedic Center of Illinois   ,https://freida.ama-assn.org/institution/169505,,Southern Illinois Univ Sch of Med,,"1301 S Koke Mill Rd, Springfield, IL 62711"
200,168106, Orthopedic Surgery Specialists Ltd   ,https://freida.ama-assn.org/institution/168106,,,,"8901 W Golf Rd, Des Plaines, IL 60011"
201,160768, OSF HealthCare Heart of Mary Medical Center at Urbana   ,https://freida.ama-assn.org/institution/160768,Univ of Illinois Coll of Med,,,"1400 W Park St, Urbana, IL 61801"
202,168070, OSF St Anthony Medical Center   ,https://freida.ama-assn.org/institution/168070,,,,"5666 E State St, Rockford, IL 61108"
203,160398, OSF St Francis Medical Center   ,https://freida.ama-assn.org/institution/160398,['Univ of Illinois Coll of Med'],['Burrell Coll of Osteopathic Med'],"['Southern Illinois Univ Sch of Med', 'Pacific Northwest Univ of Health Sciences Coll of Osteopathic Med']","530 NE Glen Oak Ave, Peoria, IL 61637"
204,169611, OSF St Joseph Medical Center   ,https://freida.ama-assn.org/institution/169611,,,,"2200 E Washington St, Bloomington, IL 61701"
205,169546, Parkland College Sports Medicine Program  ,https://freida.ama-assn.org/institution/169546,,,,"2400 W Bradley Ave, Champaign, IL 61821"
206,168099, Paul Revere Elementary School   ,https://freida.ama-assn.org/institution/168099,,,,"1010 E 72nd St, Chicago, IL 60619"
207,160001, Pavilion Behavioral Health System   ,https://freida.ama-assn.org/institution/160001,,,,"809 W Church St, Champaign, IL 61820"
208,168091, Peoria City County Health Department   ,https://freida.ama-assn.org/institution/168091,,,,"2116 N Sheridan Rd, Peoria, IL 61604"
209,168092, Peoria Ear Nose and Throat Group   ,https://freida.ama-assn.org/institution/168092,,,,"7301 N Knoxville Ave, Peoria, IL 61614"
210,168078, Physicians Immediate Care Cumberland  ,https://freida.ama-assn.org/institution/168078,,,,"4900 N Cumberland Ave, Norridge, IL 60706"
211,169627, Planned Parenthood of Illinois   ,https://freida.ama-assn.org/institution/169627,,,,"18 S Michigan Ave, Chicago, IL 60603"
212,160061, Planned Parenthood Springfield Health Center  ,https://freida.ama-assn.org/institution/160061,,,,"601 Bruns Ln, Springfield, IL 62702"
213,169596, Positive Sobriety Institute (PSI)   ,https://freida.ama-assn.org/institution/169596,,,,"680 N Lake Shore Dr, Chicago, IL 60611"
214,169580, Prairie State Pulmonary & Sleep Consultants   ,https://freida.ama-assn.org/institution/169580,,,,"20303 Crawford Ave, Olympia Fields, IL 60461"
215,169541, Prentice Women's Hospital   ,https://freida.ama-assn.org/institution/169541,,,,"250 E Superior St, Chicago, IL 60611"
216,168139, Presbyterian Homes   ,https://freida.ama-assn.org/institution/168139,,,,"3200 Grant St, Evanston, IL 60201"
217,169578, Primary Health Associates PC   ,https://freida.ama-assn.org/institution/169578,,,,"16512 106th Ct, Orland Park, IL 60467"
218,169544, Promise Healthcare   ,https://freida.ama-assn.org/institution/169544,,,,"819 Bloomington Rd, Champaign, IL 61820"
219,160201, Provident Hospital of Cook County   ,https://freida.ama-assn.org/institution/160201,,Loyola Univ of Chicago Stritch Sch of Med,,"500 E 51st St, Chicago, IL 60615"
220,169536, Quincy University   ,https://freida.ama-assn.org/institution/169536,,Southern Illinois Univ Sch of Med,,"1800 College Ave, Quincy, IL 62301"
221,168109, Rainbow Hospice Center   ,https://freida.ama-assn.org/institution/168109,,,,"720 Garden St, Park Ridge, IL 60068"
222,168033, Rehabilitation Foundation Inc   ,https://freida.ama-assn.org/institution/168033,,,,"26 W 171 Roosevelt Rd, Wheaton, IL 60187"
223,168094, Renal Care Associates   ,https://freida.ama-assn.org/institution/168094,,,,"200 E Pennsylvania Ave, Peoria, IL 61603"
224,168122, Resurrection Behavioral Health   ,https://freida.ama-assn.org/institution/168122,,Univ of Illinois Coll of Med,,"1820 S 25th Ave, Broadview, IL 60155"
225,160121, Resurrection Medical Center   ,https://freida.ama-assn.org/institution/160121,"['Loyola Univ of Chicago Stritch Sch of Med', 'Midwestern Univ Chicago Coll of Osteopathic Med']","['Rush Med Coll of Rush Univ Med Ctr', 'Univ of Illinois Coll of Med']",['Pacific Northwest Univ of Health Sciences Coll of Osteopathic Med'],"7435 W Talcott Ave, Chicago, IL 60016"
226,168049, Riverside Medical Center   ,https://freida.ama-assn.org/institution/168049,['Midwestern Univ Chicago Coll of Osteopathic Med'],"['Midwestern Univ Arizona Coll of Osteopathic Med', 'Kansas City Univ of Med and Biosciences Coll of Osteopathic Med', 'West Virginia Sch of Osteopathic Med']",['Rush Med Coll of Rush Univ Med Ctr'],"350 N Wall, Kankakee, IL 60901"
227,160471, Rockford Health System   ,https://freida.ama-assn.org/institution/160471,,,,"2400 N Rockton Ave, Rockford, IL 61103-0000"
228,160066, Rockford Spine Center   ,https://freida.ama-assn.org/institution/160066,,,,"2902 McFarland Rd, Rockford, IL 61107"
229,168054, Rush Oak Park Hospital   ,https://freida.ama-assn.org/institution/168054,Rush Med Coll of Rush Univ Med Ctr,,,"520 S Maple Ave, Oak Park, IL 60304"
230,160278, Rush University Medical Center   ,https://freida.ama-assn.org/institution/160278,['Rush Med Coll of Rush Univ Med Ctr'],['Loyola Univ of Chicago Stritch Sch of Med'],"['Univ of Chicago Div of the Biological Sciences Pritzker Sch of Med', 'Univ of Illinois Coll of Med']","1653 W Congress Pkwy, Chicago, IL 60612"
231,167005, Rush Copley Medical Center  ,https://freida.ama-assn.org/institution/167005,,['Midwestern Univ Arizona Coll of Osteopathic Med'],['Rush Med Coll of Rush Univ Med Ctr'],"2000 Ogden Ave, Aurora, IL 60504-4206"
232,168071, Sangamon County Department of Public Health   ,https://freida.ama-assn.org/institution/168071,,Southern Illinois Univ Sch of Med,,"2502 N Dirksen Pkwy, Springfield, IL 62702"
233,168125, Sangamon County Juvenile Detention Center   ,https://freida.ama-assn.org/institution/168125,,,,"2201 S Dirksen Pkwy, Springfield, IL 62703"
234,160480, Schwab Rehabilitation Hospital and Care Network   ,https://freida.ama-assn.org/institution/160480,,,Univ of Chicago Div of the Biological Sciences Pritzker Sch of Med,"1401 S California Blvd, Chicago, IL 60608-1612"
235,160476, Scott Medical Center   ,https://freida.ama-assn.org/institution/160476,Uniformed Services Univ of the Hlth Sci F Edward Hebert Sch of Med,,,"310 W Losey St, Scott AFB, IL 62225"
236,169539, Seasons Hospice & Palliative Care Inc   ,https://freida.ama-assn.org/institution/169539,,,,"2701 W 68th St, Chicago, IL 60629"
237,169615, Serenity Hospice and Home   ,https://freida.ama-assn.org/institution/169615,,,,"1658 IL-2, Oregon, IL 61061"
238,160491, Shirley Ryan AbilityLab   ,https://freida.ama-assn.org/institution/160491,Northwestern Univ Feinberg Sch of Med,,,"355 E Superior St, Chicago, IL 60611"
239,168141, Shirley Ryan AbilityLab Day Rehab and Spine & Sports Rehabilitation Center  ,https://freida.ama-assn.org/institution/168141,,,,"420 Thatcher Ave, River Forest, IL 60305"
240,169528, Shirley Ryan AbilityLab Spine & Sports Rehabilitation Center  ,https://freida.ama-assn.org/institution/169528,,,,"1030 N Clark St, Chicago, IL 60611"
241,160312, Shriners Hospitals for Children (Chicago)   ,https://freida.ama-assn.org/institution/160312,['Loyola Univ of Chicago Stritch Sch of Med'],,"['Rush Med Coll of Rush Univ Med Ctr', 'Univ of Chicago Div of the Biological Sciences Pritzker Sch of Med', 'Northwestern Univ Feinberg Sch of Med', 'Univ of Illinois Coll of Med']","2211 N Oak Park Ave, Chicago, IL 60635-3392"
242,169570, Silver Cross Hospital and Medical Centers   ,https://freida.ama-assn.org/institution/169570,,,Loyola Univ of Chicago Stritch Sch of Med,"1900 Silver Cross Blvd, New Lenox, IL 60451"
243,169581, South Suburban Cardiology Associates Ltd   ,https://freida.ama-assn.org/institution/169581,,,,"3800 203rd St, Olympia Fields, IL 50461"
244,168056, Southern Illinois Healthcare Foundation   ,https://freida.ama-assn.org/institution/168056,,Liberty Univ Coll of Osteopathic Med,,"180 S 3rd St, Belleville, IL 62210"
245,160041, Southern Illinois Healthcare Foundation Alton  ,https://freida.ama-assn.org/institution/160041,Southern Illinois Univ Sch of Med,,,"2 Memorial Dr, Alton, IL 62002"
246,160512, Southern Illinois University School of Medicine   ,https://freida.ama-assn.org/institution/160512,"['A T Still Univ Sch of Osteopathic Med in Arizona', 'Southern Illinois Univ Sch of Med', 'A T Still Univ Kirksville Coll of Osteopathic Med']","['Midwestern Univ Arizona Coll of Osteopathic Med', 'West Virginia Sch of Osteopathic Med', 'Lincoln Memorial Univ DeBusk Coll of Osteopathic Med']",['Pacific Northwest Univ of Health Sciences Coll of Osteopathic Med'],"801 N Rutledge, Springfield, IL 62794-9620"
247,169582, Southwest Women's Healthcare Associates   ,https://freida.ama-assn.org/institution/169582,,,,"3700 203rd St, Olympia Fields, IL 60461"
248,169575, Specialty Physicians of Illinois LLC   ,https://freida.ama-assn.org/institution/169575,,,,"3700 203rd St, Olympia Fields, IL 60461"
249,168077, Springfield Clinic Outpatient Facility   ,https://freida.ama-assn.org/institution/168077,,,Southern Illinois Univ Sch of Med,"900 N 1st St, Springfield, IL 62781"
250,160509, Springfield Memorial Hospital   ,https://freida.ama-assn.org/institution/160509,Southern Illinois Univ Sch of Med,,,"701 N 1st St, Springfield, IL 62781-0001"
251,168063, Springfield School District 186   ,https://freida.ama-assn.org/institution/168063,,Southern Illinois Univ Sch of Med,,"1900 W Monroe St, Springfield, IL 62704"
252,169525, St Alexius Medical Center   ,https://freida.ama-assn.org/institution/169525,,,,"1555 Barrington Rd, Hoffman Estates, IL 60169"
253,160370, St Anthony Hospital   ,https://freida.ama-assn.org/institution/160370,,,,"2875 W 19th St, Chicago, IL 60623"
254,169558, St Anthony's Hospital   ,https://freida.ama-assn.org/institution/169558,['Liberty Univ Coll of Osteopathic Med'],['Southern Illinois Univ Sch of Med'],[],"503 N Maple St, Effingham, IL 62401"
255,169614, St Bernard Hospital and Health Care Center   ,https://freida.ama-assn.org/institution/169614,,,,"326 W 64th St, Chicago, IL 60621"
256,167112, St Elizabeth Medical Center   ,https://freida.ama-assn.org/institution/167112,,,,"2100 Madison Ave, Granite City, IL 62040"
257,160787, St Elizabeth's Hospital   ,https://freida.ama-assn.org/institution/160787,Saint Louis Univ Sch of Med,,,"1 St Elizabeth Blvd, O'Fallon, IL 62269"
258,160143, St Elizabeth's Hospital   ,https://freida.ama-assn.org/institution/160143,,,,"1431 N Claremont Ave, Chicago, IL 60622"
259,160168, St Francis Hospital   ,https://freida.ama-assn.org/institution/160168,['Univ of Illinois Coll of Med'],"['Rush Med Coll of Rush Univ Med Ctr', 'George Washington Univ Sch of Med and Health Sci']",[],"355 Ridge Ave, Evanston, IL 60202-3399"
260,160503, St John's Hospital   ,https://freida.ama-assn.org/institution/160503,Southern Illinois Univ Sch of Med,,,"800 E Carpenter St, Springfield, IL 62769"
261,168097, St Jude Midwest Affiliate (Peoria)   ,https://freida.ama-assn.org/institution/168097,,,,"530 NE Glen Oak Ave, Peoria, IL 61637"
262,167128, St Mary Hospital   ,https://freida.ama-assn.org/institution/167128,,,,"1415 Vermont St, Quincy, IL 62301-3119"
263,160133, St Mary of Nazareth Hospital Center   ,https://freida.ama-assn.org/institution/160133,,,,"2233 W Division St, Chicago, IL 60622"
264,160767, St Mary's Hospital   ,https://freida.ama-assn.org/institution/160767,,Southern Illinois Univ Sch of Med,,"1800 E Lake Shore Dr, Decatur, IL 62521"
265,160036, Statesville Correctional Center   ,https://freida.ama-assn.org/institution/160036,,,,"16830 IL-53, Crest Hill, IL 60403"
266,160446, Swedish American Hospital   ,https://freida.ama-assn.org/institution/160446,['Univ of Illinois Coll of Med'],"['Kansas City Univ of Med and Biosciences Coll of Osteopathic Med', 'West Virginia Sch of Osteopathic Med']",['Rush Med Coll of Rush Univ Med Ctr'],"1401 E State St, Rockford, IL 61104"
267,160342, Swedish Hospital   ,https://freida.ama-assn.org/institution/160342,['Midwestern Univ Chicago Coll of Osteopathic Med'],"['Midwestern Univ Arizona Coll of Osteopathic Med', 'Kansas City Univ of Med and Biosciences Coll of Osteopathic Med']","['Rush Med Coll of Rush Univ Med Ctr', 'Northwestern Univ Feinberg Sch of Med']","5145 N California Ave, Chicago, IL 60625"
268,169543, Symphony at SouthShore Nursing Home   ,https://freida.ama-assn.org/institution/169543,,,,"2425 E 71st St, Chicago, IL 60649"
269,169538, Taylorville Memorial Hospital   ,https://freida.ama-assn.org/institution/169538,,Southern Illinois Univ Sch of Med,,"201 E Pleasant St, Taylorville, IL 62568"
270,169555, The Clare   ,https://freida.ama-assn.org/institution/169555,,,,"55 E Pearson St, Chicago, IL 60611"
271,168050, Thorek Memorial Hospital   ,https://freida.ama-assn.org/institution/168050,,,,"850 W Irving Park Rd, Chicago, IL 60613"
272,168046, Trinity Regional Health Center   ,https://freida.ama-assn.org/institution/168046,,Midwestern Univ Arizona Coll of Osteopathic Med,,"2701 17th St, Rock Island, IL 61201"
273,160390, UnityPoint Health Methodist  ,https://freida.ama-assn.org/institution/160390,['Univ of Illinois Coll of Med'],"['Kansas City Univ of Med and Biosciences Coll of Osteopathic Med', 'West Virginia Sch of Osteopathic Med']",[],"221 NE Glen Oak Ave, Peoria, IL 61636"
274,168127, UnityPoint Health Proctor  ,https://freida.ama-assn.org/institution/168127,,Univ of Illinois Coll of Med,,"5409 N Knoxville Ave, Peoria, IL 61614"
275,169524, University of Chicago Bernard Mitchell Hospital   ,https://freida.ama-assn.org/institution/169524,,,,"5841 S Maryland Ave, Chicago, IL 60637"
276,160763, University of Chicago Comer Children's Hospital   ,https://freida.ama-assn.org/institution/160763,['Univ of Chicago Div of the Biological Sciences Pritzker Sch of Med'],['West Virginia Sch of Osteopathic Med'],[],"5721 S Maryland Ave, Chicago, IL 60637"
277,160465, University of Chicago Medical Center   ,https://freida.ama-assn.org/institution/160465,['Univ of Chicago Div of the Biological Sciences Pritzker Sch of Med'],"['Rush Med Coll of Rush Univ Med Ctr', 'Univ of Illinois Coll of Med', 'Loyola Univ of Chicago Stritch Sch of Med']",[],"5841 S Maryland Ave, Chicago, IL 60637"
278,160762, University of Illinois College of Medicine at Chicago   ,https://freida.ama-assn.org/institution/160762,Univ of Illinois Coll of Med,,,"1853 W Polk St, Chicago, IL 60612"
279,160751, University of Illinois College of Medicine at Peoria   ,https://freida.ama-assn.org/institution/160751,['A T Still Univ Sch of Osteopathic Med in Arizona'],"['Midwestern Univ Arizona Coll of Osteopathic Med', 'Lincoln Memorial Univ DeBusk Coll of Osteopathic Med']",[],"One Illini Dr, Peoria, IL 61656"
280,160504, University of Illinois College of Medicine at Rockford   ,https://freida.ama-assn.org/institution/160504,,"['Lincoln Memorial Univ DeBusk Coll of Osteopathic Med', 'West Virginia Sch of Osteopathic Med']",[],"1601 Parkview Ave, Rockford, IL 61107-1897"
281,160752, University of Illinois College of Medicine at Urbana   ,https://freida.ama-assn.org/institution/160752,,,,"611 W Park St, Urbana, IL 61801"
282,160337, University of Illinois Hosp Illinois Eye and Ear Infirmary  ,https://freida.ama-assn.org/institution/160337,Univ of Illinois Coll of Med,,,"1855 W Taylor St, Chicago, IL 60612"
283,160447, University of Illinois Hospital and Clinics   ,https://freida.ama-assn.org/institution/160447,"['Univ of Chicago Div of the Biological Sciences Pritzker Sch of Med', 'Univ of Illinois Coll of Med']",['Loyola Univ of Chicago Stritch Sch of Med'],['Rush Med Coll of Rush Univ Med Ctr'],"1740 W Taylor St, Chicago, IL 60612"
284,169628, University of Illinois Hospital and Health Sciences System   ,https://freida.ama-assn.org/institution/169628,,,,"1740 W Taylor St, Chicago, IL 60612"
285,160769, University of Illinois School of Public Health   ,https://freida.ama-assn.org/institution/160769,,,,"1603 W Taylor St, Chicago, IL 60612"
286,169545, University of Illinois Sports Medicine Program  ,https://freida.ama-assn.org/institution/169545,,,,"601 E John St, Champaign, IL 61801"
287,160766, Veterans Affairs Medical Center (Danville)   ,https://freida.ama-assn.org/institution/160766,Univ of Illinois Coll of Med,,,"1900 E Main St, Danville, IL 61832"
288,160243, Veterans Affairs Medical Center (Lakeside)   ,https://freida.ama-assn.org/institution/160243,,,,"333 E Huron St, Chicago, IL 60611"
289,168047, Veterans Affairs Medical Center (Marion)   ,https://freida.ama-assn.org/institution/168047,,,,"2401 W Main, Marion, IL 62959"
290,169612, Vibra Hospital LLC   ,https://freida.ama-assn.org/institution/169612,,,Southern Illinois Univ Sch of Med,"701 N Walnut St, Springfield, IL 62702"
291,169557, Vista Medical Center East   ,https://freida.ama-assn.org/institution/169557,,Chicago Med Sch at Rosalind Franklin Univ of Med & Science,,"1324 N Sheridan Rd, Waukegan, IL 60085"
292,160012, VITAS Hospice and Palliative Care   Home Hospice  ,https://freida.ama-assn.org/institution/160012,,,,"1340 S Damen Ave, Ste AChicago, IL 60608"
293,160011, VITAS Inpatient Hospice Unit at INSIGHT Hospital & Medical Center Chicago   ,https://freida.ama-assn.org/institution/160011,,,,"2525 S Michigan Ave, 6th FlChicago, IL 60616"
294,168058, Warren Barr Pavilion   ,https://freida.ama-assn.org/institution/168058,,,,"66 W Oak St, Chicago, IL 60610"
295,168107, Weil Foot and Ankle Institute (Des Plaines)   ,https://freida.ama-assn.org/institution/168107,,,Loyola Univ of Chicago Stritch Sch of Med,"1455 Golf Rd, Des Plaines, IL 60016"
296,169504, Weil Foot and Ankle Institute (Lincoln Park)   ,https://freida.ama-assn.org/institution/169504,,,,"711 W North Ave, Chicago, IL 60610"
297,169620, Wesley Place Rehab   ,https://freida.ama-assn.org/institution/169620,,,,"1415 W Foster Ave, Chicago, IL 60640"
298,160454, West Suburban Medical Center   ,https://freida.ama-assn.org/institution/160454,['Midwestern Univ Chicago Coll of Osteopathic Med'],"['Midwestern Univ Arizona Coll of Osteopathic Med', 'Loyola Univ of Chicago Stritch Sch of Med', 'George Washington Univ Sch of Med and Health Sci', 'Kansas City Univ of Med and Biosciences Coll of Osteopathic Med']",['Rush Med Coll of Rush Univ Med Ctr'],"3 Erie Court, Oak Park, IL 60302-2599"
299,160009, Whole Beauty Institute   ,https://freida.ama-assn.org/institution/160009,,,,"737 N Michigan Ave, Chicago, IL 60611"
300,168108, Womens Treatment Center   ,https://freida.ama-assn.org/institution/168108,,,,"140 N Ashland St, Chicago, IL 60607"
301,167049, Woodlake Specialty Hospital   ,https://freida.ama-assn.org/institution/167049,,,,"1225 Lake St, Melrose Park, IL 60160"
