,AMC_No,AMC_Name,URLS,Affiliation_Major,Affiliation_Limited,Affiliation_Graduate,Medical_Center_Address
0,259528, Advanced Urogynecology of Michigan PC,https://freida.ama-assn.org/institution/259528,,,,"22731 Newman St, Dearborn, MI 48124"
1,259033, Advanced Vascular Surgery,https://freida.ama-assn.org/institution/259033,,,,"1815 Henson Ave, Kalamazoo, MI 49048"
2,250106, Advantage Health Centers,https://freida.ama-assn.org/institution/250106,,,,"4777 Outer Dr E, Detroit, MI 48234"
3,259770, Aggarwal Eye Care,https://freida.ama-assn.org/institution/259770,,,,"10501 Telegraph Rd, Taylor, MI 48180"
4,259526, Agility Physical Therapy and Sports Performance-Kalamazoo,https://freida.ama-assn.org/institution/259526,,,,"5886 Venture Park, Kalamazoo, MI 49009"
5,259707, Allan Morton DO PC-Rheumatology Office,https://freida.ama-assn.org/institution/259707,,,,"30101 Hoover Rd, Warren, MI 48093"
6,259614, Allegan General Hospital,https://freida.ama-assn.org/institution/259614,,,,"555 Linn St, Allegan, MI 49010"
7,259664, Alzohaili Medical Consultants,https://freida.ama-assn.org/institution/259664,,,,"1331 Monroe St, Dearborn, MI 48124"
8,259092, Ambassador Nursing & Rehabilitation Center,https://freida.ama-assn.org/institution/259092,,,,"8045 E Jefferson Ave, Detroit, MI 48207"
9,259730, American Journal of Preventive Medicine,https://freida.ama-assn.org/institution/259730,,,,"1415 Washington Heights, Ann Arbor, MI 48109"
10,250550, American Red Cross Blood Services-Southeastern Michigan Region,https://freida.ama-assn.org/institution/250550,,,,"100 Mack Ave, Detroit, MI 48232-5351"
11,250058, Anesthesia Practice Consultants PC,https://freida.ama-assn.org/institution/250058,,,,"3333 Evergreen Dr NE, Grand Rapids, MI 49525"
12,259058, Angela Hospice Home Care Inc,https://freida.ama-assn.org/institution/259058,,,,"14100 Newburgh Rd, Livonia, MI 48154"
13,250035, Ann Arbor Fire Department,https://freida.ama-assn.org/institution/250035,,,,"111 N 5th Ave, Ann Arbor, MI 48104"
14,250095, Apex Behavioral Health Dearborn PLLC,https://freida.ama-assn.org/institution/250095,,,,"6 Park Lane Blvd, Dearborn, MI 48126"
15,250490, Ascension Borgess Hospital,https://freida.ama-assn.org/institution/250490,['Western Michigan Univ Homer Stryker MD Sch of Med'],,['Michigan State Univ Coll of Human Med'],"1521 Gull Rd, Kalamazoo, MI 49001-1640"
16,259129, Ascension Borgess Hospital Affiliated Physician Practices,https://freida.ama-assn.org/institution/259129,,,,"1521 Gull Rd, Kalamazoo, MI 49048"
17,258007, Ascension Genesys Hospital,https://freida.ama-assn.org/institution/258007,"['Michigan State Univ Coll of Human Med', 'Michigan State Univ Coll of Osteopathic Med', 'Michigan State Univ Coll of Osteopathic Med-Detroit', 'Michigan State Univ Coll of Osteopathic Med-Macomb']","['Midwestern Univ Arizona Coll of Osteopathic Med', 'Kansas City Univ of Med and Biosciences Coll of Osteopathic Med', 'West Virginia Sch of Osteopathic Med', 'Lincoln Memorial Univ DeBusk Coll of Osteopathic Med']",['Pacific Northwest Univ of Health Sciences Coll of Osteopathic Med'],"One Genesys Pkwy, Grand Blanc, MI 48439-1477"
18,259025, Ascension Macomb-Oakland Hospital,https://freida.ama-assn.org/institution/259025,"['Michigan State Univ Coll of Osteopathic Med', 'Michigan State Univ Coll of Osteopathic Med-Detroit', 'Michigan State Univ Coll of Osteopathic Med-Macomb', 'Kansas City Univ of Med and Biosciences Coll of Osteopathic Med']","['Midwestern Univ Arizona Coll of Osteopathic Med', 'Burrell Coll of Osteopathic Med', 'West Virginia Sch of Osteopathic Med', 'Lincoln Memorial Univ DeBusk Coll of Osteopathic Med']",,"11800 E 12 Mile Rd, Warren, MI 48093"
19,250199, Ascension Providence Rochester Hospital,https://freida.ama-assn.org/institution/250199,Wayne State Univ Sch of Med,,,"1101 W University Dr, Rochester, MI 48307-1831"
20,250197, Ascension Providence/MSUCHM,https://freida.ama-assn.org/institution/250197,"['Wayne State Univ Sch of Med', 'Michigan State Univ Coll of Human Med', 'Michigan State Univ Coll of Osteopathic Med', 'Michigan State Univ Coll of Osteopathic Med-Detroit', 'Michigan State Univ Coll of Osteopathic Med-Macomb']",['Burrell Coll of Osteopathic Med'],['Univ of Michigan Med Sch'],"16001 W 9 Mile Rd, Southfield, MI 48075"
21,250486, Ascension St John Hospital,https://freida.ama-assn.org/institution/250486,"['Wayne State Univ Sch of Med', 'Central Michigan Univ Coll of Med']",['West Virginia Sch of Osteopathic Med'],,"22101 Morross Rd, Detroit, MI 48236-2172"
22,250276, Ascension St Mary's Hospital,https://freida.ama-assn.org/institution/250276,Central Michigan Univ Coll of Med,,,"800 S Washington Ave, Saginaw, MI 48601"
23,259663, Associated Endocrinologists,https://freida.ama-assn.org/institution/259663,,,,"6900 Orchard Lake Rd, West Bloomfield, MI 48322"
24,259683, Associated Orthopedists of Detroit PC,https://freida.ama-assn.org/institution/259683,,,,"24715 Little Mack Ave, St Clair Shores, MI 48080"
25,259710, Associated Rheumatology Consultants,https://freida.ama-assn.org/institution/259710,,,,"28625 Northwestern Hwy, Southfield, MI 48034"
26,259641, Associates in Neurology,https://freida.ama-assn.org/institution/259641,,,,"27555 Middlebelt Rd, Farmington Hills, MI 48334"
27,259757, Asthma Allergy & Immunology,https://freida.ama-assn.org/institution/259757,,,,"18161 W Thirteen Mile Rd, Southfield, MI 48076"
28,259719, Aurora Diagnostics Dermatopathology,https://freida.ama-assn.org/institution/259719,,,,"1314 N Macomb St, Monroe, MI 48162"
29,259595, Aydin Turan MD-Internal Medicine Office,https://freida.ama-assn.org/institution/259595,,,,"2600 Union Lake Rd, Commerce Township, MI 48382"
30,259661, B Raju MD-Infant Child & Adolescent Care,https://freida.ama-assn.org/institution/259661,,,,"577 Inskter Rd, Garden City, MI 48135"
31,259015, Barbara Ann Karmanos Cancer Institute,https://freida.ama-assn.org/institution/259015,Wayne State Univ Sch of Med,,,"4100 John R St, Detroit, MI 48201"
32,259098, Battle Creek Health System,https://freida.ama-assn.org/institution/259098,,,,"300 North Ave, Battle Creek, MI 49017"
33,259571, Battle Creek VA Medical Center,https://freida.ama-assn.org/institution/259571,,,,"5500 Armstrong Rd, Battle Creek, MI 49037"
34,259735, Beacon Hill,https://freida.ama-assn.org/institution/259735,,,,"1919 Boston St SE, Grand Rapids, MI 49506"
35,259760, Beaumont Health,https://freida.ama-assn.org/institution/259760,"['Oakland Univ William Beaumont Sch of Med', 'Michigan State Univ Coll of Osteopathic Med', 'Michigan State Univ Coll of Osteopathic Med-Detroit', 'Michigan State Univ Coll of Osteopathic Med-Macomb']",['West Virginia Sch of Osteopathic Med'],['Pacific Northwest Univ of Health Sciences Coll of Osteopathic Med'],"3601 W 13 Mile Rd, Royal Oak, MI 48073"
36,250366, Beaumont Hospital-Dearborn,https://freida.ama-assn.org/institution/250366,"['Wayne State Univ Sch of Med', 'Oakland Univ William Beaumont Sch of Med']",['Univ of Michigan Med Sch'],"['Michigan State Univ Coll of Osteopathic Med', 'Michigan State Univ Coll of Osteopathic Med-Detroit', 'Michigan State Univ Coll of Osteopathic Med-Macomb']","18101 Oakwood Blvd, Dearborn, MI 48123-2500"
37,259004, Beaumont Hospital-Farmington Hills,https://freida.ama-assn.org/institution/259004,"['Oakland Univ William Beaumont Sch of Med', 'Michigan State Univ Coll of Osteopathic Med', 'Michigan State Univ Coll of Osteopathic Med-Detroit', 'Michigan State Univ Coll of Osteopathic Med-Macomb']","['Midwestern Univ Arizona Coll of Osteopathic Med', 'Kansas City Univ of Med and Biosciences Coll of Osteopathic Med', 'Lincoln Memorial Univ DeBusk Coll of Osteopathic Med']",['Pacific Northwest Univ of Health Sciences Coll of Osteopathic Med'],"28050 Grand River Ave, Farmington Hills, MI 48336"
38,250103, Beaumont Hospital-Grosse Pointe,https://freida.ama-assn.org/institution/250103,Oakland Univ William Beaumont Sch of Med,,,"468 Cadieux Rd, Grosse Pointe, MI 48030"
39,259762, Beaumont Hospital-Royal Oak,https://freida.ama-assn.org/institution/259762,,Midwestern Univ Arizona Coll of Osteopathic Med,,"3601 W 13 Mile Rd, Royal Oak, MI 48073"
40,250396, Beaumont Hospital-Royal Oak,https://freida.ama-assn.org/institution/250396,['Oakland Univ William Beaumont Sch of Med'],['Kansas City Univ of Med and Biosciences Coll of Osteopathic Med'],['Pacific Northwest Univ of Health Sciences Coll of Osteopathic Med'],"3601 W 13 Mile Rd, Royal Oak, MI 48073-6769"
41,259024, Beaumont Hospital-Taylor,https://freida.ama-assn.org/institution/259024,"['Wayne State Univ Sch of Med', 'Oakland Univ William Beaumont Sch of Med']",,,"10000 Telegraph, Taylor, MI 48160"
42,259586, Beaumont Hospital-Trenton,https://freida.ama-assn.org/institution/259586,"['Oakland Univ William Beaumont Sch of Med', 'Michigan State Univ Coll of Osteopathic Med', 'Michigan State Univ Coll of Osteopathic Med-Detroit', 'Michigan State Univ Coll of Osteopathic Med-Macomb']","['Midwestern Univ Arizona Coll of Osteopathic Med', 'Kansas City Univ of Med and Biosciences Coll of Osteopathic Med', 'West Virginia Sch of Osteopathic Med', 'Burrell Coll of Osteopathic Med', 'Lincoln Memorial Univ DeBusk Coll of Osteopathic Med']",['Pacific Northwest Univ of Health Sciences Coll of Osteopathic Med'],"5450 Fort St, Trenton, MI 48183"
43,250551, Beaumont Hospital-Troy,https://freida.ama-assn.org/institution/250551,['Oakland Univ William Beaumont Sch of Med'],,"['Michigan State Univ Coll of Osteopathic Med', 'Michigan State Univ Coll of Osteopathic Med-Detroit', 'Michigan State Univ Coll of Osteopathic Med-Macomb']","44201 Dequindre Rd, Troy, MI 48098"
44,258399, Beaumont Hospital-Wayne,https://freida.ama-assn.org/institution/258399,['Oakland Univ William Beaumont Sch of Med'],['Midwestern Univ Arizona Coll of Osteopathic Med'],,"33155 Annapolis Ave, Wayne, MI 48184-2493"
45,259584, Berry Surgery Center,https://freida.ama-assn.org/institution/259584,,,,"28500 Orchard Lake Rd, Farmington Hills, MI 48334"
46,259691, BioMed Behavioral Healthcare Inc,https://freida.ama-assn.org/institution/259691,,,,"22900 Remick Dr, Clinton Township, MI 48036"
47,259739, BMS Integrated Health PLC,https://freida.ama-assn.org/institution/259739,,,,"24841 Westmoreland Dr, Farmington Hills, MI 48336"
48,259508, Boulevard Temple Care Center LLC,https://freida.ama-assn.org/institution/259508,,,,"2567 W Grand Blvd, Detroit, MI 48208"
49,259678, Brighton Dermatology,https://freida.ama-assn.org/institution/259678,,,,"2300 Genoa Business Park Dr, Brighton, MI 48114"
50,259078, Brighton Hospital,https://freida.ama-assn.org/institution/259078,,,,"12851 Grand River Rd, Brighton, MI 48116"
51,259736, Bronson Battle Creek Hospital,https://freida.ama-assn.org/institution/259736,,,Western Michigan Univ Homer Stryker MD Sch of Med,"300 North Ave, Battle Creek, MI 49017"
52,259798, Bronson Battle Creek Hospital Affiliated Physician Practices,https://freida.ama-assn.org/institution/259798,,,,"300 North Ave, Battle Creek, MI 49017"
53,259100, Bronson Healthcare Midwest,https://freida.ama-assn.org/institution/259100,,,,"601 John St, Kalamazoo, MI 49007"
54,250458, Bronson Methodist Hospital,https://freida.ama-assn.org/institution/250458,Western Michigan Univ Homer Stryker MD Sch of Med,,,"601 John St, Kalamazoo, MI 49007"
55,259128, Bronson Methodist Hospital Affiliated Physician Practices,https://freida.ama-assn.org/institution/259128,,,,"601 John St, Kalamazoo, MI 49007"
56,259535, Bronson Orthopedics and Sports Medicine,https://freida.ama-assn.org/institution/259535,,,,"315 Turwill Ln, Kalamazoo, MI 49006"
57,259755, C S Mott Center for Human Growth,https://freida.ama-assn.org/institution/259755,,,,"275 E Hancock St, Detroit, MI 48201"
58,259127, Cabrini Clinic,https://freida.ama-assn.org/institution/259127,,,,"1234 Porter St, Detroit, MI 48226"
59,259647, Capital Urology Associates,https://freida.ama-assn.org/institution/259647,,,,"2090 Jolly Rd, Okemos, MI 48864"
60,259034, Cardio Thoracic Surgery,https://freida.ama-assn.org/institution/259034,,,,"601 John St, Kalamazoo, MI 49007"
61,259711, Carol Fischer DO PLLC-Ob/Gyn Office,https://freida.ama-assn.org/institution/259711,,,,"1030 Harrington St, Mount Clemens, MI 48043"
62,259070, Carson City Hospital,https://freida.ama-assn.org/institution/259070,,,,"406 E Elm St, Carson City, MI 48811"
63,259532, Center for Family Health,https://freida.ama-assn.org/institution/259532,,,,"505 N Jackson St, Jackson, MI 49201"
64,258006, Center for Forensic Psychiatry,https://freida.ama-assn.org/institution/258006,,,,"8303 Platt Rd, Saline, MI 48176"
65,259746, CentraCare-Battle Creek,https://freida.ama-assn.org/institution/259746,,,,"200 W Michigan Ave, Battle Creek, MI 49017"
66,250525, Central Michigan University College of Medicine,https://freida.ama-assn.org/institution/250525,['Central Michigan Univ Coll of Med'],['Midwestern Univ Arizona Coll of Osteopathic Med'],,"1000 Houghton Ave, Saginaw, MI 48602"
67,250555, Chelsea Community Hospital,https://freida.ama-assn.org/institution/250555,['Univ of Michigan Med Sch'],['West Virginia Sch of Osteopathic Med'],,"775 S Main St, Chelsea, MI 48118"
68,250456, Children's Hospital of Michigan,https://freida.ama-assn.org/institution/250456,"['Wayne State Univ Sch of Med', 'Central Michigan Univ Coll of Med']",['Kansas City Univ of Med and Biosciences Coll of Osteopathic Med'],,"3901 Beaubien Blvd, Detroit, MI 48201-2196"
69,259065, Chrysler Corporation (Occupational Medicine Clinic),https://freida.ama-assn.org/institution/259065,,,,"2101 Conner Ave, Detroit, MI 48215"
70,259110, Clark Retirement Community,https://freida.ama-assn.org/institution/259110,,,,"1551 Franklin SE, Grand Rapids, MI 49506"
71,259677, Clarkston Dermatology,https://freida.ama-assn.org/institution/259677,,,,"5701 Bow Pointe Dr, Carlkston, MI 48346"
72,259666, Clinical Oncology Associates,https://freida.ama-assn.org/institution/259666,,,,"27900 Grand River Ave, Farmington Hills, MI 48336"
73,259013, Clinton-Eaton-Ingham Community Mental Health Center,https://freida.ama-assn.org/institution/259013,,,Michigan State Univ Coll of Human Med,"812 E Jolly Rd, Lansing, MI 48910"
74,259035, Colon and Rectal Surgery Center,https://freida.ama-assn.org/institution/259035,,,,"601 John St, Kalamazoo, MI 49007"
75,259680, Colon Rectal Specialists PC,https://freida.ama-assn.org/institution/259680,,,,"595 Barclay Cir, Rochester Hills, MI 48307"
76,259673, Commerce Institute of Skin,https://freida.ama-assn.org/institution/259673,,,,"8906 Commerce Rd, Commerce Township, MI 48382"
77,259791, Common Ground,https://freida.ama-assn.org/institution/259791,,,,"1200 N Telegraph Rd, Pontiac, MI 48341"
78,259510, Community Health and Social Services Center,https://freida.ama-assn.org/institution/259510,,George Washington Univ Sch of Med and Health Sci,,"5635 W Fort St, Detroit, MI 48209"
79,259776, Community Mental Health for Central Michigan,https://freida.ama-assn.org/institution/259776,Central Michigan Univ Coll of Med,,,"301 Crapo St, Mount Pleasant, MI 48858"
80,259620, Comprehensive Dermatology Center,https://freida.ama-assn.org/institution/259620,,,,"4160 John R St, Detroit, MI 48201"
81,259687, Comprehensive Pain Specialists-Saginaw,https://freida.ama-assn.org/institution/259687,,,,"4450 Fashion Square Blvd, Saginaw, MI 48603"
82,259066, Concentra Medical Centers (Michigan),https://freida.ama-assn.org/institution/259066,,,,"21107 Eureka Rd, Taylor, MI 48180"
83,259102, Constance Brown Hearing Center,https://freida.ama-assn.org/institution/259102,,,,"1634 Gull Rd, Kalamazoo, MI 49048"
84,259637, Consultants in Ophthalmic & Facial Plastic Surgery,https://freida.ama-assn.org/institution/259637,,,,"201 W Big Beaver Rd, Troy, MI 48084"
85,250493, Cottage Hospital of Grosse Pointe,https://freida.ama-assn.org/institution/250493,,,,"159 Kercheval Ave, Grosse Pointe Farms, MI 48236-3692"
86,259570, Covenant Community Care,https://freida.ama-assn.org/institution/259570,,,,"5716 Michigan Ave, Detroit, MI 48210"
87,250314, Covenant HealthCare Hospital,https://freida.ama-assn.org/institution/250314,Central Michigan Univ Coll of Med,,,"700 Cooper St, Saginaw, MI 48602"
88,250200, Covenant HealthCare System-Harrison Campus,https://freida.ama-assn.org/institution/250200,,,,"1447 N Harrison St, Saginaw, MI 48602"
89,259649, CRAssociates Inc,https://freida.ama-assn.org/institution/259649,,,Raymond and Ruth Perelman Sch of Med at the Univ of Pennsylvania,
90,259659, David Fivenson MD-Dermatology PLLC,https://freida.ama-assn.org/institution/259659,,,,"3001 Miller Rd, Ann Arbor, MI 48301"
91,259052, David Weingarden MD & Associates PC,https://freida.ama-assn.org/institution/259052,,,,"43555 Dalcoma Dr, Clinton, MI 48038"
92,259055, DaVita Kresge Outpatient Hemodialysis Center,https://freida.ama-assn.org/institution/259055,,,,"4145 Cass Ave, Detroit, MI 48201"
93,250005, Dawn Farm-Ypsilanti,https://freida.ama-assn.org/institution/250005,,,,"6633 Stony Creek Rd, Ypsilanti, MI 48197"
94,259681, Dearborn Obstetrics & Gynecology PC,https://freida.ama-assn.org/institution/259681,,,,"2100 Monroe St, Dearborn, MI 48124"
95,250093, Dearborn Orthopedics and Sports Medicine PC,https://freida.ama-assn.org/institution/250093,,,,"23550 Park St, Dearborn, MI 48124"
96,258411, Department of Community Health (Lansing),https://freida.ama-assn.org/institution/258411,,,,"3423 N Martin Luther King Jr Blvd, Lansing, MI 48909"
97,258412, Department of Public Health (Washtenaw County),https://freida.ama-assn.org/institution/258412,,,,"555 Towner St, Ypsilanti, MI 48198"
98,259549, Dermatology and Skin Surgery Center-Battle Creek,https://freida.ama-assn.org/institution/259549,,,,"7070 East Dr N, Battle Creek, MI 49014"
99,259550, Dermatology and Skin Surgery Center-Jackson,https://freida.ama-assn.org/institution/259550,,,,"2121 Spring Arbor Rd, Jackson, MI 49048"
100,259551, Dermatology and Skin Surgery Center-Kalamazoo,https://freida.ama-assn.org/institution/259551,,,,"555 W Crosstown Pkwy, Kalamazoo, MI 49008"
101,259715, Dermatology Warren,https://freida.ama-assn.org/institution/259715,,,,"1190 E Twelve Mile Rd, Warren, MI 48093"
102,259531, Detroit Community Health Connection,https://freida.ama-assn.org/institution/259531,,,,"6550 W Warren Ave, Detroit, MI 48210"
103,259506, Detroit Department of Health and Wellness,https://freida.ama-assn.org/institution/259506,,,,"1151 Taylor St, Detroit, MI 48202"
104,259016, Detroit Medical Center Corporation,https://freida.ama-assn.org/institution/259016,"['Michigan State Univ Coll of Osteopathic Med', 'Michigan State Univ Coll of Osteopathic Med-Detroit', 'Michigan State Univ Coll of Osteopathic Med-Macomb']","['Kansas City Univ of Med and Biosciences Coll of Osteopathic Med', 'Burrell Coll of Osteopathic Med', 'West Virginia Sch of Osteopathic Med', 'Lincoln Memorial Univ DeBusk Coll of Osteopathic Med']",['Pacific Northwest Univ of Health Sciences Coll of Osteopathic Med'],"3990 John R St, Detroit, MI 48201"
105,259543, Detroit Medical Center Sports Medicine-Farmington Hills,https://freida.ama-assn.org/institution/259543,,,,"28300 Orchard Lake Rd, Farmington Hills, MI 48334"
106,250105, Detroit Medical Center Surgery Hospital,https://freida.ama-assn.org/institution/250105,,,,"30671 Stephenson Hwy, Madison Heights, MI 48071"
107,259544, Detroit Medical Center-Sports Performance Academy,https://freida.ama-assn.org/institution/259544,,,,"28800 Ryan Rd, Warren, MI 48092"
108,250521, Detroit Psychiatric Institute,https://freida.ama-assn.org/institution/250521,,,,"1151 Taylor St, Detroit, MI 48202"
109,250131, Detroit Receiving Hospital and University Health Center,https://freida.ama-assn.org/institution/250131,['Wayne State Univ Sch of Med'],"['Midwestern Univ Arizona Coll of Osteopathic Med', 'Kansas City Univ of Med and Biosciences Coll of Osteopathic Med']",,"4201 St Antoine Blvd, Detroit, MI 48201"
110,259629, Detroit Riverview Pediatrics PC,https://freida.ama-assn.org/institution/259629,,,,"10201 E Jefferson Ave, Detroit, MI 48214"
111,259592, Detroit Wayne County Health Authority (Authority Health) GME Consortium,https://freida.ama-assn.org/institution/259592,,,"['Michigan State Univ Coll of Osteopathic Med', 'Michigan State Univ Coll of Osteopathic Med-Detroit', 'Michigan State Univ Coll of Osteopathic Med-Macomb', 'Pacific Northwest Univ of Health Sciences Coll of Osteopathic Med']","3031 W Grand Blvd, Detroit, MI 48202"
112,259640, Development Center,https://freida.ama-assn.org/institution/259640,,,,"17421 Telegraph Rd, Detroit, MI 48219"
113,259124, DJ Jacobetti Home for Veterans,https://freida.ama-assn.org/institution/259124,,,,"425 Fisher, Marquette, MI 49855"
114,259667, DMC Harper Hospital,https://freida.ama-assn.org/institution/259667,,Kansas City Univ of Med and Biosciences Coll of Osteopathic Med,,"3990 John R St, Detroit, MI 48201"
115,250097, DMC Orthopaedics & Sports Medicine-Dearborn,https://freida.ama-assn.org/institution/250097,,,,"23823 Ford Rd, Dearborn, MI 48128"
116,250098, DMC Sports Medicine-Troy,https://freida.ama-assn.org/institution/250098,,,,"201 W Big Beaver Rd, Troy, MI 48092"
117,259542, DMC Sports Medicine-Warren,https://freida.ama-assn.org/institution/259542,,,,"28800 Ryan Rd, Warren, MI 48092"
118,259529, Eastern Michigan University Department of Athletics,https://freida.ama-assn.org/institution/259529,,,,"799 N Hewitt Rd, Ypsilanti, MI 48197"
119,250017, Easterseals Michigan,https://freida.ama-assn.org/institution/250017,,,,"1685 Baldwin Ave, Pontiac, MI 48340"
120,259709, Eastman and Vempati MD PC-Pediatrics Office,https://freida.ama-assn.org/institution/259709,,,,"30795 23 Mile Rd, Chesterfield, MI 48047"
121,259718, Eastside Dermatology,https://freida.ama-assn.org/institution/259718,,,,"20030 Mack Ave, Grosse Pointe Woods, MI 48236"
122,259072, Eaton County Felony Drug Treatment Court,https://freida.ama-assn.org/institution/259072,,,Michigan State Univ Coll of Human Med,"1045 Independence Blvd, Charlotte, MI 48813"
123,259706, Eaton Rapids Medical Center,https://freida.ama-assn.org/institution/259706,,,,"1500 S Main St, Eaton Rapids, MI 48827"
124,259530, ECMO Laboratory-University of Michigan Medical School,https://freida.ama-assn.org/institution/259530,,,,"1500 E Medical Center Dr, Ann Arbor, MI 48109"
125,259608, Edgewood Center Pediatrics,https://freida.ama-assn.org/institution/259608,,,,"8896 Commerce Rd, Commerce Township, MI 48382"
126,259047, Elmwood Geriatric Village,https://freida.ama-assn.org/institution/259047,,,,"1881 E Grand Blvd, Detroit, MI 48211"
127,250034, Emergent Health Partners-Huron Valley Ambulance,https://freida.ama-assn.org/institution/250034,,,,"1200 State Circle, Ann Arbor, MI 48108"
128,259572, Eye and ENT Specialists PLC,https://freida.ama-assn.org/institution/259572,,,,"1761 W Michigan 43 Hwy, Hastings, MI 49058"
129,259771, Eye Clinics of Michigan,https://freida.ama-assn.org/institution/259771,,,,"19335 Allen Rd, Brownstown Twp, MI 48183"
130,250554, Fairlawn Center,https://freida.ama-assn.org/institution/250554,,,,"140 Elizabeth Lake Rd, Pontiac, MI 48341-1000"
131,259112, Faith Hospice Trillium Woods,https://freida.ama-assn.org/institution/259112,,,,"8214 Pfeiffer Farms Dr SW, Byron Center, MI 49315"
132,259106, Family Health Center,https://freida.ama-assn.org/institution/259106,Western Michigan Univ Homer Stryker MD Sch of Med,,,"117 W Paterson St, Kalamazoo, MI 49007"
133,259627, Family Medical Center of Michigan,https://freida.ama-assn.org/institution/259627,,,,"8765 Lewis Ave, Temperance, MI 48182"
134,250030, Family Medicine and Public Health Sciences-Wayne State University,https://freida.ama-assn.org/institution/250030,,,,"3939 Woodward Ave, Detroit, MI 48201"
135,259742, Fertility Center of Michigan,https://freida.ama-assn.org/institution/259742,,,,"317 S Drake Rd, Kalamazoo, MI 49009"
136,250107, Fertility Center of Michigan-Mason,https://freida.ama-assn.org/institution/250107,,,,"1100 S Cedar St, Macon, MI 48854"
137,259716, Franklin Dermatology,https://freida.ama-assn.org/institution/259716,,,,"26400 W 12 Mile Rd, Southfield, MI 48034"
138,259518, Freedom Medical Clinic PC,https://freida.ama-assn.org/institution/259518,,,,"20206 Farmington Rd, Livonia, MI 48152"
139,259792, Fresenius Kidney Care Botsford Park,https://freida.ama-assn.org/institution/259792,,,,"28425 W 8 Mile Rd, Livonia, MI 48152"
140,259724, Gago Center for Fertility,https://freida.ama-assn.org/institution/259724,,,,"1515 Lake Lansing Rd, Lansing, MI 48912"
141,259670, Ganesh Deshmukh MD-Surgical Medicine Office,https://freida.ama-assn.org/institution/259670,,,,"3106 S Wayne Rd, Wayne, MI 48184"
142,259585, Garden City Hospital,https://freida.ama-assn.org/institution/259585,"['Michigan State Univ Coll of Osteopathic Med', 'Michigan State Univ Coll of Osteopathic Med-Detroit', 'Michigan State Univ Coll of Osteopathic Med-Macomb']","['Midwestern Univ Arizona Coll of Osteopathic Med', 'Kansas City Univ of Med and Biosciences Coll of Osteopathic Med', 'West Virginia Sch of Osteopathic Med']",['Univ of Pikeville Kentucky Coll of Osteopathic Med'],"6245 N Inkster Rd, Garden City, MI 48135"
143,259036, General and Vascular Surgery PC,https://freida.ama-assn.org/institution/259036,,,,"1717 Shaffer Rd, Kalamazoo, MI 49048"
144,259101, Glacier Hills Nursing Home,https://freida.ama-assn.org/institution/259101,,,,"1200 Earhart Rd, Ann Arbor, MI 48105"
145,259772, Glaucoma Center of Michigan,https://freida.ama-assn.org/institution/259772,,,,"29201 Telegraph Rd, Southfirld, MI 48034"
146,259751, Grace Health,https://freida.ama-assn.org/institution/259751,,,Western Michigan Univ Homer Stryker MD Sch of Med,"181 W Emmett St, Battle Creek, MI 49037"
147,250460, Grand Rapids Medical Education Partners,https://freida.ama-assn.org/institution/250460,"['Wayne State Univ Sch of Med', 'Michigan State Univ Coll of Human Med']",,['Pacific Northwest Univ of Health Sciences Coll of Osteopathic Med'],"945 Ottawa Ave NW, Grand Rapids, MI 49503"
148,259099, Grand Rapids Public Schools,https://freida.ama-assn.org/institution/259099,,,,"1331 Franklin SE, Grand Rapids, MI 49501"
149,259598, Grand River Medical Associates,https://freida.ama-assn.org/institution/259598,,,,"55840 Grand River Ave, New Hudson, MI 48165"
150,259726, Great Lakes Bay Health Care Systems-Saginaw,https://freida.ama-assn.org/institution/259726,Central Michigan Univ Coll of Med,,,"1522 Janes Ave, Saginaw, MI 48601"
151,259782, Great Lakes Center of Rheumatology,https://freida.ama-assn.org/institution/259782,,,,"4052 Legacy Pkwy, Lansing, MI 48911"
152,250007, Great Lakes Orthopaedics,https://freida.ama-assn.org/institution/250007,,,,"6255 Inkster Rd, Garden City, MI 48135"
153,259037, Great Lakes Plastic Surgery,https://freida.ama-assn.org/institution/259037,,,,"3200 W Centre, Portage, MI 49024"
154,259714, Grekin Skin Institute,https://freida.ama-assn.org/institution/259714,,,,"1500 Eureka Rd, Wyandotte, MI 48192"
155,259115, Growth Works Inc,https://freida.ama-assn.org/institution/259115,,,,"271 S Main St, Plymouth, MI 48170"
156,259642, Guidance Center,https://freida.ama-assn.org/institution/259642,,,,"13101 Allen Rd, Southgate, MI 48195"
157,259022, Hamilton Community Health Network,https://freida.ama-assn.org/institution/259022,,,"['Michigan State Univ Coll of Osteopathic Med', 'Michigan State Univ Coll of Osteopathic Med-Detroit', 'Michigan State Univ Coll of Osteopathic Med-Macomb']","4001 N Saginaw, Flint, MI 48502"
158,259023, Hand Surgery Associates of Michigan (Warren),https://freida.ama-assn.org/institution/259023,,,,"11012 Thirteen Mile Rd, Warren, MI 48093"
159,250151, Harper-Hutzel Hospital,https://freida.ama-assn.org/institution/250151,Wayne State Univ Sch of Med,,,"3990 John R St, Detroit, MI 48201"
160,259048, Hartford Nursing and Rehabilitation Center,https://freida.ama-assn.org/institution/259048,,,,"6700 W Outer Dr, Detroit, MI 48235"
161,250247, Hawthorn Center Hospital,https://freida.ama-assn.org/institution/250247,,,,"18471 Haggerty Rd, Northville, MI 48167"
162,259644, Hayes Green Beach Memorial Hospital,https://freida.ama-assn.org/institution/259644,,,,"321 E Harris St, Charlotte, MI 48813"
163,250029, Health Centers Detroit,https://freida.ama-assn.org/institution/250029,,,,"7633 E Jefferson Ave, Detroit, MI 48214"
164,259062, HealthCare Midwest Ambulatory Surgery Center,https://freida.ama-assn.org/institution/259062,,,,"125 W Walnut, Kalamazoo, MI 49007"
165,259038, HealthCare Midwest General and Vascular Surgery,https://freida.ama-assn.org/institution/259038,,,,"601 John St, Kalamazoo, MI 49007"
166,259545, HealthSource Saginaw,https://freida.ama-assn.org/institution/259545,Central Michigan Univ Coll of Med,,,"3340 Hospital Rd, Saginaw, MI 48603"
167,259694, Hegira Programs Inc,https://freida.ama-assn.org/institution/259694,,,,"37450 Schoolcraft, Livonia, MI 48150"
168,259660, Heidelberg Dermatology PC,https://freida.ama-assn.org/institution/259660,,,,"20400 Livernois, Detroit, MI 48221"
169,259088, Henry Ford Center for Senior Independence,https://freida.ama-assn.org/institution/259088,,,,"78200 W Outer Dr, Detroit, MI 48235"
170,250187, Henry Ford Health,https://freida.ama-assn.org/institution/250187,,,,"1 Ford Pl, Detroit, MI 48202"
171,250331, Henry Ford Hospital,https://freida.ama-assn.org/institution/250331,['Wayne State Univ Sch of Med'],"['Univ of Michigan Med Sch', 'Michigan State Univ Coll of Human Med', 'West Virginia Sch of Osteopathic Med']",,"2799 W Grand Blvd, Detroit, MI 48202-2608"
172,257017, Henry Ford Jackson Hospital,https://freida.ama-assn.org/institution/257017,"['Michigan State Univ Coll of Osteopathic Med', 'Michigan State Univ Coll of Osteopathic Med-Detroit', 'Michigan State Univ Coll of Osteopathic Med-Macomb']",['Univ of Michigan Med Sch'],['Pacific Northwest Univ of Health Sciences Coll of Osteopathic Med'],"205 N East Ave, Jackson, MI 49201"
173,259561, Henry Ford Macomb Hospital,https://freida.ama-assn.org/institution/259561,"['Michigan State Univ Coll of Osteopathic Med', 'Michigan State Univ Coll of Osteopathic Med-Detroit', 'Michigan State Univ Coll of Osteopathic Med-Macomb']","['Midwestern Univ Arizona Coll of Osteopathic Med', 'Kansas City Univ of Med and Biosciences Coll of Osteopathic Med', 'West Virginia Sch of Osteopathic Med']",['Pacific Northwest Univ of Health Sciences Coll of Osteopathic Med'],"15855 19 Mile Rd, Clinton Township, MI 48038"
174,259011, Henry Ford Macomb-Warren Campus,https://freida.ama-assn.org/institution/259011,,,,"13355 E Ten Mile Rd, Warren, MI 48089"
175,259089, Henry Ford Village,https://freida.ama-assn.org/institution/259089,,,,"15101 Ford Rd, Dearborn, MI 48216"
176,259087, Henry Ford West Bloomfield Hospital,https://freida.ama-assn.org/institution/259087,,,,"6777 Maple Rd, West Bloomfield, MI 48322"
177,258418, Henry Ford Wyandotte Hospital,https://freida.ama-assn.org/institution/258418,"['Michigan State Univ Coll of Osteopathic Med', 'Michigan State Univ Coll of Osteopathic Med-Detroit', 'Michigan State Univ Coll of Osteopathic Med-Macomb']","['Midwestern Univ Arizona Coll of Osteopathic Med', 'West Virginia Sch of Osteopathic Med', 'Burrell Coll of Osteopathic Med']",['Pacific Northwest Univ of Health Sciences Coll of Osteopathic Med'],"2333 Biddle Ave, Wyandotte, MI 48192"
178,259113, Holland Home,https://freida.ama-assn.org/institution/259113,,,,"2589 44th St SE, Kentwood, MI 49512"
179,259747, Holland Home-Raybrook Manor,https://freida.ama-assn.org/institution/259747,,,,"2121 Raybrook SE, Grand Rapids, MI 49546"
180,259749, Holland Home-Trillium Woods,https://freida.ama-assn.org/institution/259749,,,,"8214 Pfeiffer Farms Dr SW, Byron Center, MI 49315"
181,250023, Hope Adult Shelter and Recuperative Care Center,https://freida.ama-assn.org/institution/250023,,,,"1416 Joslyn Ave, Pontiac, MI 48340"
182,259014, Hope Network,https://freida.ama-assn.org/institution/259014,,,,"755 36th St SE, Grand Rapids, MI 49518-0890"
183,259556, Hospice Care of Southwest Michigan,https://freida.ama-assn.org/institution/259556,,,,"222 N Kalamazoo Mall, Kalamazoo, MI 49007"
184,259646, Hospice of Holland,https://freida.ama-assn.org/institution/259646,,,,"445 10th Ave, Holland, MI 49423"
185,259059, Hospice of Michigan,https://freida.ama-assn.org/institution/259059,,,,"400 Mack Ave, Detroit, MI 48201"
186,259134, Hospice of Michigan (Grand Rapids),https://freida.ama-assn.org/institution/259134,,,,"989 Spaulding SE, Ada, MI 49301"
187,250304, Hurley Medical Center,https://freida.ama-assn.org/institution/250304,"['Univ of Michigan Med Sch', 'Michigan State Univ Coll of Human Med']",,,"One Hurley Plaza, Flint, MI 48503-5993"
188,258003, Huron Valley-Sinai Hospital,https://freida.ama-assn.org/institution/258003,,"['Midwestern Univ Arizona Coll of Osteopathic Med', 'Kansas City Univ of Med and Biosciences Coll of Osteopathic Med']","['Michigan State Univ Coll of Osteopathic Med', 'Michigan State Univ Coll of Osteopathic Med-Detroit', 'Michigan State Univ Coll of Osteopathic Med-Macomb', 'Pacific Northwest Univ of Health Sciences Coll of Osteopathic Med']","1 William Carls Dr, Commerce, MI 48382-1271"
189,259539, Hutzel Building,https://freida.ama-assn.org/institution/259539,,,,"4707 St Antoine, Detroit, MI 48201"
190,259514, Hutzel Professional Building,https://freida.ama-assn.org/institution/259514,,,,"4727 St Antoine, Detroit, MI 48201"
191,259655, Hutzel Women's Hospital,https://freida.ama-assn.org/institution/259655,,Kansas City Univ of Med and Biosciences Coll of Osteopathic Med,,"3980 John R St, Detroit, MI 48201"
192,259079, Infinity Primary Care,https://freida.ama-assn.org/institution/259079,,,,"17197 N Laurel Park Dr, Livonia, MI 48152"
193,259051, Ingham County Health Department,https://freida.ama-assn.org/institution/259051,,,,"5303 S Cedar, Lansing, MI 48911"
194,259114, Ingham County Medical Care Facility,https://freida.ama-assn.org/institution/259114,,,Michigan State Univ Coll of Human Med,"3860 Dobie Rd, Okemos, MI 48864"
195,259071, Ingham Intermediate School District,https://freida.ama-assn.org/institution/259071,,,,"2630 W Howell Rd, Mason, MI 48854"
196,259696, IVF Michigan Fertility Center,https://freida.ama-assn.org/institution/259696,,,,"3145 W Clark Rd, Ypsilanti, MI 48197"
197,250018, J C Center for Psychiatric Services,https://freida.ama-assn.org/institution/250018,,,,"43200 Dequindre Rd, Sterling Heights, MI 48314"
198,259554, Jackson Intermediate School District,https://freida.ama-assn.org/institution/259554,,,Michigan State Univ Coll of Human Med,"6700 Browns Lake Rd, Jackson, MI 49201"
199,259728, Jafferany Psychiatric Services,https://freida.ama-assn.org/institution/259728,,Central Michigan Univ Coll of Med,,"3215 Hallmark Ct, Saginaw, MI 48603"
200,259752, Javery Pain Institute,https://freida.ama-assn.org/institution/259752,,,,"710 Kenmoor Ave, Grand Rapids, MI 49546"
201,259094, Jefferson Avenue Research Clinic,https://freida.ama-assn.org/institution/259094,,,,"2761 E Jefferson, Detroit, MI 48207"
202,258410, Jim Gilmore Jr Community Healing Center,https://freida.ama-assn.org/institution/258410,,,,"1910 Shaffer Rd, Kalamazoo, MI 49048"
203,250022, Jolly Neurological Clinic,https://freida.ama-assn.org/institution/250022,,,,"44555 Woodward Ave, Pontiac, MI 48341"
204,259631, Jordan & Thomas PLLC,https://freida.ama-assn.org/institution/259631,,,,"5575 Conner St, Detroit, MI 48213"
205,259695, Juvenile Assessment Center,https://freida.ama-assn.org/institution/259695,,,,"7310 Woodward Ave, Detroit, MI 48202"
206,259019, K Valley Orthopaedics PC,https://freida.ama-assn.org/institution/259019,,,,"315 Turwill Lane, Kalamazoo, MI 49007"
207,259026, Kalamazoo Anesthesiology,https://freida.ama-assn.org/institution/259026,,,,"900 Peeler St, Kalamazoo, MI 49008"
208,259525, Kalamazoo College,https://freida.ama-assn.org/institution/259525,,,,"1200 Academy St, Kalamazoo, MI 49006"
209,258409, Kalamazoo County Community Mental Health and Substance Abuse,https://freida.ama-assn.org/institution/258409,,,,"3299 Gull Rd, Nazareth, MI 49074"
210,259536, Kalamazoo County Health and Community Services,https://freida.ama-assn.org/institution/259536,,,,"3299 Gull Rd, Kalamazoo, MI 49048"
211,259540, Kalamazoo County Medical Control Authority,https://freida.ama-assn.org/institution/259540,,,,"1000 Oakland Dr, Kalamazoo, MI 49008"
212,259027, Kalamazoo Emergency Associates,https://freida.ama-assn.org/institution/259027,,,,"1535 Gull Rd, Kalamazoo, MI 49048"
213,259781, Keith A Johnstone MD PC-Cardiology Office,https://freida.ama-assn.org/institution/259781,,,,"26206 W 12 Mile Rd, Southfield, MI 48034"
214,259712, Kevin Fahey MD-Ob/Gyn Office,https://freida.ama-assn.org/institution/259712,,,,"16570 19 Mile Rd, Clinton Township, MI 48038"
215,259796, Kidney Health Clinic,https://freida.ama-assn.org/institution/259796,,,,"220 E Goodale Ave, Battle Creek, MI 49037"
216,258398, Kingswood Hospital,https://freida.ama-assn.org/institution/258398,,,,"10300 W Eight Mile Rd, Ferndale, MI 48220"
217,259505, Lake Shore Health Care,https://freida.ama-assn.org/institution/259505,,,,"9146 Woodward Ave, Detroit, MI 48202"
218,259125, Lake Superior Hospice,https://freida.ama-assn.org/institution/259125,,,,"914 W Baraga Ave, Marquette, MI 49855"
219,259769, Lakeland Health-Niles,https://freida.ama-assn.org/institution/259769,,West Virginia Sch of Osteopathic Med,,"31 N St Joseph Ave, Niles, MI 49120"
220,259768, Lakeland Health-St Joseph,https://freida.ama-assn.org/institution/259768,,,,"1234 Napier Ave, St Joseph, MI 49085"
221,259596, Lakes Med Ctr-Internal Medicine & Primary Care Specialists,https://freida.ama-assn.org/institution/259596,,,,"2300 Haggerty Hwy, West Bloomfield Town, MI 48323"
222,259593, Lakeshore Ear Nose and Throat Center Inc,https://freida.ama-assn.org/institution/259593,,,,"11080 Hall Rd, Sterling Heights, MI 48314"
223,259669, Lakeshore Ear Nose and Throat Center PC West,https://freida.ama-assn.org/institution/259669,,,,"1202 Walton Rd, Rochester Mills, MI 48307"
224,259012, Lansing General Hospital,https://freida.ama-assn.org/institution/259012,,,,"2727 S Pennsylvania Ave, Lansing, MI 48910"
225,259648, Lansing Institute of Urology,https://freida.ama-assn.org/institution/259648,,,,"1625 Ramblewood Dr, East Lansing, MI 48823"
226,259799, Laurels of Bedford,https://freida.ama-assn.org/institution/259799,,,,"270 Bedford Rd N, Battle Creek, MI 49037"
227,259720, Life EMS Ambulance,https://freida.ama-assn.org/institution/259720,,,,"1275 Cedar St NE, Gran Rapids, MI 49503"
228,259732, Lincoln Behavioral Services,https://freida.ama-assn.org/institution/259732,,,,"9315 Telegraph Rd, Redford, MI 48239"
229,250036, Livingston County Ambulance,https://freida.ama-assn.org/institution/250036,,,,"1911 Tooley Rd, Howell, MI 48855"
230,259116, Livonia Public Schools,https://freida.ama-assn.org/institution/259116,,,,"15125 Farmington Rd, Livonia, MI 48154"
231,259740, Lori Dillard DO-Center for Osteopathic Medicine,https://freida.ama-assn.org/institution/259740,,,,"1030 Harrington St, Mount Clemens, MI 48043"
232,259603, Lowell Schmeltz DO-Endocrinology Office,https://freida.ama-assn.org/institution/259603,,,,"6900 Orchard Lake Rd, West Bloomfield, MI 48322"
233,259753, Lynne Chadfield DO PLLC-Neuromusculoskeletal Medicine Office,https://freida.ama-assn.org/institution/259753,,,,"1025 Spaulding Ave SE, Grand Rapids, MI 49546"
234,259111, Maple Creek,https://freida.ama-assn.org/institution/259111,,,,"2000 32nd St SE, Grand Rapids, MI 49508"
235,250459, Mary Free Bed Hospital,https://freida.ama-assn.org/institution/250459,['Michigan State Univ Coll of Human Med'],['Kansas City Univ of Med and Biosciences Coll of Osteopathic Med'],,"235 Wealthy SE, Grand Rapids, MI 49503"
236,259521, Marywood Nursing Care Center,https://freida.ama-assn.org/institution/259521,,,,"36975 Five Mile Rd, Livonia, MI 48154"
237,259682, McLaren Bay Region,https://freida.ama-assn.org/institution/259682,,"['West Virginia Sch of Osteopathic Med', 'Central Michigan Univ Coll of Med', 'Michigan State Univ Coll of Osteopathic Med', 'Michigan State Univ Coll of Osteopathic Med-Detroit', 'Michigan State Univ Coll of Osteopathic Med-Macomb']",['Univ of Pikeville Kentucky Coll of Osteopathic Med'],"1900 Columbus Ave, Bay City, MI 48708"
238,259662, McLaren Health Care Corporation,https://freida.ama-assn.org/institution/259662,"['Michigan State Univ Coll of Osteopathic Med', 'Michigan State Univ Coll of Osteopathic Med-Detroit', 'Michigan State Univ Coll of Osteopathic Med-Macomb']",['Central Michigan Univ Coll of Med'],['Pacific Northwest Univ of Health Sciences Coll of Osteopathic Med'],"401 S Ballenger Hwy, Flint, MI 48532"
239,259562, McLaren Macomb,https://freida.ama-assn.org/institution/259562,"['Michigan State Univ Coll of Osteopathic Med', 'Michigan State Univ Coll of Osteopathic Med-Detroit', 'Michigan State Univ Coll of Osteopathic Med-Macomb']","['Midwestern Univ Arizona Coll of Osteopathic Med', 'Kansas City Univ of Med and Biosciences Coll of Osteopathic Med', 'West Virginia Sch of Osteopathic Med', 'California Northstate Univ Coll of Med', 'Lincoln Memorial Univ DeBusk Coll of Osteopathic Med']",,"1000 Harrington Blvd, Mount Clemens, MI 48043"
240,250150, McLaren Northern Michigan,https://freida.ama-assn.org/institution/250150,,,,"416 Connable Ave, Petoskey, MI 49770"
241,259565, McLaren Oakland,https://freida.ama-assn.org/institution/259565,"['Michigan State Univ Coll of Osteopathic Med', 'Michigan State Univ Coll of Osteopathic Med-Detroit', 'Michigan State Univ Coll of Osteopathic Med-Macomb']","['Midwestern Univ Arizona Coll of Osteopathic Med', 'Kansas City Univ of Med and Biosciences Coll of Osteopathic Med', 'West Virginia Sch of Osteopathic Med', 'Lincoln Memorial Univ DeBusk Coll of Osteopathic Med']",['Pacific Northwest Univ of Health Sciences Coll of Osteopathic Med'],"50 N Perry St, Pontiac, MI 48342"
242,250412, McLaren-Flint,https://freida.ama-assn.org/institution/250412,Michigan State Univ Coll of Human Med,,,"401 S Ballenger Hwy, Flint, MI 48532-3685"
243,250183, McLaren-Greater Lansing,https://freida.ama-assn.org/institution/250183,"['Michigan State Univ Coll of Osteopathic Med', 'Michigan State Univ Coll of Osteopathic Med-Detroit', 'Michigan State Univ Coll of Osteopathic Med-Macomb']","['Midwestern Univ Arizona Coll of Osteopathic Med', 'West Virginia Sch of Osteopathic Med']","['Michigan State Univ Coll of Human Med', 'Pacific Northwest Univ of Health Sciences Coll of Osteopathic Med']","401 W Greenlawn Ave, Lansing, MI 48910-2819"
244,259750, Mercy Health Hauenstein Neuroscience Center,https://freida.ama-assn.org/institution/259750,,,,"220 Cherry St SE, Grand Rapids, MI 49503"
245,250008, Metro Medical Practice PC,https://freida.ama-assn.org/institution/250008,,,,"2891 E Maple Rd, Troy, MI 48083"
246,259729, Michigan Blood,https://freida.ama-assn.org/institution/259729,,,,"2710 Cleveland Ave, St Joseph, MI 49085"
247,258004, Michigan Capital Medical Center (Pennsylvania Campus),https://freida.ama-assn.org/institution/258004,,,,"401 W Greenlawn Ave, Lansing, MI 48910"
248,259594, Michigan Center for Fertility and Women's Health,https://freida.ama-assn.org/institution/259594,,,,"4700 W 13 Mile Rd, Warren, MI 48092"
249,259773, Michigan Cornea Consultants,https://freida.ama-assn.org/institution/259773,,,,"29201 Telegraph Rd, Southfirld, MI 48034"
250,250009, Michigan Department of Corrections,https://freida.ama-assn.org/institution/250009,,,,"5300 Lawton St, Detroit, MI 48208"
251,250054, Michigan Department of Corrections-Ionia Prison,https://freida.ama-assn.org/institution/250054,,,,"1576 Bluewater Hwy, Ionia, MI 48846"
252,259538, Michigan Department of Public Health,https://freida.ama-assn.org/institution/259538,,,,"201 Townsend St, Lansing, MI 48913"
253,259609, Michigan Ear Institute,https://freida.ama-assn.org/institution/259609,,,,"30055 Northwestern Hwy, Farmington Hills, MI 48334"
254,259082, Michigan Gastroenterology Institute PC,https://freida.ama-assn.org/institution/259082,,,,"1650 Ramblewood Dr, East Lansing, MI 48823"
255,259665, Michigan Healthcare Professionals PC,https://freida.ama-assn.org/institution/259665,,,,"29992 Northwestern Hwy, Farmington, MI 48334"
256,250256, Michigan Medicine University of Michigan,https://freida.ama-assn.org/institution/250256,['Univ of Michigan Med Sch'],"['Wayne State Univ Sch of Med', 'Univ of Toledo Coll of Med and Life Sciences', 'Burrell Coll of Osteopathic Med', 'West Virginia Sch of Osteopathic Med']","['Michigan State Univ Coll of Human Med', 'Central Michigan Univ Coll of Med']","2600 Green Rd, Ann Arbor, MI 48109"
257,259057, Michigan Orthopedic Center,https://freida.ama-assn.org/institution/259057,,,,"5315 Elliot Dr, Ypsilanti, MI 48197"
258,259132, Michigan Orthopedic Services,https://freida.ama-assn.org/institution/259132,,,,"13450 Farmington Rd, Livonia, MI 48150"
259,250532, Michigan State University Clinical Center,https://freida.ama-assn.org/institution/250532,Michigan State Univ Coll of Human Med,,,"138 Service Rd, East Lansing, MI 48824"
260,259502, Michigan State University College of Human Medicine,https://freida.ama-assn.org/institution/259502,['Michigan State Univ Coll of Human Med'],"['Burrell Coll of Osteopathic Med', 'West Virginia Sch of Osteopathic Med', 'Lincoln Memorial Univ DeBusk Coll of Osteopathic Med']",['Pacific Northwest Univ of Health Sciences Coll of Osteopathic Med'],"1200 E Michigan Ave, Lansing, MI 48912-1316"
261,259093, Michigan State University College of Human Medicine Physician Practices,https://freida.ama-assn.org/institution/259093,,,,"1200 E Michigan Ave, Lansing, MI 48912-1316"
262,259503, Michigan State University College of Osteopathic Medicine,https://freida.ama-assn.org/institution/259503,,,Pacific Northwest Univ of Health Sciences Coll of Osteopathic Med,"A308 E Fee Hall, East Lansing, MI 48824-1316"
263,250562, Michigan State University/Flint Area Medical Education,https://freida.ama-assn.org/institution/250562,,,,"One Hurley Plaza, Flint, MI 48503-5902"
264,259723, Michigan Surgery Specialists PC,https://freida.ama-assn.org/institution/259723,,,,"11012 Thirteen Mile Rd, Warren, MI 48093"
265,259671, Michigan Surgical Associates PLLC,https://freida.ama-assn.org/institution/259671,,,,"3152 S Wayne Rd, Wayne, MI 48184"
266,259516, Michigan Vascular Center,https://freida.ama-assn.org/institution/259516,,,Michigan State Univ Coll of Human Med,"5020 W Bristol Rd, Flint, MI 48507"
267,259056, Mid Michigan Physicians PC,https://freida.ama-assn.org/institution/259056,,,,"1540 Lake Lansing Rd, Lansing, MI 48912"
268,259731, Mid-Michigan Ambulatory Services LLC,https://freida.ama-assn.org/institution/259731,,,,"32255 W Twelve Mile Rd, Farmington Hills, MI 48334"
269,259675, Middlebelt Dermatology Center,https://freida.ama-assn.org/institution/259675,,,,"21141 Middlebelt Rd, Farmington Hills, MI 48336"
270,259559, MidMichigan Medical Center-Gratiot,https://freida.ama-assn.org/institution/259559,['Michigan State Univ Coll of Human Med'],['Central Michigan Univ Coll of Med'],"['Michigan State Univ Coll of Osteopathic Med', 'Michigan State Univ Coll of Osteopathic Med-Detroit', 'Michigan State Univ Coll of Osteopathic Med-Macomb']","300 E Warwick Dr, Alma, MI 48801"
271,259656, Midwest Center for Dermatology & Cosmetic Surgery-Clinton,https://freida.ama-assn.org/institution/259656,,,,"43900 Garfield Rd, Clinton Township, MI 48038"
272,259658, Midwest Center for Dermatology & Cosmetic Surgery-Farmington,https://freida.ama-assn.org/institution/259658,,,,"31420 Northwestern Hwy, Farmington Hills, MI 48334"
273,259657, Midwest Center for Dermatology & Cosmetic Surgery-Warren,https://freida.ama-assn.org/institution/259657,,,,"11900 E 12 Mile Rd, Warren, MI 48093"
274,259028, Midwest Orthopaedic Surgery,https://freida.ama-assn.org/institution/259028,,,,"940 John St, Kalamazoo, MI 49001"
275,259507, Midwest Travelers Health Service Clinic,https://freida.ama-assn.org/institution/259507,,,,"4870 Clark Rd, Ypsilanti, MI 48197"
276,250001, Mobility Medicine PLLC,https://freida.ama-assn.org/institution/250001,,,,"4050 W Maple Rd, Bloomfield Hills, MI 48301"
277,259672, Monroe County Health Department,https://freida.ama-assn.org/institution/259672,,,,"2353 S Custer Rd, Monroe, MI 48161"
278,250155, Monroe County Medical Control Authority,https://freida.ama-assn.org/institution/250155,,,,"125 E Second St, Monroe, MI 48161"
279,250100, Motor City Orthopedics and Sports Medicine Institute,https://freida.ama-assn.org/institution/250100,,,,"26850 Providence Pkwy, Novi, MI 48374"
280,259509, Mott Children's Health Center,https://freida.ama-assn.org/institution/259509,,Michigan State Univ Coll of Human Med,,"806 Tuuri Pl, Flint, MI 48503"
281,259522, Mount Clemens Regional Medical Center,https://freida.ama-assn.org/institution/259522,,,,"1000 Harrington Blvd, Mount Clemens, MI 48043"
282,259804, MSU College of Osteopathic Medicine ONMM Clinic,https://freida.ama-assn.org/institution/259804,,,,"965 Wilson Rd, East Lansing, MI 48824"
283,250135, MSU Pediatrics-West Side,https://freida.ama-assn.org/institution/250135,,,,"7335 Westshire Dr, Lansing, MI 48917"
284,259794, MSUCOM Popoff Clinic,https://freida.ama-assn.org/institution/259794,,,,"10809 Mack Ave, Detroit, MI 48214"
285,259587, MSUCOM Statewide Campus System,https://freida.ama-assn.org/institution/259587,,Midwestern Univ Arizona Coll of Osteopathic Med,,"856 Fee Rd, East Lansing, MI 48824"
286,250251, Munson Medical Center,https://freida.ama-assn.org/institution/250251,"['Michigan State Univ Coll of Human Med', 'Michigan State Univ Coll of Osteopathic Med', 'Michigan State Univ Coll of Osteopathic Med-Detroit', 'Michigan State Univ Coll of Osteopathic Med-Macomb']",,['Pacific Northwest Univ of Health Sciences Coll of Osteopathic Med'],"1105 6th St, Traverse City, MI 49684"
287,250322, MyMichigan Medical Center-Midland,https://freida.ama-assn.org/institution/250322,['Michigan State Univ Coll of Human Med'],['Central Michigan Univ Coll of Med'],,"4005 Orchard Dr, Midland, MI 48670"
288,259639, Neighborhood Service Organization,https://freida.ama-assn.org/institution/259639,,,,"882 Oakman Blvd, Detroit, MI 48238"
289,259537, Network 180,https://freida.ama-assn.org/institution/259537,,,,"790 Fuller Ave NE, Grand Rapids, MI 49503"
290,259692, New Center Community Services,https://freida.ama-assn.org/institution/259692,,,,"2051 W Grand Blvd, Detroit, MI 48208"
291,259126, Norlite Nursing Center,https://freida.ama-assn.org/institution/259126,,,,"701 Homestead, Marquette, MI 49855"
292,259117, North Central Health Center,https://freida.ama-assn.org/institution/259117,,,,"17141 Ryan Rd, Detroit, MI 48212"
293,259602, North Valley Internal Medicine,https://freida.ama-assn.org/institution/259602,,,,"1501 N Milford Rd, Milford, MI 48381"
294,250137, Northland Family Planning,https://freida.ama-assn.org/institution/250137,,,,"35000 Ford Rd, Westland, MI 48185"
295,259632, Northwest Neurology,https://freida.ama-assn.org/institution/259632,,,,"27200 Lahser Rd, Southfield, MI 48034"
296,259738, Novi Center for Manipulative and Sports Medicine,https://freida.ama-assn.org/institution/259738,,,,"23655 Novi Rd, Novi, MI 48375"
297,259600, Oakland Internal Medicine,https://freida.ama-assn.org/institution/259600,,,,"1435 N Milford Rd, Milford, MI 48381"
298,250222, Oakland Physicians Medical Center,https://freida.ama-assn.org/institution/250222,,Univ of Michigan Med Sch,,"461 W Huron St, Pontiac, MI 48341-1651"
299,259564, Oaks at Woodfield,https://freida.ama-assn.org/institution/259564,,,,"5370 E Baldwin Rd, Grand Blanc, MI 48439"
300,259754, Old Town Doc,https://freida.ama-assn.org/institution/259754,,,,"1106 N Cedar St, Lansing, MI 48906"
301,259061, Orthopaedic Associates of Grand Rapids,https://freida.ama-assn.org/institution/259061,,,,"1111 Leffingwell Ave NE, Grand Rapids, MI 49525"
302,259708, Osteopathic Healthcare Associates PLLC,https://freida.ama-assn.org/institution/259708,,,,"43650 Garfield Rd, Clinton Township, MI 48038"
303,259133, Pain Care Associates,https://freida.ama-assn.org/institution/259133,,,,"799 Denison Court, Bloomfield Hills, MI 48302"
304,259107, Paragon Health PC,https://freida.ama-assn.org/institution/259107,,,,"2318 Gull Rd, Kalamazoo, MI 49048"
305,259533, Parchment Family Practice PC,https://freida.ama-assn.org/institution/259533,,,,"2350 E G Ave, Parchment, MI 49004"
306,259795, Park Family Medical Center,https://freida.ama-assn.org/institution/259795,,,,"15200 Gratiot Ave, Detroit, MI 48205"
307,259517, Parkway Plastic Surgery,https://freida.ama-assn.org/institution/259517,,,,"575 W Crosstown Pkwy, Kalamazoo, MI 49008"
308,259628, Pediatric and Adolescent Medicine,https://freida.ama-assn.org/institution/259628,,,,"907 E Tinkham Ave, Ludington, MI 49431"
309,258403, Pennock Hospital,https://freida.ama-assn.org/institution/258403,,,,"1009 W Green St, Hastings, MI 49058"
310,259617, Phoenix Group,https://freida.ama-assn.org/institution/259617,,,,"22255 Greenfield Rd, Southfield, MI 48075"
311,259597, Pillay Internal Medicine Associates PLLC,https://freida.ama-assn.org/institution/259597,,,,"100 Eagle Pond Dr, Walled Lake, MI 48390"
312,250544, Pine Rest Christian Hospital,https://freida.ama-assn.org/institution/250544,,,,"300 68th St SE, Grand Rapids, MI 49501-0165"
313,259109, Pine Rest Christian Mental Health Services,https://freida.ama-assn.org/institution/259109,,['California Northstate Univ Coll of Med'],['Pacific Northwest Univ of Health Sciences Coll of Osteopathic Med'],"300 68th St SE, Grand Rapids, MI 49501"
314,259105, Pinkus Dermatopathology Laboratory,https://freida.ama-assn.org/institution/259105,,,,"1314 N Macomb St, Monroe, MI 48162"
315,250039, Pittsfield Township Fire Department,https://freida.ama-assn.org/institution/250039,,,,"6227 W Michigan Ave, Ann Arbor, MI 48108"
316,250136, Planned Parenthood of Michigan,https://freida.ama-assn.org/institution/250136,,,,"950 Victors Way, Ann Arbor, MI 48108"
317,259563, Premier Surgical Center,https://freida.ama-assn.org/institution/259563,,,,"43475 Dalcoma Dr, Clinton Township, MI 48038"
318,259519, ProMedica Monroe Regional Hospital,https://freida.ama-assn.org/institution/259519,,,"['Michigan State Univ Coll of Osteopathic Med', 'Michigan State Univ Coll of Osteopathic Med-Detroit', 'Michigan State Univ Coll of Osteopathic Med-Macomb']","718 N Macomb St, Monroe, MI 48162"
319,259599, Providence-West Oakland Internists,https://freida.ama-assn.org/institution/259599,,,,"44000 W 12 Mile Rd, Novi, MI 48377"
320,250021, Psychiatric Services of Grosse Pointe,https://freida.ama-assn.org/institution/250021,,,,"131 Kercheval Ave, Grosse Pointe, MI 48236"
321,250045, Pulmonary and Critical Care Associates Sleep Laboratory,https://freida.ama-assn.org/institution/250045,,,,"75 Barclay Cir, Rochester Hills, MI 48307"
322,259693, Quality Behavioral Health,https://freida.ama-assn.org/institution/259693,,,,"751 E Grand Blvd, Detroit, MI 48207"
323,259119, Redford Union Schools-Beck Education Center,https://freida.ama-assn.org/institution/259119,,,,"27100 Bennett, Redford, MI 48240"
324,250210, Rehabilitation Institute,https://freida.ama-assn.org/institution/250210,['Wayne State Univ Sch of Med'],['Kansas City Univ of Med and Biosciences Coll of Osteopathic Med'],,"261 Mack Blvd, Detroit, MI 48201"
325,259053, Rehabilitation Physician PC Infinity,https://freida.ama-assn.org/institution/259053,,,,"28455 Haggerty Rd, Novi, MI 48377"
326,259721, Rochester Dermatology Clinic PC,https://freida.ama-assn.org/institution/259721,,,,"405 Barclay Circle, Rochester Hills, MI 48307"
327,259679, Rochester General Surgery PLC,https://freida.ama-assn.org/institution/259679,,,,"75 Barclay Cir, Rochester Hills, MI 48307"
328,259031, Ronald VanderLugt MD Office,https://freida.ama-assn.org/institution/259031,,,,"1717 Shaffer Rd, Kalamazoo, MI 49048"
329,259636, RTH Plastic Surgery,https://freida.ama-assn.org/institution/259636,,,,"31100 Telegraph Rd, Bingham Farms, MI 48025"
330,259758, S J Aquino MD-IM/RMO,https://freida.ama-assn.org/institution/259758,,Kansas City Univ of Med and Biosciences Coll of Osteopathic Med,,"7633 E Jefferson Ave, Detroit, MI 48214"
331,259546, Saginaw County Community Mental Health Authority,https://freida.ama-assn.org/institution/259546,Central Michigan Univ Coll of Med,,,"500 Hancock St, Saginaw, MI 48602"
332,258010, Saginaw Urology Program,https://freida.ama-assn.org/institution/258010,,,,"3406 Davenport Ave, Saginaw, MI 48602"
333,250165, Samaritan Health Center-Mercy Hospital,https://freida.ama-assn.org/institution/250165,,,,"5555 Conner Ave, Detroit, MI 48213"
334,259120, Schoolcraft College Children's Center,https://freida.ama-assn.org/institution/259120,,,,"18600 Haggerty Rd, Livonia, MI 48152"
335,259785, Scotsdale Women's Center,https://freida.ama-assn.org/institution/259785,,,,"19305 W Seven Mile Rd, Detroit, MI 48219"
336,259793, Select Specialty Hospital-Spectrum Health,https://freida.ama-assn.org/institution/259793,,,,"1840 Wealthy St SE, Grand Rapids, MI 49503"
337,259745, Senior Care Partners PACE-Kalamazoo,https://freida.ama-assn.org/institution/259745,,,,"445 W Michigan Ave, Kalamazoo, MI 49007"
338,259674, Sikorski Dermatology and Vein Clinic,https://freida.ama-assn.org/institution/259674,,,,"1900 S Telegraph Rd, Bloomfield Hills, MI 48302"
339,250291, Sinai-Grace Hospital,https://freida.ama-assn.org/institution/250291,"['Wayne State Univ Sch of Med', 'Michigan State Univ Coll of Osteopathic Med', 'Michigan State Univ Coll of Osteopathic Med-Detroit', 'Michigan State Univ Coll of Osteopathic Med-Macomb']","['Midwestern Univ Arizona Coll of Osteopathic Med', 'Kansas City Univ of Med and Biosciences Coll of Osteopathic Med']",['Pacific Northwest Univ of Health Sciences Coll of Osteopathic Med'],"6071 W Outer Dr, Detroit, MI 48235"
340,250114, Sinai-Grace Hospital (Sinai Campus),https://freida.ama-assn.org/institution/250114,,,,"6767 W Outer Dr, Detroit, MI 48235-2899"
341,259676, Skin & Vein Center,https://freida.ama-assn.org/institution/259676,,,,"44056 Mound Rd, Sterling Heights, MI 48314"
342,259717, Somerset Skin Center,https://freida.ama-assn.org/institution/259717,,,,"255 Kirts Blvd, Troy, MI 48084"
343,258008, South Haven Community Hospital,https://freida.ama-assn.org/institution/258008,,,,"955 S Bailey Ave, South Haven, MI 49090"
344,259573, Southern Michigan ENT PC,https://freida.ama-assn.org/institution/259573,,,,"3600 Capital Ave SW, Battle Creek, MI 49015"
345,259097, Southwest Regional Rehabilitation Center,https://freida.ama-assn.org/institution/259097,,,,"393 E Roosevelt Ave, Battle Creek, MI 49017"
346,259032, Southwestern Michigan Emergency Services PC,https://freida.ama-assn.org/institution/259032,,,,"1850 Whites Rd, Kalamazoo, MI 49008"
347,250290, Sparrow Hospital,https://freida.ama-assn.org/institution/250290,"['Michigan State Univ Coll of Human Med', 'Michigan State Univ Coll of Osteopathic Med', 'Michigan State Univ Coll of Osteopathic Med-Detroit', 'Michigan State Univ Coll of Osteopathic Med-Macomb']","['Midwestern Univ Arizona Coll of Osteopathic Med', 'Kansas City Univ of Med and Biosciences Coll of Osteopathic Med']",['Pacific Northwest Univ of Health Sciences Coll of Osteopathic Med'],"1215 E Michigan Ave, Lansing, MI 48909-7980"
348,259764, Specialists in Rehabilitation Medicine PC,https://freida.ama-assn.org/institution/259764,,,,"1135 W University Dr, Rochester, MI 48307"
349,259588, Spectrum Health Lakeland,https://freida.ama-assn.org/institution/259588,"['Michigan State Univ Coll of Osteopathic Med', 'Michigan State Univ Coll of Osteopathic Med-Detroit', 'Michigan State Univ Coll of Osteopathic Med-Macomb', 'Central Michigan Univ Coll of Med']","['Burrell Coll of Osteopathic Med', 'Lincoln Memorial Univ DeBusk Coll of Osteopathic Med']",['Pacific Northwest Univ of Health Sciences Coll of Osteopathic Med'],"1234 Napier Ave, St Joseph, MI 49085"
350,250395, Spectrum Health-Blodgett Hospital,https://freida.ama-assn.org/institution/250395,['Michigan State Univ Coll of Human Med'],,['Central Michigan Univ Coll of Med'],"1840 Wealthy St SE, Grand Rapids, MI 49506"
351,250341, Spectrum Health-Butterworth Hospital,https://freida.ama-assn.org/institution/250341,['Michigan State Univ Coll of Human Med'],,['Central Michigan Univ Coll of Med'],"100 Michigan St NE, Grand Rapids, MI 49503"
352,259520, Spectrum Health-Gerber Memorial Hospital,https://freida.ama-assn.org/institution/259520,,Univ of California Davis Sch of Med,,"212 S Sullivan Ave, Fremont, MI 49412"
353,259074, Spectrum Health-Helen DeVos Children's Hospital,https://freida.ama-assn.org/institution/259074,,,Central Michigan Univ Coll of Med,"100 Michigan Ave NE, Grand Rapids, MI 49503"
354,259737, Spectrum Health-United Hospital,https://freida.ama-assn.org/institution/259737,,,,"615 S Bower Dr, Greenville, MI 48838"
355,259590, Spectrum Health/Michigan State University,https://freida.ama-assn.org/institution/259590,,"['West Virginia Sch of Osteopathic Med', 'California Northstate Univ Coll of Med', 'Lincoln Memorial Univ DeBusk Coll of Osteopathic Med']",['Wayne State Univ Sch of Med'],"648 Monroe Ave NW, Grand Rapids, MI 49503"
356,259686, St Clair Orthopedics and Sports Medicine PC,https://freida.ama-assn.org/institution/259686,,,,"23829 Little Mack Ave, St Clair Shores, MI 48080"
357,250710, St John River District Hospital,https://freida.ama-assn.org/institution/250710,,,,"4100 River Rd, East China, MI 48054"
358,259744, St Joseph Mercy Home Care and Hospice,https://freida.ama-assn.org/institution/259744,,,,"3075 Clark Rd, Ypsilanti, MI 48197"
359,250478, St Joseph Mercy-Oakland,https://freida.ama-assn.org/institution/250478,"['Wayne State Univ Sch of Med', 'Michigan State Univ Coll of Osteopathic Med', 'Michigan State Univ Coll of Osteopathic Med-Detroit', 'Michigan State Univ Coll of Osteopathic Med-Macomb']","['Midwestern Univ Arizona Coll of Osteopathic Med', 'George Washington Univ Sch of Med and Health Sci', 'Kansas City Univ of Med and Biosciences Coll of Osteopathic Med']",['Pacific Northwest Univ of Health Sciences Coll of Osteopathic Med'],"44405 Woodward Ave, Pontiac, MI 48341-2985"
360,250182, St Lawrence Hospital and HealthCare Services,https://freida.ama-assn.org/institution/250182,,,,"1210 W Saginaw St, Lansing, MI 48915-1999"
361,259080, St Mary Mercy Subspecialty Physicians' Offices (Aggregate),https://freida.ama-assn.org/institution/259080,,,,"36475 Five Mile Rd, Livonia, MI 48154"
362,259073, St Vincent Home for Children,https://freida.ama-assn.org/institution/259073,,,Michigan State Univ Coll of Human Med,"2800 W Willow, Lansing, MI 48917"
363,250013, StoneCrest Center,https://freida.ama-assn.org/institution/250013,,,,"15000 Gratiot Ave, Detroit, MI 48205"
364,259118, Surgeons Choice Medical Center,https://freida.ama-assn.org/institution/259118,,,,"22401 Foster Winter Dr, Southfield, MI 48075"
365,259046, Surgical Group of Southwest Michigan PC,https://freida.ama-assn.org/institution/259046,,,,"1535 Gull Rd, Kalamazoo, MI 49048"
366,250086, Surgical Institute of Michigan,https://freida.ama-assn.org/institution/250086,,,,"33545 Cherry Hill Rd, Westland, MI 48186"
367,259626, Thabet Abbaran MD-Ear Nose & Throat Office,https://freida.ama-assn.org/institution/259626,,,,"6001 W Outer Dr, Detroit, MI 48235"
368,259613, Theodore A Golden MD-Facial Plastic Surgery Office,https://freida.ama-assn.org/institution/259613,,,,"525 E Big Beaver Rd, Troy, MI 48083"
369,250487, Trinity Health Ann Arbor Hospital,https://freida.ama-assn.org/institution/250487,"['Lake Erie Coll of Osteopathic Med-Bradenton', 'Univ of Michigan Med Sch', 'Michigan State Univ Coll of Osteopathic Med', 'Michigan State Univ Coll of Osteopathic Med-Detroit', 'Michigan State Univ Coll of Osteopathic Med-Macomb', 'Univ of Toledo Coll of Med and Life Sciences']","['Midwestern Univ Arizona Coll of Osteopathic Med', 'Des Moines Univ Coll of Osteopathic Med', 'Kansas City Univ of Med and Biosciences Coll of Osteopathic Med', 'West Virginia Sch of Osteopathic Med', 'Lincoln Memorial Univ DeBusk Coll of Osteopathic Med']",,"5301 E Huron River Dr, Ann Arbor, MI 48106-2172"
370,250473, Trinity Health Grand Rapids,https://freida.ama-assn.org/institution/250473,Michigan State Univ Coll of Human Med,,,"200 Jefferson Ave SE, Grand Rapids, MI 49503"
371,259017, Trinity Health Livingston Hospital,https://freida.ama-assn.org/institution/259017,"['Michigan State Univ Coll of Osteopathic Med', 'Michigan State Univ Coll of Osteopathic Med-Detroit', 'Michigan State Univ Coll of Osteopathic Med-Macomb']","['Michigan State Univ Coll of Human Med', 'Kansas City Univ of Med and Biosciences Coll of Osteopathic Med', 'West Virginia Sch of Osteopathic Med']",,"620 Byron Rd, Howell, MI 48843"
372,259077, Trinity Health Livonia Hospital,https://freida.ama-assn.org/institution/259077,,"['Midwestern Univ Arizona Coll of Osteopathic Med', 'Kansas City Univ of Med and Biosciences Coll of Osteopathic Med', 'West Virginia Sch of Osteopathic Med', 'Lincoln Memorial Univ DeBusk Coll of Osteopathic Med']","['Michigan State Univ Coll of Osteopathic Med', 'Michigan State Univ Coll of Osteopathic Med-Detroit', 'Michigan State Univ Coll of Osteopathic Med-Macomb', 'Pacific Northwest Univ of Health Sciences Coll of Osteopathic Med']","36475 Five Mile Rd, Livonia, MI 48154"
373,259589, Trinity Health Muskegon,https://freida.ama-assn.org/institution/259589,"['Michigan State Univ Coll of Osteopathic Med', 'Michigan State Univ Coll of Osteopathic Med-Detroit', 'Michigan State Univ Coll of Osteopathic Med-Macomb']","['Midwestern Univ Arizona Coll of Osteopathic Med', 'West Virginia Sch of Osteopathic Med', 'Lincoln Memorial Univ DeBusk Coll of Osteopathic Med']",['Pacific Northwest Univ of Health Sciences Coll of Osteopathic Med'],"1675 Leahy, Muskegon, MI 49442"
374,250549, U P Health System-Marquette,https://freida.ama-assn.org/institution/250549,"['Michigan State Univ Coll of Human Med', 'Lake Erie Coll of Osteopathic Med-Erie']","['Burrell Coll of Osteopathic Med', 'Lincoln Memorial Univ DeBusk Coll of Osteopathic Med']",,"420 W Magnetic St, Marquette, MI 49855-2794"
375,259560, UnaSource Surgery Center LLC,https://freida.ama-assn.org/institution/259560,,,,"4550 Investment Dr, Troy, MI 48098"
376,259557, University of Michigan Health-West,https://freida.ama-assn.org/institution/259557,"['Michigan State Univ Coll of Osteopathic Med', 'Michigan State Univ Coll of Osteopathic Med-Detroit', 'Michigan State Univ Coll of Osteopathic Med-Macomb']","['Midwestern Univ Arizona Coll of Osteopathic Med', 'Michigan State Univ Coll of Human Med', 'Kansas City Univ of Med and Biosciences Coll of Osteopathic Med', 'West Virginia Sch of Osteopathic Med', 'Lincoln Memorial Univ DeBusk Coll of Osteopathic Med']",['Pacific Northwest Univ of Health Sciences Coll of Osteopathic Med'],"5900 Byron Center Ave SW, Wyoming, MI 49519"
377,250526, University of Michigan School of Public Health,https://freida.ama-assn.org/institution/250526,,,,"1415 Washington Heights, Ann Arbor, MI 48109"
378,259547, University of Michigan-Von Voigtlander Women's Hospital,https://freida.ama-assn.org/institution/259547,,,,"1540 E Hospital Dr, Ann Arbor, MI 48109"
379,258413, University of Michigan/CS Mott Childrens Hospital,https://freida.ama-assn.org/institution/258413,,,,"1505 Simpson St, Ann Arbor, MI 48109"
380,259638, University Physician Group Pain Medicine Services,https://freida.ama-assn.org/institution/259638,,,,"1560 E Maple Rd, Troy, MI 48083"
381,259020, University Psychiatric Centers,https://freida.ama-assn.org/institution/259020,,,,"2751 E Jefferson, Detroit, MI 48207"
382,259095, University Psychiatric Centers (Livonia),https://freida.ama-assn.org/institution/259095,,,,"16836 Newburgh Rd, Livonia, MI 48154"
383,259591, Upper Great Lakes Family Health Center,https://freida.ama-assn.org/institution/259591,,,,"135 E State Hwy M35, Gwinn, MI 49841"
384,259574, Urology Associates of Battle Creek PC,https://freida.ama-assn.org/institution/259574,,,,"4441 Capital Ave SW, Battle Creek, MI 49015"
385,259021, Van Andel Research Institute,https://freida.ama-assn.org/institution/259021,,,,"333 Bostwick Ave NE, Grand Rapids, MI 49503"
386,259741, Vasaio Life Spa,https://freida.ama-assn.org/institution/259741,,,,"1100 E Paris Ave SE, Grand Rapids, MI 49546"
387,250498, Veterans Affairs Medical Center (Ann Arbor),https://freida.ama-assn.org/institution/250498,Univ of Michigan Med Sch,,,"2215 Fuller Rd, Ann Arbor, MI 48105"
388,250108, Veterans Affairs Medical Center (Detroit),https://freida.ama-assn.org/institution/250108,Wayne State Univ Sch of Med,,,"4646 John R St, Detroit, MI 48201-1932"
389,250529, Veterans Affairs Medical Center (Saginaw),https://freida.ama-assn.org/institution/250529,Central Michigan Univ Coll of Med,,,"1500 Weiss St, Saginaw, MI 48602"
390,259759, Victory Clinic,https://freida.ama-assn.org/institution/259759,,,Central Michigan Univ Coll of Med,"401 Howard St, Kalamazoo, MI 49001"
391,259049, Village of East Harbor,https://freida.ama-assn.org/institution/259049,,,,"33875 Kiely Dr, Chesterfield, MI 48047"
392,259534, Vision Eye Care,https://freida.ama-assn.org/institution/259534,,,,"123 S Westnedge Ave, Kalamazoo, MI 49007"
393,258005, Walter P Reuther Psychiatric Hospital,https://freida.ama-assn.org/institution/258005,,,,"30901 Palmer Rd, Westland, MI 48185"
394,250038, Washtenaw County Hazardous Materials Response Authority,https://freida.ama-assn.org/institution/250038,,,,"2201 Hogback Rd, Ann Arbor, MI 48105"
395,250037, Washtenaw County Technical Rescue Team,https://freida.ama-assn.org/institution/250037,,,,"525 W Michigan Ave, Ypsilanti, MI 48197"
396,250033, Washtenaw/Livingston Medical Control Authority,https://freida.ama-assn.org/institution/250033,,,,"2201 Hogback Rd, Ann Arbor, MI 48113"
397,259789, Wayne County Health Veterans and Community Wellness,https://freida.ama-assn.org/institution/259789,,,,"33030 Van Born Rd, Wayne, MI 48184"
398,259121, Wayne County Juvenile Detention Facility,https://freida.ama-assn.org/institution/259121,,,,"1326 St Antoine, Detroit, MI 48226"
399,250520, Wayne County Medical Examiner's Office,https://freida.ama-assn.org/institution/250520,,,,"1300 E Warren, Detroit, MI 48207"
400,259086, Wayne County TB Clinic,https://freida.ama-assn.org/institution/259086,,,,"2001 Merriman, Westland, MI 48186"
401,259756, Wayne State University Physician Group Ob/Gyn Southfield,https://freida.ama-assn.org/institution/259756,,,,"26400 W 12 Mile Rd, Southfield, MI 48034"
402,259504, Wayne State University School of Medicine,https://freida.ama-assn.org/institution/259504,Wayne State Univ Sch of Med,,,"540 E Canfield, Detroit, MI 48201"
403,259501, Wayne State University/Detroit Medical Center,https://freida.ama-assn.org/institution/259501,['Wayne State Univ Sch of Med'],"['Univ of Michigan Med Sch', 'Michigan State Univ Coll of Human Med']",,"4201 St Antoine Blvd, Detroit, MI 48201-2403"
404,259645, Wedgwood Christian Services,https://freida.ama-assn.org/institution/259645,,,,"3300 36th St Se, Grand Rapids, MI 49512"
405,259096, Weisberg Cancer Treatment Center,https://freida.ama-assn.org/institution/259096,,,,"31995 Northwestern Hwy, Farmington Hills, MI 48334"
406,250010, Wellness Center at McKenny,https://freida.ama-assn.org/institution/250010,,,,"19780 Burt Rd, Detroit, MI 48219"
407,259541, West Michigan Air Care,https://freida.ama-assn.org/institution/259541,,,,"7 Healthcare Plaza, Kalamazoo, MI 49007"
408,259748, West Michigan Comprehensive Treatment Center,https://freida.ama-assn.org/institution/259748,,,,"3584 Fairlanes Ave, Grandville, MI 49418"
409,259108, Western Michigan University College of Engineering,https://freida.ama-assn.org/institution/259108,,,,"G-215 Parkview Campus, Kalamazoo, MI 49006"
410,259064, Western Michigan University Department of Biological Sciences,https://freida.ama-assn.org/institution/259064,,,,"3159 Hoenicke Hall, Kalamazoo, MI 49008"
411,250538, Western Michigan University Homer Stryker MD School of Medicine,https://freida.ama-assn.org/institution/250538,,,,"1000 Oakland Dr, Kalamazoo, MI 49008"
412,259018, Western Michigan University Sindecuse Health Center,https://freida.ama-assn.org/institution/259018,,,,"1903 W Michigan Ave, Kalamazoo, MI 49008"
413,258404, Western Michigan University Unified Clinics,https://freida.ama-assn.org/institution/258404,,West Virginia Sch of Osteopathic Med,,"1000 Oakland Dr, Kalamazoo, MI 49008"
414,259630, Western Wayne Family Health Centers,https://freida.ama-assn.org/institution/259630,,,,"25650 W Outer Dr, Lincoln Park, MI 48146"
415,259801, Westlund Guidance Clinic,https://freida.ama-assn.org/institution/259801,,,Central Michigan Univ Coll of Med,"3253 Congress Ave, Saginaw, MI 48602"
416,259090, Willowbrook Manor Nursing Home,https://freida.ama-assn.org/institution/259090,,,,"G-4436 Beecher Rd, Flint, MI 48532"
417,259733, Woodland Center Correctional Facility,https://freida.ama-assn.org/institution/259733,,,,"9036 E M-36, Whitmore Lake, MI 48189"
418,259131, Wright & Filippis Inc,https://freida.ama-assn.org/institution/259131,,,,"261 Mack Ave, Detroit, MI 48201"
419,259548, WSU Tolan Park Medical Building,https://freida.ama-assn.org/institution/259548,,,,"3901 Chrysler Service Dr, Detroit, MI 48201"
420,259515, WSUPG General Medical Academic Practice,https://freida.ama-assn.org/institution/259515,,,,"1560 E Maple Rd, Troy, MI 48083"
421,259767, Wyandotte Eye Clinic,https://freida.ama-assn.org/institution/259767,,,,"100 Oak St, Wyandotte, MI 48192"
