,AMC_No,AMC_Name,URLS,Affiliation_Major,Affiliation_Limited,Affiliation_Graduate,Medical_Center_Address
0,308016, American Red Cross Midwest Region Blood Services,https://freida.ama-assn.org/institution/308016,,Creighton Univ Sch of Med,,"3838 Dewey Ave, Omaha, NE 68105"
1,300005, Baart Community Healthcare-Omaha,https://freida.ama-assn.org/institution/300005,,,,"1941 S 42nd St, Omaha, NE 68105"
2,308025, Bellevue Medical Center,https://freida.ama-assn.org/institution/308025,,['Creighton Univ Sch of Med'],['Univ of Nebraska Coll of Med'],"2500 Bellevue Medical Center Dr, Bellevue, NE 68123"
3,300030, Bellevue Physical Therapy Associates,https://freida.ama-assn.org/institution/300030,,,,"2403 Town Centre Dr, Bellevue, NE 68123"
4,309511, Boone County Health Center,https://freida.ama-assn.org/institution/309511,,Univ of Nebraska Coll of Med,,"723 W Fairview St, Albion, NE 68620"
5,309525, Box Butte General Hospital,https://freida.ama-assn.org/institution/309525,,,,"2101 Box Butte Ave, Alliance, NE 69301"
6,308003, Boys Town National Research Hospital,https://freida.ama-assn.org/institution/308003,,['Creighton Univ Sch of Med'],['Univ of Nebraska Coll of Med'],"555 N 30th St, Omaha, NE 68131"
7,300329, Bryan Health Medical Center East,https://freida.ama-assn.org/institution/300329,,Kansas City Univ of Med and Biosciences Coll of Osteopathic Med,,"1600 S 48th St, Lincoln, NE 68506"
8,300332, Bryan Health Medical Center West,https://freida.ama-assn.org/institution/300332,,,,"2300 S 16th St, Lincoln, NE 68502"
9,309508, Butler County Health Care Center,https://freida.ama-assn.org/institution/309508,,,,"372 S 9th St, David City, NE 68632"
10,308021, Central Plains ENT PC,https://freida.ama-assn.org/institution/308021,,,,"8005 Farnam St, Omaha, NE 68114"
11,300007, Charles Drew Health Center,https://freida.ama-assn.org/institution/300007,,,,"2915 Grant St, Omaha, NE 68111"
12,300709, CHI Health Creighton University Medical Center,https://freida.ama-assn.org/institution/300709,Creighton Univ Sch of Med,,,"601 N 30th St, Omaha, NE 68131-2197"
13,300452, CHI Health Creighton University Medical Center-Bergan Mercy,https://freida.ama-assn.org/institution/300452,['Creighton Univ Sch of Med'],"['Univ of Nebraska Coll of Med', 'Lincoln Memorial Univ DeBusk Coll of Osteopathic Med']",,"7500 Mercy Rd, Omaha, NE 68124"
14,307004, CHI Health Good Samaritan,https://freida.ama-assn.org/institution/307004,,Univ of Nebraska Coll of Med,,"31st St & Central Ave, Kearney, NE 68848"
15,300365, CHI Health Immanuel,https://freida.ama-assn.org/institution/300365,['Creighton Univ Sch of Med'],['Univ of Nebraska Coll of Med'],,"6901 N 72nd St, Omaha, NE 68122"
16,309512, CHI Health Laboratory,https://freida.ama-assn.org/institution/309512,,Creighton Univ Sch of Med,,"4955 F St, Omaha, NE 68117"
17,309521, CHI Health Lakeside,https://freida.ama-assn.org/institution/309521,,Creighton Univ Sch of Med,,"16901 Lakeside Hills Ct, Omaha, NE 68130"
18,308008, CHI Health Midlands,https://freida.ama-assn.org/institution/308008,,Creighton Univ Sch of Med,,"11111 S 84th St, Papillion, NE 68046"
19,308012, CHI Health Psychiatric Associates-Dodge Street,https://freida.ama-assn.org/institution/308012,Creighton Univ Sch of Med,,,"3528 Dodge St, Omaha, NE 68131"
20,300278, CHI Health St Elizabeth,https://freida.ama-assn.org/institution/300278,,Creighton Univ Sch of Med,,"555 S 70th St, Lincoln, NE 68510"
21,300390, Children's Hospital & Medical Center,https://freida.ama-assn.org/institution/300390,"['Univ of Nebraska Coll of Med', 'Creighton Univ Sch of Med']",,,"8301 Dodge St, Omaha, NE 68114-4199"
22,309516, Colon and Rectal Surgery Inc,https://freida.ama-assn.org/institution/309516,,Creighton Univ Sch of Med,,"9850 Nicholas St, Omaha, NE 68114"
23,300004, Community Alliance,https://freida.ama-assn.org/institution/300004,,Creighton Univ Sch of Med,,"4001 Leavenworth St, Omaha, NE 68105"
24,309502, Creighton University School of Medicine,https://freida.ama-assn.org/institution/309502,,,Pacific Northwest Univ of Health Sciences Coll of Osteopathic Med,"2500 California Plaza, Omaha, NE 68178"
25,308019, Douglas County Coroner's Office,https://freida.ama-assn.org/institution/308019,,Creighton Univ Sch of Med,,"1819 Farnam St, Omaha, NE 68183"
26,300458, Douglas County Health Center,https://freida.ama-assn.org/institution/300458,,Univ of Nebraska Coll of Med,,"4102 Woolworth Ave, Omaha, NE 68105"
27,300708, Ehrling Bergquist Clinic (55th Medical Group),https://freida.ama-assn.org/institution/300708,['Uniformed Services Univ of the Hlth Sci F Edward Hebert Sch of Med'],['Midwestern Univ Arizona Coll of Osteopathic Med'],['Univ of Nebraska Coll of Med'],"2501 Capehart Rd, Offutt AFB, NE 68113-2160"
28,308006, Faith Regional Health Services,https://freida.ama-assn.org/institution/308006,,Univ of Nebraska Coll of Med,,"2700 Norfolk Ave, Norfolk, NE 68702-0869"
29,309517, Fremont Health,https://freida.ama-assn.org/institution/309517,,"['Univ of Nebraska Coll of Med', 'Kansas City Univ of Med and Biosciences Coll of Osteopathic Med']",,"450 E 23rd St, Fremont, NE 68025"
30,309523, Fresenius Medical Care Nebraska Home Dialysis,https://freida.ama-assn.org/institution/309523,,,,"2916 S 84th St, Omaha, NE 68124"
31,308015, Fresenius Medical Care-RAI Care Center (Ames),https://freida.ama-assn.org/institution/308015,,,,"5084 Ames Ave, Omaha, NE 68104"
32,308018, Fresenius Medical Care-RAI Care Center (Center Street),https://freida.ama-assn.org/institution/308018,,,,"4411 Center St, Omaha, NE 68105"
33,308004, Great Plains Regional Medical Center,https://freida.ama-assn.org/institution/308004,,Univ of Nebraska Coll of Med,,"601 W Leota St, North Platte, NE 69103"
34,309510, Heartland Center for Reproductive Medicine,https://freida.ama-assn.org/institution/309510,,,,"7308 S 142nd St, Omaham, NE 68138"
35,300009, Hillcrest Health Services,https://freida.ama-assn.org/institution/300009,,,,"1902 Harlan Dr, Bellevue, NE 68005"
36,308023, Lasting Hope Recovery Center,https://freida.ama-assn.org/institution/308023,Creighton Univ Sch of Med,,,"415 South 25th Ave, Omaha, NE 68131"
37,309518, Lexington Regional Health Center,https://freida.ama-assn.org/institution/309518,,Univ of Nebraska Coll of Med,,"1201 N Erie St, Lexington, NE 68850"
38,300706, Lincoln Medical Education Partnership,https://freida.ama-assn.org/institution/300706,,Kansas City Univ of Med and Biosciences Coll of Osteopathic Med,,"4600 Valley Rd, Lincoln, NE 68510-4891"
39,309528, Madonna Rehabilitation Hospitals-Lincoln,https://freida.ama-assn.org/institution/309528,,['Kansas City Univ of Med and Biosciences Coll of Osteopathic Med'],['Univ of Nebraska Coll of Med'],"5401 South St, Lincoln, NE 68506"
40,309527, Madonna Rehabilitation Hospitals-Omaha,https://freida.ama-assn.org/institution/309527,,,Univ of Nebraska Coll of Med,"17500 Burke St, Omaha, NE 68118"
41,309520, Mary Lanning Hospital,https://freida.ama-assn.org/institution/309520,,"['Univ of Nebraska Coll of Med', 'Kansas City Univ of Med and Biosciences Coll of Osteopathic Med']",,"715 N St Joseph Ave, Hastings, NE 68901"
42,309507, Midwest Gyn Oncology,https://freida.ama-assn.org/institution/309507,,,Creighton Univ Sch of Med,"8303 Dodge St, Omaha, NE 68114"
43,308022, Midwest Surgical Hospital,https://freida.ama-assn.org/institution/308022,,,,"7915 Farnam St, Omaha, NE 68114"
44,309504, Munroe Meyer Institute,https://freida.ama-assn.org/institution/309504,,Univ of Nebraska Coll of Med,,"444 S 44th St, Omaha, NE 68105"
45,309513, Munroe Meyer Institute Human Genetics Laboratory,https://freida.ama-assn.org/institution/309513,,Creighton Univ Sch of Med,,"4420 Durham Research Plaza, Omaha, NE 68198"
46,300453, Nebraska Medical Center,https://freida.ama-assn.org/institution/300453,['Univ of Nebraska Coll of Med'],,['Creighton Univ Sch of Med'],"987400 Nebraska Med Ctr, Omaha, NE 68198-7400"
47,308007, Nebraska Medical Center Psychiatry Clinic,https://freida.ama-assn.org/institution/308007,,Creighton Univ Sch of Med,,"515 S 26st St, Omaha, NE 68105"
48,300294, Nebraska Methodist Hospital,https://freida.ama-assn.org/institution/300294,['Univ of Nebraska Coll of Med'],"['Creighton Univ Sch of Med', 'Midwestern Univ Arizona Coll of Osteopathic Med']",,"8303 Dodge St, Omaha, NE 68114"
49,308013, Nebraska Orthopedic Hospital,https://freida.ama-assn.org/institution/308013,,,Univ of Nebraska Coll of Med,"2808 S 143rd Ave, Omaha, NE 68144"
50,308024, Nebraska Women's Hospital,https://freida.ama-assn.org/institution/308024,,"['Univ of Nebraska Coll of Med', 'Creighton Univ Sch of Med']",,"707 N 190th Plaza, Omaha, NE 68022"
51,300035, Omaha Lancers Hockey Club,https://freida.ama-assn.org/institution/300035,,,,"7300 Q St, Ralston, NE 68127"
52,300034, Papillion-LaVista High School Athletics,https://freida.ama-assn.org/institution/300034,,,,"402 E Centennial Rd, Papillion, NE 68046"
53,300033, Papillion-LaVista South High School,https://freida.ama-assn.org/institution/300033,,,,"10799 NE-370, Papillion, NE 68046"
54,309529, Planned Parenthood of the Heartland,https://freida.ama-assn.org/institution/309529,,,,"3105 N 93rd St, Omaha, NE 68134"
55,308005, Regional West Medical Center,https://freida.ama-assn.org/institution/308005,,"['Univ of Nebraska Coll of Med', 'Kansas City Univ of Med and Biosciences Coll of Osteopathic Med']",,"4021 Ave B, Scottsbluff, NE 69361-4695"
56,309509, Sidney Regional Medical Center,https://freida.ama-assn.org/institution/309509,,,,"645 Osage St, Sidney, NE 69162"
57,307009, St Francis Medical Center (Grand Island),https://freida.ama-assn.org/institution/307009,,Univ of Nebraska Coll of Med,,"2620 W Faidley Ave, Grand Island, NE 68802-9804"
58,300712, St Joseph Center for Mental Health,https://freida.ama-assn.org/institution/300712,,,,"819 Dorcas St, Omaha, NE 68108-1137"
59,309530, St Joseph Villa Nursing and Rehabilitation,https://freida.ama-assn.org/institution/309530,,,,"2305 S 10th St, Omaha, NE 68108"
60,309524, Tabitha Health Care Services,https://freida.ama-assn.org/institution/309524,,,,"4720 Randolph St, Lincoln, NE 68510"
61,309503, The Ambassador-Omaha,https://freida.ama-assn.org/institution/309503,,,,"1540 N 72nd St, Omaha, NE 68114"
62,300031, Union Omaha Soccer Club,https://freida.ama-assn.org/institution/300031,,,,"12356 Ballpark Way, Papillion, NE 68046"
63,300710, University of Nebraska Medical Center College of Medicine,https://freida.ama-assn.org/institution/300710,['Univ of Nebraska Coll of Med'],"['Midwestern Univ Arizona Coll of Osteopathic Med', 'Lincoln Memorial Univ DeBusk Coll of Osteopathic Med']",['Pacific Northwest Univ of Health Sciences Coll of Osteopathic Med'],"984285 Nebraska Med Ctr, Omaha, NE 68198-4285"
64,300036, University of Nebraska Omaha Athletics,https://freida.ama-assn.org/institution/300036,,,,"60001 Didge St, Omaha, NE 68182"
65,300032, UNO Exercise Physiology Lab,https://freida.ama-assn.org/institution/300032,,,,"6001 Dodge St, Omaha, NE 68182"
66,300115, Veterans Affairs Medical Center (Lincoln),https://freida.ama-assn.org/institution/300115,,,,"600 S 70th St, Lincoln, NE 68510-2010"
67,300447, Veterans Affairs Nebraska-Western Iowa Health Care System,https://freida.ama-assn.org/institution/300447,"['Univ of Nebraska Coll of Med', 'Creighton Univ Sch of Med']",,,"4101 Woolworth Ave, Omaha, NE 68105-3012"
68,309505, Village Pointe Cancer Center,https://freida.ama-assn.org/institution/309505,,,,"111 N 17th St, Omaha, NE 68118"
69,309515, Visting Nurse Association of the Midlands,https://freida.ama-assn.org/institution/309515,,,,"12565 W Center Rd, Omaha, NE 68144"
