,AMC_No,AMC_Name,URLS,Affiliation_Major,Affiliation_Limited,Affiliation_Graduate,Medical_Center_Address
0,318123, 215 Surgery Center,https://freida.ama-assn.org/institution/318123,,,Kirk Kerkorian Sch of Med at UNLV,"6120 S Fort Apache Rd, Las Vegas, NV 89148"
1,310069, Academic Dermatology of Nevada,https://freida.ama-assn.org/institution/310069,,,,"2839 St Rose Pkwy, Henderson, NV 89052"
2,318132, Advanced Orthopedics and Sports Medicine,https://freida.ama-assn.org/institution/318132,,,,"8420 W Warm Springs Rd, Las Vegas, NV 89113"
3,310070, Alvin Bay Lin MD-Geriatric Medicine Office,https://freida.ama-assn.org/institution/310070,,,,"5564 S Fort Apache Rd, Las Vegas, NV 89148"
4,318022, Banner Churchill Community Hospital,https://freida.ama-assn.org/institution/318022,,,,"801 E Williams Ave, Fallon, NV 89406"
5,318119, Birth Control Care Center,https://freida.ama-assn.org/institution/318119,,,Kirk Kerkorian Sch of Med at UNLV,"872 E Sahara Ave, Las Vegas, NV 89104"
6,318093, Bud A West MD Ltd,https://freida.ama-assn.org/institution/318093,,,,"343 Elm St, Reno, NV 89503"
7,318060, Carson Douglas Surgery Center,https://freida.ama-assn.org/institution/318060,,,,"973 Mica Dr, Carson City, NV 89705"
8,318049, Carson Valley Medical Center,https://freida.ama-assn.org/institution/318049,,,,"1107 Hwy 395 N, Gardnerville, NV 89410"
9,318068, Centennial Hills Hospital Medical Center,https://freida.ama-assn.org/institution/318068,,,Kirk Kerkorian Sch of Med at UNLV,"6900 N Durango Dr, Las Vegas, NV 89149"
10,310029, Center for Behavioral Health-Desert Inn,https://freida.ama-assn.org/institution/310029,,,,"3050 E Desert Inn Rd, Las Vegas, NV 89121"
11,318102, Child Neurology Specialists,https://freida.ama-assn.org/institution/318102,,,,"2821 W Horizon Ridge Pkwy, Henderson, NV 89052"
12,310001, Children's Bone and Spine Surgery LLP,https://freida.ama-assn.org/institution/310001,,,Kirk Kerkorian Sch of Med at UNLV,"1525 E Windmill Ln, Las Vegas, NV 89123"
13,310013, Children's Lung Specialists,https://freida.ama-assn.org/institution/310013,,,Kirk Kerkorian Sch of Med at UNLV,"3006 S Maryland Pkwy, Las Vegas, NV 89169"
14,318136, Chronic and Interventional Pain Specialists,https://freida.ama-assn.org/institution/318136,,,,"851 S Rampart Blvd, Las Vegas, NV 89145"
15,318020, Circle of Life Hospice Inc,https://freida.ama-assn.org/institution/318020,,,,"1575 Delucchi Ln, Reno, NV 89506"
16,318015, Clark County Coroner/Medical Examiner,https://freida.ama-assn.org/institution/318015,,,,"1704 Pinto Ln, Las Vegas, NV 89106"
17,318023, Clark County Dearborn Center,https://freida.ama-assn.org/institution/318023,,,,"330 S Casino Center Blvd, Las Vegas, NV 89101"
18,318082, Clark County Department of Juvenile Justice Services,https://freida.ama-assn.org/institution/318082,Univ of Nevada Reno Sch of Med,,,"601 N Pecos Rd, Las Vegas, NV 89101"
19,310101, Cleveland Clinic Lou Ruvo for Brain Health,https://freida.ama-assn.org/institution/310101,,['Univ of Nevada Reno Sch of Med'],['Kirk Kerkorian Sch of Med at UNLV'],"888 W Bonneville Ave, Las Vegas, NV 89106"
20,318134, Collaborative Care Services Inc (Optum),https://freida.ama-assn.org/institution/318134,,,Kirk Kerkorian Sch of Med at UNLV,
21,310009, Complex Care Hospital at Tenaya,https://freida.ama-assn.org/institution/310009,,,,"2500 N Tenaya Way, Las Vegas, NV 89128"
22,318086, Comprehensive Cancer Centers of Nevada,https://freida.ama-assn.org/institution/318086,,,Kirk Kerkorian Sch of Med at UNLV,"400 N Stephanie St, Henderson, NV 89014"
23,318114, Coronado Surgery Center,https://freida.ama-assn.org/institution/318114,,,,"2779 W Horizon Ridge Pkwy, Henderson, NV 89052"
24,318040, Crovetti Orthopaedics and Sports Medicine,https://freida.ama-assn.org/institution/318040,,,,"880 Seven Hills Dr, Henderson, NV 89052"
25,318083, Department of Family Services,https://freida.ama-assn.org/institution/318083,Univ of Nevada Reno Sch of Med,,,"701K N Pecos Rd, Las Vegas, NV 89101"
26,318155, Desert Moon Sleep Lab LLC,https://freida.ama-assn.org/institution/318155,,,,"2121 E Flamingo Rd, Las Vegas, NV 89119"
27,318128, Desert Orthopaedics Center,https://freida.ama-assn.org/institution/318128,,,Kirk Kerkorian Sch of Med at UNLV,"2800 E Desert Inn Rd, Las Vegas, NV 89121"
28,318092, Desert Springs Hospital Medical Center,https://freida.ama-assn.org/institution/318092,,,,"2075 E Flamingo Rd, Las Vegas, NV 89119"
29,310018, Desert View Hospital,https://freida.ama-assn.org/institution/310018,,,,"360 Lola Ln, Pahrump, NV 89048"
30,318145, Desert West Surgery,https://freida.ama-assn.org/institution/318145,,,,"7200 Cathedral Rock Dr, Las Vegas, NV 89128"
31,318024, Desert Willow Treatment Center,https://freida.ama-assn.org/institution/318024,,['Univ of Nevada Reno Sch of Med'],['Kirk Kerkorian Sch of Med at UNLV'],"6171 W Charleston Blvd, Las Vegas, NV 89146"
32,318104, Digestive Associates LLP,https://freida.ama-assn.org/institution/318104,,,Kirk Kerkorian Sch of Med at UNLV,"5440 W Sahara Ave, Las Vegas, NV 89146"
33,310062, Dignity Health Medical Group Henderson Primary Care,https://freida.ama-assn.org/institution/310062,,,,"10001 S Eastern Ave, Henderson, NV 89052"
34,310026, Dignity Health St Rose Dominican Hospitals,https://freida.ama-assn.org/institution/310026,,,,"3001 St Rose Pkwy, Henderson, NV 89052"
35,318141, Dr Ming-Wei Wu Inc,https://freida.ama-assn.org/institution/318141,,,,"3750 S Jones Blvd, Las Vegas, NV 89103"
36,318098, Durango Outpatient Surgery Center,https://freida.ama-assn.org/institution/318098,,,Kirk Kerkorian Sch of Med at UNLV,"8530 W Sunset Rd, Las Vegas, NV 89113"
37,310066, Dynamic Pain Rehabilitation,https://freida.ama-assn.org/institution/310066,,,,"1358 Paseo Verde Pkwy, Henderson, NV 89012"
38,318088, Elko Family Medical and Dental Center,https://freida.ama-assn.org/institution/318088,,,,"762 14th St, Elko, NV 89801"
39,318112, Eye Clinic of Las Vegas,https://freida.ama-assn.org/institution/318112,,,,"3100 N Charleston Blvd, Las Vegas, NV 89102"
40,318113, Family Medicine Specialists,https://freida.ama-assn.org/institution/318113,,,,"3280 N Rainbow Blvd, Las Vegas, NV 89108"
41,318054, Fertility Center of Las Vegas,https://freida.ama-assn.org/institution/318054,,,Kirk Kerkorian Sch of Med at UNLV,"8851 W Sahara Ave, Las Vegas, NV 89117"
42,310007, Flamingo Surgery Center,https://freida.ama-assn.org/institution/310007,,,,"2565 E Flamingo Rd, Las Vegas, NV 89121"
43,310017, Focus Mental Health Solutions,https://freida.ama-assn.org/institution/310017,,,Kirk Kerkorian Sch of Med at UNLV,"3016 W Charleston Blvd, Las Vegas, NV 89102"
44,318116, Great Basin Orthopedics,https://freida.ama-assn.org/institution/318116,,,,"9480 Double Diamond Pkwy, Reno, NV 89521"
45,318121, Gynecologists of Reno,https://freida.ama-assn.org/institution/318121,,,,"6580 S McCarran Blvd, Reno, NV 89509"
46,318140, Hand Center of Nevada,https://freida.ama-assn.org/institution/318140,,,,"8585 S Eastern Ave, Las Vegas, NV 89123"
47,318025, Harmony Healthcare,https://freida.ama-assn.org/institution/318025,,Univ of Nevada Reno Sch of Med,,"1710 W Charleston Blvd, Las Vegas, NV 89102"
48,318133, HCA Healthcare Sunrise Health Graduate Medical Education,https://freida.ama-assn.org/institution/318133,,,Pacific Northwest Univ of Health Sciences Coll of Osteopathic Med,"2360 Corporate Circle, Henderson, NV 89074"
49,318072, Health Access Washoe County (HAWC),https://freida.ama-assn.org/institution/318072,,,,"6490 S McCarran Blvd, Reno, NV 89509"
50,318077, Healthy Minds,https://freida.ama-assn.org/institution/318077,['Univ of Nevada Reno Sch of Med'],,['Kirk Kerkorian Sch of Med at UNLV'],"5516 S Fort Apache Rd, Las Vegas, NV 89148"
51,318154, Henderson Hospital,https://freida.ama-assn.org/institution/318154,,,,"1050 W Galleria Dr, Henderson, NV 89011"
52,318075, Humboldt General Hospital,https://freida.ama-assn.org/institution/318075,,,Kirk Kerkorian Sch of Med at UNLV,"118 E Haskell St, Winnemucca, NV 89445"
53,318038, Incline Village Community Hospital,https://freida.ama-assn.org/institution/318038,,,,"880 Alder Ave, Incline Village, NV 89451"
54,318058, Infinity Hospice Care,https://freida.ama-assn.org/institution/318058,,,,"5538 Longley Ln, Reno, NV 89511"
55,318080, Institute of Orthopaedic Surgery,https://freida.ama-assn.org/institution/318080,,,,"2800 Desert Inn Rd, Las Vegas, NV 89121"
56,318099, Internal Medicine Associates,https://freida.ama-assn.org/institution/318099,,,,"2010 Goldring Ave, Las Vegas, NV 89106"
57,310110, Ioannis A Lougaris Veterans Affairs Medical Center,https://freida.ama-assn.org/institution/310110,Univ of Nevada Reno Sch of Med,,,"1000 Locust St, Reno, NV 89502-2597"
58,318026, Jan Evans Juvenile Justice Center,https://freida.ama-assn.org/institution/318026,,Univ of Nevada Reno Sch of Med,,"650 Ferrari McLeod Blvd, Reno, NV 89512"
59,318143, Kidfixers Pediatrics,https://freida.ama-assn.org/institution/318143,,,,"10105 Banburry Cross Dr, Las Vegas, NV 89144"
60,318096, Kirk Kerkorian School of Medicine at UNLV,https://freida.ama-assn.org/institution/318096,['Kirk Kerkorian Sch of Med at UNLV'],"['Univ of California Davis Sch of Med', 'West Virginia Sch of Osteopathic Med', 'George Washington Univ Sch of Med and Health Sci']",,"1001 Shadow Ln, Las Vegas, NV 89106-7407"
61,318045, Lake Tahoe Surgery Center,https://freida.ama-assn.org/institution/318045,,,,"212 Elks Point Dr, Zephyr Cove, NV 89448"
62,318107, Las Vegas All Women's Care,https://freida.ama-assn.org/institution/318107,,,,"700 Shadow Ln, Las Vegas, NV 89106"
63,310008, Las Vegas Clinic,https://freida.ama-assn.org/institution/310008,,,,"351 N Buffalo Dr, Las Vegas, NV 89145"
64,318100, Las Vegas Endocrinology,https://freida.ama-assn.org/institution/318100,,,,"2865 Siena Heights, Henderson, NV 89052"
65,318101, Las Vegas Neurology Center,https://freida.ama-assn.org/institution/318101,,,,"2010 Goldring Ave, Las Vegas, NV 89106"
66,310028, Las Vegas Recovery Center,https://freida.ama-assn.org/institution/310028,,,,"3321 N Buffalo Dr, Las Vegas, NV 89129"
67,318111, Las Vegas Skin and Cancer Clinics,https://freida.ama-assn.org/institution/318111,,,,"630 N Rancho Dr, Las Vegas, NV 89106"
68,318027, Las Vegas Surgery Center,https://freida.ama-assn.org/institution/318027,,,Kirk Kerkorian Sch of Med at UNLV,"870 S Rancho Dr, Las Vegas, NV 89106"
69,310019, Las Ventanas Skilled Nursing Facility,https://freida.ama-assn.org/institution/310019,,,,"10401 W Charleston Blvd, Las Vegas, NV 89135"
70,310071, Legacy Women's Health,https://freida.ama-assn.org/institution/310071,,,,"8480 S Eastern Ave, Las Vegas, NV 89123"
71,318084, Marquis Plaza Regency,https://freida.ama-assn.org/institution/318084,,,,"6021 W Cheyenne Ave, Las Vegas, NV 89108"
72,318018, MedSchool Associates North (Reno),https://freida.ama-assn.org/institution/318018,,,Univ of Nevada Reno Sch of Med,"401 W Second St, Reno, NV 89503"
73,310012, Mercy Inc,https://freida.ama-assn.org/institution/310012,,,Kirk Kerkorian Sch of Med at UNLV,"7201 W Post Rd, Las Vegas, NV 89113"
74,318115, Merle Bruce MD-Otolaryngology Office,https://freida.ama-assn.org/institution/318115,,,,"236 W 6th St, Reno, NV 89503"
75,318041, Mike O'Callaghan Military Medical Center,https://freida.ama-assn.org/institution/318041,['Uniformed Services Univ of the Hlth Sci F Edward Hebert Sch of Med'],['Midwestern Univ Arizona Coll of Osteopathic Med'],"['Kirk Kerkorian Sch of Med at UNLV', 'Pacific Northwest Univ of Health Sciences Coll of Osteopathic Med']","4700 Las Vegas Blvd N, Nellis AFB, NV 89191"
76,310023, Mission Pines Nursing and Rehabilitation Center,https://freida.ama-assn.org/institution/310023,,,,"2860 E Cheyenne Ave, North Las Vegas, NV 89030"
77,318063, Mojave Mental Health Clinic,https://freida.ama-assn.org/institution/318063,,,,"745 Moana Lane, Reno, NV 89509"
78,318061, MountainView Hospital,https://freida.ama-assn.org/institution/318061,,"['Univ of Nevada Reno Sch of Med', 'Midwestern Univ Arizona Coll of Osteopathic Med', 'Kansas City Univ of Med and Biosciences Coll of Osteopathic Med', 'Burrell Coll of Osteopathic Med']",['Kirk Kerkorian Sch of Med at UNLV'],"3100 N Tenaya Way, Las Vegas, NV 89128"
79,310103, Nathan Adelson Hospice,https://freida.ama-assn.org/institution/310103,['Touro Univ Nevada Coll of Osteopathic Med'],['Univ of Nevada Reno Sch of Med'],['Kirk Kerkorian Sch of Med at UNLV'],"4141 Swenson St, Las Vegas, NV 89119"
80,318028, Nevada Cancer Institute,https://freida.ama-assn.org/institution/318028,,,,"10441 N Twain Ave, Las Vegas, NV 89135"
81,318126, Nevada Health Centers-Martin Luther King Family Health Center,https://freida.ama-assn.org/institution/318126,,,,"1799 Mt Mariah Dr, Las Vegas, NV 89106"
82,318074, Nevada Heart and Vascular Center,https://freida.ama-assn.org/institution/318074,,,,"7455 W Washington Ave, Las Vegas, NV 89128"
83,318129, Nevada Orthopedic and Spine Center,https://freida.ama-assn.org/institution/318129,,,,"7455 W Washington Ave, Las Vegas, NV 89128"
84,318087, Northeastern Nevada Regional Hospital,https://freida.ama-assn.org/institution/318087,,,,"2001 Errecart Blvd, Elko, NV 89801"
85,317002, Northern Nevada Adult Mental Health Services,https://freida.ama-assn.org/institution/317002,Univ of Nevada Reno Sch of Med,,,"480 Galletti Way, Sparks, NV 89431"
86,318029, Northern Nevada Child and Adolescent Services,https://freida.ama-assn.org/institution/318029,,Univ of Nevada Reno Sch of Med,,"2655 Enterprise Rd, Reno, NV 89512"
87,318109, Operation HOPE Medical Clinic,https://freida.ama-assn.org/institution/318109,,,,"968 E Sahara Ave, Las Vegas, NV 98104"
88,318127, Orthopedic and Sports Medicine Institute of Las Vegas,https://freida.ama-assn.org/institution/318127,,,,"7281 W Sahara Ave, Las Vegas, NV 89117"
89,318081, Parkway Surgery Center,https://freida.ama-assn.org/institution/318081,,,Kirk Kerkorian Sch of Med at UNLV,"100 N Green Valley Pkwy, Henderson, NV 89074"
90,318153, Pulmonary Associates,https://freida.ama-assn.org/institution/318153,,,,"7200 Cathedral Rock Dr, Las Vegas, NV 89128"
91,317004, Renown Regional Medical Center,https://freida.ama-assn.org/institution/317004,Univ of Nevada Reno Sch of Med,,,"77 Pringle Way, Reno, NV 89520"
92,318103, Rooman Ahad MD-Child Neurologist Office,https://freida.ama-assn.org/institution/318103,,,,"3175 St Rose Pkwy, Henderson, NV 89052"
93,318021, Sahara Surgery Center,https://freida.ama-assn.org/institution/318021,,,Kirk Kerkorian Sch of Med at UNLV,"2401 Paseo Del Prado, Las Vegas, NV 89102"
94,318122, Seven Hills Surgery Center,https://freida.ama-assn.org/institution/318122,,,,"876 Seven Hills Dr, Henderson, NV 89052"
95,310067, Siena Cardiology,https://freida.ama-assn.org/institution/310067,,,,"2641 W Horizon Ridge Pkwy, Henderson, NV 89052"
96,318117, Sierra Regional Spine Institute,https://freida.ama-assn.org/institution/318117,,,,"6630 S McCarran Blvd, Reno, NV 89509"
97,318048, Sierra Surgery Hospital,https://freida.ama-assn.org/institution/318048,,,,"1400 Medical Pkwy, Carson City, NV 89703"
98,318064, Silver Hills Health Care Center,https://freida.ama-assn.org/institution/318064,,,,"3450 N Buffalo Dr, Las Vegas, NV 89129"
99,318118, Silver Sage Cener for Family Medicine,https://freida.ama-assn.org/institution/318118,,,,"10467 Double R Blvd, Reno, NV 89521"
100,318120, Skin Cancer and Dermatology Institute,https://freida.ama-assn.org/institution/318120,,,,"640 N Moana Ln, Reno, NV 89512"
101,310016, Solutions Recovery,https://freida.ama-assn.org/institution/310016,,,,"2975 S Rainbow Blvd, Las Vegas, NV 89146"
102,318124, Southern Hills Hospital & Medical Center,https://freida.ama-assn.org/institution/318124,,,,"9300 W Sunset Rd, Las Vegas, NV 89148"
103,318036, Southern Nevada Adult Mental Health Services,https://freida.ama-assn.org/institution/318036,['Univ of Nevada Reno Sch of Med'],,['Kirk Kerkorian Sch of Med at UNLV'],"1650 Community College Dr, Las Vegas, NV 89146"
104,318095, Southern Nevada Health District,https://freida.ama-assn.org/institution/318095,,,Kirk Kerkorian Sch of Med at UNLV,"520 E Lake Mead Pkwy, Henderson, NV 89015"
105,310065, Southern Nevada Surgery Specialists-Henderson,https://freida.ama-assn.org/institution/310065,,,,"10001 S Eastern Ave, Henderson, NV 89052"
106,318106, Southwest Medical Associates,https://freida.ama-assn.org/institution/318106,,,,"1513 W Craig Rd, Las Vegas, NV 89032"
107,318157, Southwest Medical Associates-Oakey Healthcare Center,https://freida.ama-assn.org/institution/318157,,,,"4750 W Oakey Blvd, Las Vegas, NV 89102"
108,318030, Specialty Surgery Center,https://freida.ama-assn.org/institution/318030,,['Univ of Nevada Reno Sch of Med'],['Kirk Kerkorian Sch of Med at UNLV'],"7250 Cathedral Rock Dr, Las Vegas, NV 89128"
109,318070, Spring Mountain Treatment Center,https://freida.ama-assn.org/institution/318070,,,,"7000 W Spring Mountain Rd, Las Vegas, NV 89117"
110,318067, Spring Valley Hospital Medical Center,https://freida.ama-assn.org/institution/318067,,,,"5400 S Rainbow Blvd, Las Vegas, NV 89118"
111,317003, St Mary's Regional Medical Center,https://freida.ama-assn.org/institution/317003,,['Burrell Coll of Osteopathic Med'],['Univ of Nevada Reno Sch of Med'],"235 W 6th St, Reno, NV 89503"
112,310030, St Rose Dominican Hospital-San Martin Campus,https://freida.ama-assn.org/institution/310030,,,,"8280 W Warm Springs Rd, Las Vegas, NV 89113"
113,318019, St Rose Dominican Hospital-Siena Campus,https://freida.ama-assn.org/institution/318019,,Univ of Nevada Reno Sch of Med,,"3001 St Rose Pkwy, Henderson, NV 89052"
114,310072, St Rose Pediatrics,https://freida.ama-assn.org/institution/310072,,,,"2350 W Horizon Ridge Pkwy, Henderson, NV 89052"
115,318156, Suhattai Gamnerdsiri MD-Cardiology Office,https://freida.ama-assn.org/institution/318156,,,,"2000 Pinto Ln, Las Vegas, NV 89106"
116,318066, Summerlin Hospital Medical Center,https://freida.ama-assn.org/institution/318066,,,,"657 Town Center Dr, Las Vegas, NV 89144"
117,318125, Sunrise Children's Hospital,https://freida.ama-assn.org/institution/318125,,,,"3186 S Maryland Pkwy, Las Vegas, NV 89109"
118,318014, Sunrise Hospital and Medical Center,https://freida.ama-assn.org/institution/318014,Kirk Kerkorian Sch of Med at UNLV,,,"3186 Maryland Pkwy, Las Vegas, NV 89193-8530"
119,318097, Sunset Ridge Surgery Center,https://freida.ama-assn.org/institution/318097,,,Kirk Kerkorian Sch of Med at UNLV,"8352 W Warm Springs Rd, Las Vegas, NV 89113"
120,318062, Surgery Center of Southern Nevada,https://freida.ama-assn.org/institution/318062,,Univ of Nevada Reno Sch of Med,,"10195 W Twain Ave, Las Vegas, NV 89119"
121,318047, Tahoe Orthopaedic & Sports Medicine,https://freida.ama-assn.org/institution/318047,,,,"212 Elks Point Dr, Zephyr Cove, NV 89448"
122,318079, Tenaya Surgical Center,https://freida.ama-assn.org/institution/318079,,,Kirk Kerkorian Sch of Med at UNLV,"2800 N Tenaya Way, Las Vegas, NV 89128"
123,318158, Thomas Dermatology,https://freida.ama-assn.org/institution/318158,,,,"9097 W Post Rd, Las Vegas, NV 89148"
124,318131, Total Sports Medicine,https://freida.ama-assn.org/institution/318131,,,,"10105 Banburry Cross Dr, Las Vegas, NV 89144"
125,318089, Touro University College of Osteopathic Medicine,https://freida.ama-assn.org/institution/318089,,,,"874 American Pacific Ave, Henderson, NV 89014"
126,310100, University Medical Center of Southern Nevada,https://freida.ama-assn.org/institution/310100,Kirk Kerkorian Sch of Med at UNLV,,,"1800 W Charleston Blvd, Las Vegas, NV 89102-2386"
127,318031, University of Nevada Las Vegas Student Health Counseling,https://freida.ama-assn.org/institution/318031,,['Univ of Nevada Reno Sch of Med'],['Kirk Kerkorian Sch of Med at UNLV'],"4505 Maryland Pkwy, Las Vegas, NV 89154"
128,310111, University of Nevada Reno School of Medicine,https://freida.ama-assn.org/institution/310111,['Univ of Nevada Reno Sch of Med'],['Midwestern Univ Arizona Coll of Osteopathic Med'],['Pacific Northwest Univ of Health Sciences Coll of Osteopathic Med'],"1664 N Virginia St, Reno, NV 89557-0046"
129,318051, University of Nevada Reno Student Health Center,https://freida.ama-assn.org/institution/318051,,Univ of Nevada Reno Sch of Med,,"MS 196, Reno, NV 89577"
130,318059, UNLV Medicine,https://freida.ama-assn.org/institution/318059,['Touro Univ Nevada Coll of Osteopathic Med'],,['Kirk Kerkorian Sch of Med at UNLV'],"2040 W Charleston Blvd, Las Vegas, NV 89102"
131,310011, UNLV Medicine Mojave Counseling,https://freida.ama-assn.org/institution/310011,,,,"4000 E Charleston Blvd, Las Vegas, NV 89104"
132,318148, Urology Specialists of Nevada,https://freida.ama-assn.org/institution/318148,,,,"2010 Wellness Way, Las Vegas, NV 89106"
133,318016, VA Southern Nevada Healthcare System,https://freida.ama-assn.org/institution/318016,Kirk Kerkorian Sch of Med at UNLV,,,"1700 Vegas Dr, Las Vegas, NV 89106"
134,318090, Valley Health System,https://freida.ama-assn.org/institution/318090,,"['Kansas City Univ of Med and Biosciences Coll of Osteopathic Med', 'Burrell Coll of Osteopathic Med']",,"10105 Banburry Cross Dr, Las Vegas, NV 89144"
135,318069, Valley Hospital Medical Center,https://freida.ama-assn.org/institution/318069,"['Western Univ of Health Sciences Coll of Osteopathic Med of the Pacific', 'Touro Univ Nevada Coll of Osteopathic Med']","['Midwestern Univ Arizona Coll of Osteopathic Med', 'West Virginia Sch of Osteopathic Med']","['Pacific Northwest Univ of Health Sciences Coll of Osteopathic Med', 'Kirk Kerkorian Sch of Med at UNLV']","620 Shadow Lane, Las Vegas, NV 89106"
136,318017, Valley View Surgery Center,https://freida.ama-assn.org/institution/318017,,,,"1330 S Valley View, Las Vegas, NV 89102"
137,318150, Vincent P Nalbone MD-Otolaryngology Office,https://freida.ama-assn.org/institution/318150,,,,"9111 W Russell Rd, Las Vegas, NV 89148"
138,318065, Volker Healthcare Foundation,https://freida.ama-assn.org/institution/318065,,,,"5502 S Fort Apache Rd, Las Vegas, NV 89148"
139,318085, Volunteers in Medicine of Southern Nevada,https://freida.ama-assn.org/institution/318085,,,Kirk Kerkorian Sch of Med at UNLV,"4770 Harrison Dr, Las Vegas, NV 89121"
140,318094, Washoe County Health Department,https://freida.ama-assn.org/institution/318094,,,,"1001 E 9th St, Reno, NV 89512"
141,318039, Washoe County School District,https://freida.ama-assn.org/institution/318039,,Univ of Nevada Reno Sch of Med,,"PO Box 30425, Reno, NV 89520-3425"
142,318013, West Hills Hospital,https://freida.ama-assn.org/institution/318013,,,,"1240 E Ninth St, Reno, NV 89512"
143,318033, Willow Springs Center,https://freida.ama-assn.org/institution/318033,,,Univ of Nevada Reno Sch of Med,"690 Edison Way, Reno, NV 89502"
144,318055, Women's Cancer Center of Nevada,https://freida.ama-assn.org/institution/318055,,,Kirk Kerkorian Sch of Med at UNLV,"3131 La Canada St, Las Vegas, NV 89169"
145,310068, Wound Care Experts,https://freida.ama-assn.org/institution/310068,,,,"8425 S Eastern Ave, Las Vegas, NV 89123"
