,AMC_No,AMC_Name,URLS,Affiliation_Major,Affiliation_Limited,Affiliation_Graduate,Medical_Center_Address
0,328022, Catholic Medical Center,https://freida.ama-assn.org/institution/328022,Geisel Sch of Med at Dartmouth,,,"100 McGregor St, Manchester, NH 03102"
1,328017, Cheshire Medical Center/Dartmouth Health,https://freida.ama-assn.org/institution/328017,Geisel Sch of Med at Dartmouth,,,"580-590 Court St, Keene, NH 03431"
2,320012, Community Partners,https://freida.ama-assn.org/institution/320012,,,,"113 Crosby Rd, Dover, NH 03820"
3,328023, Concord Feminist Health Center,https://freida.ama-assn.org/institution/328023,,,Geisel Sch of Med at Dartmouth,"38 S Main St, Concord, NH 03301"
4,328002, Concord Hospital,https://freida.ama-assn.org/institution/328002,['Geisel Sch of Med at Dartmouth'],['Univ of New England Coll of Osteopathic Med'],,"250 Pleasant St, Concord, NH 03301"
5,328018, Concord Regional VNA,https://freida.ama-assn.org/institution/328018,,,,"30 Pillsbury St, Concord, NH 03301"
6,328012, Dartmouth-Hitchcock Medical Center (DHMC),https://freida.ama-assn.org/institution/328012,Geisel Sch of Med at Dartmouth,,,"1 Medical Center Dr, Lebanon, NH 03756"
7,328001, Dartmouth-Hitchcock/Mary Hitchcock Memorial Hospital,https://freida.ama-assn.org/institution/328001,['Geisel Sch of Med at Dartmouth'],['Univ of New England Coll of Osteopathic Med'],,"1 Medical Center Dr, Lebanon, NH 03756-0001"
8,328006, Department of Health and Human Services (Concord),https://freida.ama-assn.org/institution/328006,,,Geisel Sch of Med at Dartmouth,"129 Pleasant St, Concord, NH 03301"
9,328013, Elliot Hospital,https://freida.ama-assn.org/institution/328013,,,Geisel Sch of Med at Dartmouth,"1 Elliot Way, Manchester, NH 03103"
10,328029, Fertility Center of New England,https://freida.ama-assn.org/institution/328029,,,Geisel Sch of Med at Dartmouth,"875 Greenland Rd, Portsmouth, NH 03801"
11,328014, Fresenius Medical Care of North America,https://freida.ama-assn.org/institution/328014,,,Geisel Sch of Med at Dartmouth,"56 Etna Rd, Lebanon, NH 03766"
12,320013, Frisbie Memorial Hospital,https://freida.ama-assn.org/institution/320013,,,,"11 Whitehall Rd, Rochester, NH 03867"
13,328025, Glencliff Home for the Elderly,https://freida.ama-assn.org/institution/328025,,,Geisel Sch of Med at Dartmouth,"393 High St, Glencliff, NH 03238"
14,320005, Greater Seacoast Community Health-Somersworth Clinic,https://freida.ama-assn.org/institution/320005,,,,"311 NH-108, Somersworth, NH 03878"
15,320011, Hampstead Hospital,https://freida.ama-assn.org/institution/320011,,,,"218 East Rd, Hampstead, NH 03841"
16,328009, Hanover Terrace Healthcare,https://freida.ama-assn.org/institution/328009,,,Geisel Sch of Med at Dartmouth,"53 Lyme Rd, Hanover, NH 03755"
17,328027, HCA Healthcare/Tufts University School of Medicine-Portsmouth Regional Hospital,https://freida.ama-assn.org/institution/328027,,Burrell Coll of Osteopathic Med,,"333 Borthwick Ave, Portsmouth, NH 03801"
18,328011, Home Health & Hospice Care,https://freida.ama-assn.org/institution/328011,,,,"22 Prospect St, Nashua, NH 03060"
19,328010, Kendal at Hanover,https://freida.ama-assn.org/institution/328010,,,Geisel Sch of Med at Dartmouth,"80 Lyme Rd, Hanover, NH 03755"
20,328016, Lake Sunapee Region VNA and Hospice,https://freida.ama-assn.org/institution/328016,,,,"107 Newport Rd, New London, NH 03257"
21,328024, Lebanon Center Genesis Healthcare,https://freida.ama-assn.org/institution/328024,,,Geisel Sch of Med at Dartmouth,"24 Old Etna Rd, Lebanon, NH 03766"
22,328021, Monadnock Family Services,https://freida.ama-assn.org/institution/328021,,,Geisel Sch of Med at Dartmouth,"64 Main St, Keene, NH 03431"
23,320338, New Hampshire Department of Corrections,https://freida.ama-assn.org/institution/320338,,,,"105 Pleasant St, Concord, NH 03301"
24,328008, New Hampshire Hospital,https://freida.ama-assn.org/institution/328008,Geisel Sch of Med at Dartmouth,,,"36 Clinton St, Concord, NH 03301"
25,328003, New Hampshire-Dartmouth Family Practice Education Consortium,https://freida.ama-assn.org/institution/328003,,,,"250 Pleasant St, Concord, NH 03301"
26,328015, New London Hospital,https://freida.ama-assn.org/institution/328015,Geisel Sch of Med at Dartmouth,,,"273 County Rd, New London, NH 03257"
27,320007, Phillips Exeter Academy Student Health,https://freida.ama-assn.org/institution/320007,,,,"20 Main St, Exeter, NH 03833"
28,328028, Riverbend Community Mental Health Inc,https://freida.ama-assn.org/institution/328028,,,Geisel Sch of Med at Dartmouth,"278 Pleasant St, Concord, NH 03301"
29,320006, Seacoast Mental Health Center,https://freida.ama-assn.org/institution/320006,,,,"1145 Sagamore Ave, Portsmouth, NH 03801"
30,328007, Southern New Hampshire Medical Center,https://freida.ama-assn.org/institution/328007,Geisel Sch of Med at Dartmouth,,,"8 Prospect St, Nashua, NH 03061"
31,328005, West Central Behavioral Health-Claremont,https://freida.ama-assn.org/institution/328005,,,Geisel Sch of Med at Dartmouth,"140 North St, Claremont, NH 03743"
32,320002, West Central Behavioral Health-Lebanon,https://freida.ama-assn.org/institution/320002,,,Geisel Sch of Med at Dartmouth,"9 Hanover St, Lebanon, NH 03766"
33,328026, Wheelock Terrace Assisted Living Terrace Communities,https://freida.ama-assn.org/institution/328026,,,Geisel Sch of Med at Dartmouth,"32 Buck Rd, Hanover, NH 03755"
