,AMC_No,AMC_Name,URLS,Affiliation_Major,Affiliation_Limited,Affiliation_Graduate,Medical_Center_Address
0,368079, 3 C-Family Services PA,https://freida.ama-assn.org/institution/368079,,,,"1901 N Harrison Ave, Cary, NC 27513"
1,369627, Access Medicine,https://freida.ama-assn.org/institution/369627,,,,"112 W Main St, Williamston, NC 27892"
2,369678, Acme Medical Specialties PLLC,https://freida.ama-assn.org/institution/369678,,,,"4348 Fayetteville Rd, Lumberton, NC 28358"
3,369635, Advanced Dermatology and Skin Surgery,https://freida.ama-assn.org/institution/369635,,,,"16 Medical Park Dr, Asheville, NC 28803"
4,368054, Aesthetic Solutions,https://freida.ama-assn.org/institution/368054,,,,"5821 Farrington Rd, Chapel Hill, NC 27517"
5,369624, Allergy Center,https://freida.ama-assn.org/institution/369624,,,,"2395 Hemby Lane, Greenville, NC 27834"
6,369605, Allergy Partners of Western North Carolina,https://freida.ama-assn.org/institution/369605,,,,"14 McDowell St, Asheville, NC 28801"
7,368026, Alliance Urology Specialists PA,https://freida.ama-assn.org/institution/368026,,Univ of North Carolina Sch of Med,,"509 N Elam Ave, Greensboro, NC 27403"
8,360012, Ambulatory Surgery Center LP,https://freida.ama-assn.org/institution/360012,,,,"1781 Metromedical Dr, Fayetteville, NC 28304"
9,369716, American Access of Care NC PLLC (Triangle Interventional Services),https://freida.ama-assn.org/institution/369716,,,,"2501 Weston Pkwy, Cary, NC 27513"
10,369584, Angel Medical Center,https://freida.ama-assn.org/institution/369584,,,,"120 Riverview St, Franklin, NC 28734"
11,369588, Anti-Fragile Physical Therapy,https://freida.ama-assn.org/institution/369588,,,,"959 Merrimon Ave, Asheville, NC 28804"
12,369599, AOP Prosthetics,https://freida.ama-assn.org/institution/369599,,,,"450 W Russell St, Fayetteville, NC 28301"
13,369554, Appalachian Foot and Ankle Associates,https://freida.ama-assn.org/institution/369554,,,,"1 Vanderbilt Park Dr, Asheville, NC 28803"
14,369641, Appalachian Orthopedics,https://freida.ama-assn.org/institution/369641,,,,"870 State Farm Rd, Boone, NC 28607"
15,360060, Appalachian Regional Behavioral Health,https://freida.ama-assn.org/institution/360060,,,,"436 Hospital Dr, Linville, NC 28646"
16,360188, Appalachian Regional Behavioral Health Hospital,https://freida.ama-assn.org/institution/360188,,,,"432 Hospital Dr, Linville, NC 28646"
17,360059, Appalachian Regional Orthopaedic & Sports Medicine Center,https://freida.ama-assn.org/institution/360059,,,,"194 Doctors Dr, Boone, NC 28607"
18,360140, AppFamily Medicine,https://freida.ama-assn.org/institution/360140,,,,"148 NC-105 Extension, Boone, NC 28607"
19,360058, AppGastro (Appalachian Gastroenterology),https://freida.ama-assn.org/institution/360058,,,,"870 State Farm Rd, Boone, NC 28607"
20,369609, Asheville Arthritis & Osteoporosis Center,https://freida.ama-assn.org/institution/369609,,,,"4 Vanderbilt Park Dr, Asheville, NC 28803"
21,369603, Asheville Buncombe Community Christian Ministry,https://freida.ama-assn.org/institution/369603,,,,"20 Twentieth St, Asheville, NC 28806"
22,360093, Asheville Cardiology,https://freida.ama-assn.org/institution/360093,,,,"5 Vanderbilt Park Dr, Asheville, NC 28803"
23,369610, Asheville Eye Associates,https://freida.ama-assn.org/institution/369610,,,,"8 Medical Park Dr, Asheville, NC 28803"
24,368045, Asheville Head Neck and Ear Surgeons,https://freida.ama-assn.org/institution/368045,,,,"1065 Hendersonville Rd, Asheville, NC 28803"
25,369629, Asheville Hematology & Oncology Associates PA,https://freida.ama-assn.org/institution/369629,,,,"20 Medical Park Dr, Asheville, NC 28803"
26,369552, Asheville Orthopaedic Associates PA,https://freida.ama-assn.org/institution/369552,,,,"111 Victoria Rd, Asheville, NC 28801"
27,369550, Asheville Physical Therapy,https://freida.ama-assn.org/institution/369550,,,,"76 Peachtree Rd, Asheville, NC 28803"
28,360118, Asheville Pulmonary and Critical Care Associates PA,https://freida.ama-assn.org/institution/360118,,,,"30 Choctaw St, Asheville, NC 28801"
29,369555, Asheville Radiology,https://freida.ama-assn.org/institution/369555,,,,"534 Biltmore Ave, Asheville, NC 28801"
30,368035, Asheville Specialty Hospital (St Joseph Campus),https://freida.ama-assn.org/institution/368035,,,,"428 Biltmore Ave, Asheville, NC 28801"
31,369704, Associated Urologists of North Carolina PA-Cary,https://freida.ama-assn.org/institution/369704,,,,"105 SW Cary Pkwy, Cary, NC 27511"
32,360110, Atlantic Dermatology-Clinton/Vance,https://freida.ama-assn.org/institution/360110,,,,"417 Vance St, Clinton, NC 28328"
33,360147, Atlantic Dermatology-Whiteville,https://freida.ama-assn.org/institution/360147,,,,"720 Jefferson St, Whiteville, NC 28472"
34,360043, Atlantic Dermatology-Wilmington,https://freida.ama-assn.org/institution/360043,,,,"1099 Medical Center Dr, Wilmington, NC 28401"
35,368016, Atrium Health Cabarrus,https://freida.ama-assn.org/institution/368016,,,,"920 Church St N, Concord, NC 28025"
36,368066, Atrium Health Mercy,https://freida.ama-assn.org/institution/368066,,,,"2001 Vail Ave, Charlotte, NC 28207"
37,369570, Atrium Health Pineville,https://freida.ama-assn.org/institution/369570,,,,"1000 Blythe Blvd, Charlotte, NC 28203"
38,368019, Atrium Health Union,https://freida.ama-assn.org/institution/368019,,,,"600 Hospital Dr, Monroe, NC 28111"
39,369675, Atrium Health University City,https://freida.ama-assn.org/institution/369675,,,,"8800 N Tryon St, Charlotte, NC 28262"
40,360480, Atrium Health Wake Forest Baptist,https://freida.ama-assn.org/institution/360480,['Wake Forest Univ Sch of Med'],"['Univ of California Davis Sch of Med', 'Geisel Sch of Med at Dartmouth', 'Kansas City Univ of Med and Biosciences Coll of Osteopathic Med', 'West Virginia Sch of Osteopathic Med', 'California Northstate Univ Coll of Med', 'Mayo Clinic Alix Sch of Med']",,"Medical Center Blvd, Winston-Salem, NC 27157-1052"
41,369660, Aurora Diagnostics,https://freida.ama-assn.org/institution/369660,,,,"706 Green Valley Rd, Greenboro, NC 27408"
42,369517, Avantus Renal Therapy Carolina Dialysis (Carrboro),https://freida.ama-assn.org/institution/369517,,,Univ of North Carolina Sch of Med,"105 Renee Lynne Court, Carrboro, NC 27510"
43,360018, Back in Action Physical Therapy,https://freida.ama-assn.org/institution/360018,,,,"100 Fitness Dr, Fuquay Varina, NC 27526"
44,369612, Behavioral Health Group,https://freida.ama-assn.org/institution/369612,,,,"18 Wedgefield Dr, Asheville, NC 28806"
45,369650, Bermuda Village Retirement Community,https://freida.ama-assn.org/institution/369650,,,,"142 Bermuda Village Dr, Bermuda Run, NC 27006"
46,369615, Biltmore Dermatology Associates,https://freida.ama-assn.org/institution/369615,,,,"80 Peachtree Rd, Asheville, NC 28803"
47,360091, Blue Ridge Bone & Joint,https://freida.ama-assn.org/institution/360091,,,,"129 McDowell St, Asheville, NC 28801"
48,368047, Blue Ridge Bone and Joint Clinic,https://freida.ama-assn.org/institution/368047,,,,"129 McDowell St, Asheville, NC 28801"
49,369534, Blue Ridge Community Health Services,https://freida.ama-assn.org/institution/369534,,,,"2579 Chimney Rock Rd, Hendersonville, NC 28792"
50,360046, Blue Ridge Ear Nose and Throat Inc,https://freida.ama-assn.org/institution/360046,,,,"870 State Farm Rd, Boone, NC 28607"
51,360048, Blue Ridge Pediatric & Adolescent Medicine Inc,https://freida.ama-assn.org/institution/360048,,,,"579 Greenway Rd, Boone, NC 28607"
52,369583, Blue Ridge Regional Hospital,https://freida.ama-assn.org/institution/369583,,,,"125 Hospital Dr, Spruce Pine, NC 28777"
53,369524, Boyette Orthopaedics and Sports Medicine PA,https://freida.ama-assn.org/institution/369524,,,,"2573 Stantonsburg Rd, Greenville, NC 27834"
54,369501, Brody School of Medicine at East Carolina University,https://freida.ama-assn.org/institution/369501,,"['Midwestern Univ Arizona Coll of Osteopathic Med', 'West Virginia Sch of Osteopathic Med']",,"600 Moye Blvd, Greenville, NC 27834"
55,369649, Brookridge Retirement Community,https://freida.ama-assn.org/institution/369649,,,,"1199 Hayes Forest Dr, Winston-Salem, NC 27106"
56,369618, Brosnan Eye Associates,https://freida.ama-assn.org/institution/369618,,,,"900 Centre Park Dr, Asheville, NC 28805"
57,369532, Buncombe County Department of Health,https://freida.ama-assn.org/institution/369532,,,,"53 S French Broad Ave, Asheville, NC 28801"
58,368050, Cabarrus Health Alliance (Kannapolis),https://freida.ama-assn.org/institution/368050,,,,"300 Morresville Rd, Kannapolis, NC 28081"
59,369712, Campbell Ear Nose and Throat,https://freida.ama-assn.org/institution/369712,,,,"4760 Independence Dr, Lumberton, NC 28358"
60,369565, Campbell University,https://freida.ama-assn.org/institution/369565,,"['George Washington Univ Sch of Med and Health Sci', 'Geisel Sch of Med at Dartmouth', 'Burrell Coll of Osteopathic Med']",,"143 Main St, Buies Creek, NC 27506"
61,369705, Campbell University Health Center,https://freida.ama-assn.org/institution/369705,,,,"129 T T Lanier St, Lillington, NC 27546"
62,369519, Campus Health Services,https://freida.ama-assn.org/institution/369519,,,,"James A Taylor Bldg, Chapel Hill, NC 27599"
63,369633, Cancer Care of WNC,https://freida.ama-assn.org/institution/369633,,,,"21 Hospital Dr, Asheville, NC 28801"
64,369694, Cape Fear Cardiology Associates PA,https://freida.ama-assn.org/institution/369694,,,,"3634 Cape Center Dr, Fayetteville, NC 28304"
65,369688, Cape Fear Center for Digestive Diseases,https://freida.ama-assn.org/institution/369688,,,,"1880 Quiet Cove, Fayetteville, NC 28304"
66,369683, Cape Fear Valley Cancer Center,https://freida.ama-assn.org/institution/369683,,,,"6387 Ramsey St, Fayetteville, NC 28311"
67,360731, Cape Fear Valley Medical Center,https://freida.ama-assn.org/institution/360731,['Campbell Univ Jerry M Wallace Sch of Osteopathic Med'],"['Midwestern Univ Arizona Coll of Osteopathic Med', 'Kansas City Univ of Med and Biosciences Coll of Osteopathic Med', 'Lincoln Memorial Univ DeBusk Coll of Osteopathic Med']",['Pacific Northwest Univ of Health Sciences Coll of Osteopathic Med'],"1638 Owen Dr, Fayetteville, NC 28304"
68,369703, Cape Fear Valley Ophthalmology,https://freida.ama-assn.org/institution/369703,,,,"1565 Purdue Dr, Fayetteville, NC 28303"
69,360077, Cape Fear Valley Senior Health Services,https://freida.ama-assn.org/institution/360077,,,,"101 Robeson St, Fayetteville, NC 28301"
70,360064, Cardiology Center,https://freida.ama-assn.org/institution/360064,,,,"175 Mary St, Boone, NC 28607"
71,369575, Care Plastic Surgery,https://freida.ama-assn.org/institution/369575,,Univ of North Carolina Sch of Med,,"55 Vilcom Center Dr, Chapel Hill, NC 27514"
72,368036, CarePartners,https://freida.ama-assn.org/institution/368036,,,,"68 Sweeten Creek Rd, Asheville, NC 28803-2318"
73,369668, Carolina Conceptions,https://freida.ama-assn.org/institution/369668,,,,"2601 Lake Dr, Raleight, NC 27607"
74,368089, Carolina Hand and Sports Medicine,https://freida.ama-assn.org/institution/368089,,,,"18 Medical Park Dr, Asheville, NC 28803"
75,360070, Carolina Heart and Leg Center,https://freida.ama-assn.org/institution/360070,,,,"3637 Cape Center Dr, Fayetteville, NC 28304"
76,369682, Carolina Infectious Disease Consultants,https://freida.ama-assn.org/institution/369682,,,,"395 W 27th St, Lumberton, NC 28358"
77,369681, Carolina Kidney Care,https://freida.ama-assn.org/institution/369681,,,,"810 Wesley Pines Rd, Lumberton, NC 28358"
78,369602, Carolina Mountain Dermatology PA,https://freida.ama-assn.org/institution/369602,,,,"78 Long Shoals Rd, Arden, NC 28704"
79,369684, Carolina Rheumatology,https://freida.ama-assn.org/institution/369684,,,,"10650 Park Rd, Charlotte, NC 28210"
80,369556, Carolina Spine and Neurosurgery Center,https://freida.ama-assn.org/institution/369556,,,Univ of North Carolina Sch of Med,"7 Vanderbilt Park Dr, Asheville, NC 28803"
81,368076, Carolina Sports Medicine and Family Practice,https://freida.ama-assn.org/institution/368076,,,Univ of North Carolina Sch of Med,"3700 NW Cary Pkwy, Cary, NC 27513"
82,360025, Carolina Vascular,https://freida.ama-assn.org/institution/360025,,,,"222 Asheland Ave, Asheville, NC 28801"
83,369559, Carolina Vascular Access Holdings LLC,https://freida.ama-assn.org/institution/369559,,,Univ of North Carolina Sch of Med,"2214 Nelson Hwy, Chapel Hill, NC 27517"
84,360190, Carolinas Center for Surgery-Jacksonville,https://freida.ama-assn.org/institution/360190,,,,"2145 Country Club Rd, Jacksonville, NC 28546"
85,369721, Carolinas Healthcare NorthEast Dermatology,https://freida.ama-assn.org/institution/369721,,,,"200 Medical Park Dr, Concord, NC 28025"
86,360291, Carolinas Medical Center,https://freida.ama-assn.org/institution/360291,['Univ of North Carolina Sch of Med'],['Lincoln Memorial Univ DeBusk Coll of Osteopathic Med'],,"1000 Blythe Blvd, Charlotte, NC 28232-2861"
87,368029, Carolinas Pain Institute,https://freida.ama-assn.org/institution/368029,,,,"145 Kimel Park Dr, Winston-Salem, NC 27103"
88,368012, Carolinas Rehabilitation,https://freida.ama-assn.org/institution/368012,,,,"1100 Blythe Blvd, Charlotte, NC 28203"
89,360015, Cary Cardiology,https://freida.ama-assn.org/institution/360015,,,,"300 Keisler Dr, Cary, NC 27518"
90,368080, Center for Child and Family Health,https://freida.ama-assn.org/institution/368080,,,,
91,368023, Center for Scoliosis and Spinal Surgery,https://freida.ama-assn.org/institution/368023,,,,"2244 Stantonsburg Rd, Greenville, NC 27834"
92,369566, Central Prison Healthcare Complex,https://freida.ama-assn.org/institution/369566,,,Univ of North Carolina Sch of Med,"1300 Western Blvd, Raleigh, NC 27606"
93,368056, Central Regional Hospital,https://freida.ama-assn.org/institution/368056,,,Univ of North Carolina Sch of Med,"300 Veazey Dr, Butner, NC 27509"
94,360507, Central Regional Hospital,https://freida.ama-assn.org/institution/360507,,,,"1003 12th St, Butner, NC 27509-1626"
95,360740, Charles George VA Medical Center (Asheville),https://freida.ama-assn.org/institution/360740,,['Edward Via Coll of Osteopathic Med-Carolinas'],['Duke Univ Sch of Med'],"1100 Tunnel Rd, Asheville, NC 28805"
96,360191, Charles Luke Milam Clinic-MARSOC Human Performance Center,https://freida.ama-assn.org/institution/360191,,,,"PSC Box 20117, Camp Lejeune, NC 28542"
97,368086, Charlotte Surgery Center,https://freida.ama-assn.org/institution/368086,,,,"2825 Randolph Rd, Charlotte, NC 28211"
98,369601, Cherokee Indian Hospital,https://freida.ama-assn.org/institution/369601,,,,"1 Hospital Rd, Cherokee, NC 28719"
99,368001, Cherry Hospital,https://freida.ama-assn.org/institution/368001,,,,"1401 W Ash St, Goldsboro, NC 27530"
100,369715, Children's Health of Carolina,https://freida.ama-assn.org/institution/369715,,,,"400 Liberty Hill, Lumberton, NC 28358"
101,368074, Chowan Hospital,https://freida.ama-assn.org/institution/368074,,,,"211 Virginia Rd, Edenton, NC 27932"
102,369661, Coastal Carolina Pathology,https://freida.ama-assn.org/institution/369661,,,,"2606 Iron Gate Dr, Wilmington, NC 28412"
103,360160, CommuniCare,https://freida.ama-assn.org/institution/360160,,,,"109 Bradford Ave, Fayetteville, NC 28301"
104,360047, Community Care Clinic,https://freida.ama-assn.org/institution/360047,,,,"141 Health Center Dr, Boone, NC 28607"
105,369623, Community Family Practice,https://freida.ama-assn.org/institution/369623,,,,"260 Merrimon Ave, Greenville, NC 28801"
106,360486, Cone Health,https://freida.ama-assn.org/institution/360486,['Univ of North Carolina Sch of Med'],['Wake Forest Univ Sch of Med'],,"1200 N Elm St, Greensboro, NC 27401-1020"
107,369723, Crane Dermatology-Clinton,https://freida.ama-assn.org/institution/369723,,,,"603 Beaman St, Clinton, NC 28328"
108,369722, Crane Dermatology-Wilmington,https://freida.ama-assn.org/institution/369722,,,,"1099 Medical Center Dr, Wilmington, NC 28401"
109,369508, Croasdaile Village Retirement Community,https://freida.ama-assn.org/institution/369508,,,Duke Univ Sch of Med,"2600 Croadaile Farm Pkwy, Durham, NC 27705"
110,360189, Crossnore Communities for Children,https://freida.ama-assn.org/institution/360189,,,,"100 DAR Dr, Crossnore, NC 28616"
111,360136, Cypress Glen,https://freida.ama-assn.org/institution/360136,,,,"100 Hickory St, Greenville, NC 27858"
112,360056, Davant Medical Clinic,https://freida.ama-assn.org/institution/360056,,,,"623 Chestnut Ridge Pkwy, Blowing Rock, NC 28605"
113,369582, Davie Medical Center,https://freida.ama-assn.org/institution/369582,,Wake Forest Univ Sch of Med,,"313 and 329 NC Hwy, Bermuda Run, NC 27006"
114,369576, Davis & Pyle Plastic Surgery Office,https://freida.ama-assn.org/institution/369576,,Univ of North Carolina Sch of Med,,"2304 Wesvill Ct, Raleigh, NC 27607"
115,368037, Deerfield Episcopal Retirement Community Inc,https://freida.ama-assn.org/institution/368037,,,,"1617 Hendersonville Rd, Asheville, NC 28803-3454"
116,360020, Del Bianco Prosthetics and Orthoptics,https://freida.ama-assn.org/institution/360020,,,,"3410 Executive Dr, Raleigh, NC 27609"
117,369613, DePaolo Orthopedics of WNC,https://freida.ama-assn.org/institution/369613,,,,"3 B Mcdowell St, Asheville, NC 28801"
118,369656, DermOne,https://freida.ama-assn.org/institution/369656,,,,"603 Beaman St, Clinton, NC 28328"
119,369657, DermOne-Rock Spring Rd-Wilmington,https://freida.ama-assn.org/institution/369657,,,,"6752 Rock Spring Rd, Wilmington, NC 28405"
120,369611, Digestive Health Partners PA,https://freida.ama-assn.org/institution/369611,,,,"191 Biltmore Ave, Asheville, NC 28801"
121,368062, Dobbs Youth Development Center,https://freida.ama-assn.org/institution/368062,,,,"3060 Dobbs Farm Rd, Kinston, NC 28504"
122,360377, Dorothea Dix Hospital,https://freida.ama-assn.org/institution/360377,,,,"820 S Boylan Ave, Raleigh, NC 27603-2176"
123,368052, Duke HomeCare & Hospice,https://freida.ama-assn.org/institution/368052,,,Duke Univ Sch of Med,"1001 Corporate Dr, Hillsborough, NC 27278"
124,368071, Duke Raleigh Hospital,https://freida.ama-assn.org/institution/368071,Duke Univ Sch of Med,,,"3400 Wake Forest Rd, Raleigh, NC 27609"
125,360440, Duke Regional Hospital,https://freida.ama-assn.org/institution/360440,Duke Univ Sch of Med,,,"3643 N Roxboro St, Durham, NC 27704-2763"
126,360222, Duke University Hospital,https://freida.ama-assn.org/institution/360222,['Duke Univ Sch of Med'],"['Geisel Sch of Med at Dartmouth', 'Univ of North Carolina Sch of Med', 'Lincoln Memorial Univ DeBusk Coll of Osteopathic Med', 'Univ of Virginia Sch of Med', 'Kansas City Univ of Med and Biosciences Coll of Osteopathic Med', 'West Virginia Sch of Osteopathic Med', 'Mayo Clinic Alix Sch of Med']",,"2301 Erwin Rd, Durham, NC 27710"
127,369686, Dunn Erwin Medical Services,https://freida.ama-assn.org/institution/369686,,,,"518 E H St, Erwin, NC 28339"
128,369676, Dunn Medical Services,https://freida.ama-assn.org/institution/369676,,,,"803 Tilghman Dr, Dunn, NC 28334"
129,368025, Durham County Health Department,https://freida.ama-assn.org/institution/368025,,,Univ of North Carolina Sch of Med,"414 E Main St, Durham, NC 27701"
130,368082, Durham Public Schools,https://freida.ama-assn.org/institution/368082,,,,"2730 Hillandale Rd, Durham, NC 27702"
131,369503, East Carolina Heart Institute (East Carolina University),https://freida.ama-assn.org/institution/369503,,,,"115 Heart Dr, Greenville, NC 27834"
132,369522, East Carolina Rehab and Wellness,https://freida.ama-assn.org/institution/369522,,,,"2575 W 5th St, Greenville, NC 27834"
133,369594, East Carolina University Family Autism Center,https://freida.ama-assn.org/institution/369594,,,,"108 W Fire Tower Rd, Winterville, NC 28590"
134,369595, East Carolina University Family Therapy Clinic,https://freida.ama-assn.org/institution/369595,,,,"612 E 10th St, Greenville, NC 27858"
135,369510, Easter Seals UCP North Carolina & Easter Seals UCP Virginia,https://freida.ama-assn.org/institution/369510,,,,"5171 Glenwood Ave, Raleigh, NC 27612"
136,368022, Eastern Carolina Foot and Ankle Specialists,https://freida.ama-assn.org/institution/368022,,,,"2140 W Arlington Blvd, Greenville, NC 27834"
137,369590, Eastern Nephrology Associates,https://freida.ama-assn.org/institution/369590,,,,"511 Paladin Dr, Greenville, NC 28734"
138,369525, Eastern Radiologist Inc,https://freida.ama-assn.org/institution/369525,,,,"2101 W Arlington Blvd, Greenville, NC 27834"
139,360738, ECU Health Medical Center,https://freida.ama-assn.org/institution/360738,['Brody Sch of Med at East Carolina Univ'],['Wake Forest Univ Sch of Med'],,"2100 Stantonsburg Rd, Greenville, NC 27835-6028"
140,360017, Emerge Ortho,https://freida.ama-assn.org/institution/360017,,,,"2076 NC Hwy 42 W, Clayton, NC 27520"
141,369685, Fayetteville Endocrinology,https://freida.ama-assn.org/institution/369685,,,,"105 Roxie Ave, Fayetteville, NC 28304"
142,369689, Fayetteville Heart Center PC,https://freida.ama-assn.org/institution/369689,,,,"2301 Robeson St, Fayetteville, NC 28305"
143,360006, Fayetteville Vascular and Vein PA,https://freida.ama-assn.org/institution/360006,,,,"3410 Village Dr, Fayetteville, NC 28304"
144,368018, Federal Correctional Complex-Butner,https://freida.ama-assn.org/institution/368018,,,,"PO Box 1000, Butner, NC 27509-1000"
145,369693, Ferncreek Cardiology PA,https://freida.ama-assn.org/institution/369693,,,,"3650 Cape Center Dr, Fayetteville, NC 28304"
146,360021, Flexogenix,https://freida.ama-assn.org/institution/360021,,,,"400 Ashville Ave, Cary, NC 27518"
147,369551, Foot Rx Running,https://freida.ama-assn.org/institution/369551,,,,"1979 Hendersonville Rd, Asheville, NC 28803"
148,360103, Forest Dermatology,https://freida.ama-assn.org/institution/360103,,,,"1119 Hendersonville Rd, Asheville, NC 28803"
149,368049, Four Seasons Hospice & Palliative Care,https://freida.ama-assn.org/institution/368049,,,,"571 S Allen Rd, Flat Rock, NC 28731"
150,369651, Fresenius Vascular Care of Greenville,https://freida.ama-assn.org/institution/369651,,,,"511 Paladin Dr, Greenville, NC 27834"
151,368057, Givens Estates Inc,https://freida.ama-assn.org/institution/368057,,,,"2360 Sweeten Creek Rd, Asheville, NC 28803"
152,360121, Goshen Medical Center-Beulaville,https://freida.ama-assn.org/institution/360121,,,,"119 Crossover Rd, Beulaville, NC 28518"
153,368085, Granville Medical Center,https://freida.ama-assn.org/institution/368085,,,,"1010 College St, Oxford, NC 27565"
154,368068, Greene County Health Care Inc,https://freida.ama-assn.org/institution/368068,,,,"7 Professional Dr, Snow Hill, NC 28580"
155,369644, Greene County Health Department,https://freida.ama-assn.org/institution/369644,,,,"227 Kingold Blvd, Snow Hill, NC 28580"
156,368031, Greenville Clinic,https://freida.ama-assn.org/institution/368031,,,,"50-C Parkins Mill Rd, Greenville, NC 29607"
157,369509, Guilford County Health Department,https://freida.ama-assn.org/institution/369509,,,,"1203 Maple St, Greensboro, NC 27405"
158,369598, Hanger Clinic,https://freida.ama-assn.org/institution/369598,,,,"2301 C Executive Circle, Greenville, NC 27834"
159,360061, Harmony Center for Women,https://freida.ama-assn.org/institution/360061,,,,"381 Deerfield Rd, Boone, NC 28607"
160,369571, Harnett Health,https://freida.ama-assn.org/institution/369571,['Campbell Univ Jerry M Wallace Sch of Osteopathic Med'],,['Pacific Northwest Univ of Health Sciences Coll of Osteopathic Med'],"PO Box 1706, Dunn, NC 28335"
161,369581, Haywood Regional Medical Center,https://freida.ama-assn.org/institution/369581,,,,"262 Leroy George Dr, Clyde, NC 28721"
162,360131, Healing Together Counseling,https://freida.ama-assn.org/institution/360131,,,,"3B S Main St, Weaverville, NC 28787"
163,369533, Henderson County Department of Health,https://freida.ama-assn.org/institution/369533,,,,"1200 Spartanburg Hwy, Henderson, NC 28792"
164,360116, Hendersonville Hematology and Oncology at Pardee,https://freida.ama-assn.org/institution/360116,,,,"805 6th Ave W, Hendersonville, NC 28739"
165,368055, Heritage Hospital,https://freida.ama-assn.org/institution/368055,,,,"111 Hospital Dr, Tarboro, NC 27886"
166,369630, Hookerton Family Practice,https://freida.ama-assn.org/institution/369630,,,,"516 S Wm Hooker Dr, Hookerton, NC 28538"
167,368059, Hope Women's Cancer Center,https://freida.ama-assn.org/institution/368059,,,,"100 Ridgefield Ct, Asheville, NC 28806"
168,368075, Hospice & Palliative Carecenter,https://freida.ama-assn.org/institution/368075,,,,"101 Hospice Ln, Winston-Salem, NC 27103"
169,369654, Hospice of Davidson County,https://freida.ama-assn.org/institution/369654,,,,"200 Hospice Way, Lexington, NC 27292"
170,360259, Hospice of the Piedmont,https://freida.ama-assn.org/institution/360259,,,,"1801 Westchester Dr, High Point, NC 27262"
171,360159, Hospice of the Piedmont,https://freida.ama-assn.org/institution/360159,,,,"1801 Westchester Dr, High Point, NC 27262"
172,360150, Hospice of Union County,https://freida.ama-assn.org/institution/360150,,,,"700 W Roosevelt Rd, Monroe, NC 28110"
173,369606, Hot Springs Health Program,https://freida.ama-assn.org/institution/369606,,,,"590 Medical Park Dr, Marshall, NC 28753"
174,369505, Hunstad Center for Cosmetic Plastic Surgery,https://freida.ama-assn.org/institution/369505,,Univ of North Carolina Sch of Med,,"11208 Statesville Rd, Huntersville, NC 28078"
175,369695, ID Care PA,https://freida.ama-assn.org/institution/369695,,,,"1766 Metromedical Dr, Fayetteville, NC 28304"
176,360013, Insight Human Services,https://freida.ama-assn.org/institution/360013,,,,"665 4th St NW, Winston-Salem, NC 27101"
177,360092, Insight Integrative Medicine,https://freida.ama-assn.org/institution/360092,,,,"4 Northcrest Rd, Weaverville, NC 28787"
178,369546, James E Davis Ambulatory Surgery Center,https://freida.ama-assn.org/institution/369546,,,Duke Univ Sch of Med,"120 E Carver St, Durham, NC 27704"
179,369637, John Godehn Jr MD-Dermatology Office,https://freida.ama-assn.org/institution/369637,,,,"506 Park Hill Ct, Hendersonville, NC 28739"
180,369701, Julian F Keith Alcohol and Drug Abuse Treatment Center,https://freida.ama-assn.org/institution/369701,,,,"201 Tabernacle Rd, Black Mountain, NC 28711"
181,369507, Kindred Transitional Care and Rehabilitation-Rose Manor,https://freida.ama-assn.org/institution/369507,,,Duke Univ Sch of Med,"4230 N Roxboro Rd, Durham, NC 27704"
182,369666, LabCorp Clinical Cytogenetics Laboratory,https://freida.ama-assn.org/institution/369666,,,,"1904 TW Alexander Dr, Research Triangle Pa, NC 27709"
183,369691, LaFayette Clinic PA,https://freida.ama-assn.org/institution/369691,,,,"2125 Valleygate Dr, Fayetteville, NC 28304"
184,360054, Lees-McRae College-Student Health Department,https://freida.ama-assn.org/institution/360054,,,,"191 Main St, Banner Elk, NC 28604"
185,369631, Lenoir Family Medicine,https://freida.ama-assn.org/institution/369631,,,,"107 Airport Rd, Kinston, NC 28501"
186,368070, Lexington Medical Center,https://freida.ama-assn.org/institution/368070,,Wake Forest Univ Sch of Med,,"250 Hospital Dr, Lexington, NC 27295"
187,369674, Lillington Medical Services,https://freida.ama-assn.org/institution/369674,,,,"716 N 10th St, Lillington, NC 27546"
188,368067, Lincoln Community Health Center,https://freida.ama-assn.org/institution/368067,,,Duke Univ Sch of Med,"1301 Fayetteville St, Durham, NC 27707"
189,369638, Looking Glass Eye Center PA,https://freida.ama-assn.org/institution/369638,,,,"215 Thompson St, Hendersonville, NC 28792"
190,360062, Lung Center,https://freida.ama-assn.org/institution/360062,,,,"148 Hwy NC-105 Ext, Boone, NC 28607"
191,369521, MacGregor Downs Health and Rehabilitation Center,https://freida.ama-assn.org/institution/369521,,,,"2910 MacGregor Downs Rd, Greenville, NC 27858"
192,360063, Maggie Sparks Dermatology,https://freida.ama-assn.org/institution/360063,,,,"381 Meadowview Dr, Boone, NC 28607"
193,360119, MAHEC Center for Psychiatry and Mental Wellness,https://freida.ama-assn.org/institution/360119,,,,"125 Hendersonville Rd, Asheville, NC 28803"
194,369531, MAHEC Family Health Center,https://freida.ama-assn.org/institution/369531,,,,"123 Hendersonville Rd, Asheville, NC 28803"
195,360112, MAHEC Internal Medicine,https://freida.ama-assn.org/institution/360112,,,,"121 Hendersonville Rd, Asheville, NC 28803"
196,369655, MAHEC Ob/Gyn Specialists,https://freida.ama-assn.org/institution/369655,,,,"119 Hendersonville Rd, Asheville, NC 28803"
197,368015, Margaret R Pardee Memorial Hospital,https://freida.ama-assn.org/institution/368015,,,,"715 Fleming St, Hendersonville, NC 28739"
198,368084, Maria Parham Medical Center,https://freida.ama-assn.org/institution/368084,,,Duke Univ Sch of Med,"566 Ruin Creek, Henderson, NC 27536"
199,369548, Mars Hill College,https://freida.ama-assn.org/institution/369548,,,,"100 Athletic St, Mars Hill, NC 28754"
200,368014, Martin General Hospital,https://freida.ama-assn.org/institution/368014,,,,"310 S McCaskey Rd, Williamston, NC 27892"
201,369574, Matthews Surgery Center LLC,https://freida.ama-assn.org/institution/369574,,,,"710 Park Center Rd, Matthews, NC 28106"
202,360071, Med One Endocrinology,https://freida.ama-assn.org/institution/360071,,,,"1340 Walter Reed Rd, Fayetteville, NC 28304"
203,369529, MemoryCare,https://freida.ama-assn.org/institution/369529,,,,"100 Far Horizons Ln, Asheville, NC 28803"
204,369700, Meridian Behavioral Health Services,https://freida.ama-assn.org/institution/369700,,,,"PO Box 2187, Silva, NC 28779"
205,360096, Mission Fullerton Genetics Center,https://freida.ama-assn.org/institution/360096,,,,"9 Vanderbilt Park Dr, Asheville, NC 28803"
206,360095, Mission Hospital McDowell,https://freida.ama-assn.org/institution/360095,,,,"430 Rankin Dr, Marion, NC 28752"
207,360114, Mission Hospital-Memorial Campus,https://freida.ama-assn.org/institution/360114,Univ of North Carolina Sch of Med,,,"509 Biltmore Ave, Asheville, NC 28801"
208,360113, Mission Infectious Disease Associates,https://freida.ama-assn.org/institution/360113,,,,"900 Hendersonville Rd, Asheville, NC 28803"
209,360151, Monroe Rehabilitation Center,https://freida.ama-assn.org/institution/360151,,,,"1212 E Sunset Dr, Monroe, NC 28112"
210,369706, Mount Jefferson Family Medicine,https://freida.ama-assn.org/institution/369706,,,,"200 Hospital Ave, Jefferson, NC 28640"
211,360732, Mountain Area Health Education Center,https://freida.ama-assn.org/institution/360732,,"['Kansas City Univ of Med and Biosciences Coll of Osteopathic Med', 'Burrell Coll of Osteopathic Med', 'West Virginia Sch of Osteopathic Med']",,"501 Biltmore Ave, Asheville, NC 28801-4686"
212,360132, Mountain Child Advocacy Center,https://freida.ama-assn.org/institution/360132,,,,"11 Vanderbilt Park Dr, Ashville, NC 28803"
213,369608, Mountain Kidney and Hypertension Associates PA,https://freida.ama-assn.org/institution/369608,,,,"10 McDowell St, Asheville, NC 28801"
214,369639, Mountain Podiatry,https://freida.ama-assn.org/institution/369639,,,,"2315 Asheville Hwy, Hendersonville, NC 28791"
215,369653, Mountain Valley Hospice and Palliative Care,https://freida.ama-assn.org/institution/369653,,,,"401 Technology Ln, Mount Airy, NC 27030"
216,360509, Naval Medical Center (Camp LeJeune),https://freida.ama-assn.org/institution/360509,['Uniformed Services Univ of the Hlth Sci F Edward Hebert Sch of Med'],"['Midwestern Univ Arizona Coll of Osteopathic Med', 'Univ of California Davis Sch of Med', 'Lincoln Memorial Univ DeBusk Coll of Osteopathic Med', 'West Virginia Sch of Osteopathic Med']","['Virginia Commonwealth Univ Sch of Med', 'Pacific Northwest Univ of Health Sciences Coll of Osteopathic Med']","100 Brewster Blvd, Camp LeJeune, NC 28547-0100"
217,369680, Neurology Center of Lumberton,https://freida.ama-assn.org/institution/369680,,,,"785 Oakridge Blvd, Lumberton, NC 28358"
218,369607, North Buncombe Family Medicine PA,https://freida.ama-assn.org/institution/369607,,,,"201 Flat Creek Village Dr, Weaverville, NC 28787"
219,369528, North Carolina Central University-Athletic Department,https://freida.ama-assn.org/institution/369528,,,Univ of North Carolina Sch of Med,"1801 Fayetteville St, Durham, NC 27707"
220,360200, North Carolina Eye and Ear Hospital,https://freida.ama-assn.org/institution/360200,,,,"1110 W Main St, Durham, NC 27701-0000"
221,369558, Novant Health,https://freida.ama-assn.org/institution/369558,,Lincoln Memorial Univ DeBusk Coll of Osteopathic Med,,"19475 Old Jetton Rd, Cornelius, NC 28031"
222,360011, Novant Health Forsyth Medical Center,https://freida.ama-assn.org/institution/360011,,West Virginia Sch of Osteopathic Med,,"3333 Silas Creek Pkwy, Winston-Salem, NC 27103"
223,360242, Novant Health Forsyth Medical Center,https://freida.ama-assn.org/institution/360242,Wake Forest Univ Sch of Med,,,"3333 Silas Creek Pkwy, Winston-Salem, NC 27103"
224,369563, Novant Health Huntersville Medical Center,https://freida.ama-assn.org/institution/369563,,,Campbell Univ Jerry M Wallace Sch of Osteopathic Med,"20030 Gilead Rd, Huntersville, NC 28078"
225,360288, Novant Health New Hanover Regional Medical Center,https://freida.ama-assn.org/institution/360288,['Univ of North Carolina Sch of Med'],['Midwestern Univ Arizona Coll of Osteopathic Med'],,"2131 S 17th St, Wilmington, NC 28402-9025"
226,369564, Novant Health Presbyterian Medical Center,https://freida.ama-assn.org/institution/369564,,,,"200 Hawthorne Ln, Charlotte, NC 28204"
227,360514, Office of the Chief Medical Examiner,https://freida.ama-assn.org/institution/360514,,,Univ of North Carolina Sch of Med,"4312 District Dr, Raleigh, NC 27607"
228,360097, Olson Huff Center,https://freida.ama-assn.org/institution/360097,,,,"11 Vanderbilt Park Dr, Asheville, NC 28803"
229,369542, Orange County Emergency Services,https://freida.ama-assn.org/institution/369542,,,Univ of North Carolina Sch of Med,"510 Meadowlands Dr, Hillsborough, NC 27278"
230,368069, OrthoCarolina,https://freida.ama-assn.org/institution/368069,,West Virginia Sch of Osteopathic Med,,"125 Morehead Medical Dr, Charlotte, NC 28204"
231,360019, Orthopedic Specialists of North Carolina,https://freida.ama-assn.org/institution/360019,,,,"401 Keisler Dr, Cary, NC 27518"
232,368030, Orthopedics East and Sports Medicine Center,https://freida.ama-assn.org/institution/368030,,,,"622 Medical Dr, Greenville, NC 27834"
233,369597, Orthotics & Prosthetics East,https://freida.ama-assn.org/institution/369597,,,,"1025 WH Smith Blvd, Greenville, NC 27834"
234,368061, Pamlico Psychiatric Services-Beaufort County Hospital,https://freida.ama-assn.org/institution/368061,,,,"1211 Highland Dr, Washington, NC 27889"
235,369640, Park Hill Medicine PA,https://freida.ama-assn.org/institution/369640,,,,"510 Park Hill Ct, Hendersonville, NC 28739"
236,368041, Park Ridge Hospital,https://freida.ama-assn.org/institution/368041,,,,"100 Hospital Dr, Hendersonville, NC 28792"
237,369642, Pavillon,https://freida.ama-assn.org/institution/369642,,,Univ of North Carolina Sch of Med,"241 Pavillon Pl, Mill Spring, NC 28756"
238,368073, Physicians East,https://freida.ama-assn.org/institution/368073,,,,"1850 W Arlington Blvd, Greenville, NC 27834"
239,369520, Piedmont Health Services (Carrboro),https://freida.ama-assn.org/institution/369520,,,Univ of North Carolina Sch of Med,"301 Lloyd St, Carrboro, NC 27510"
240,369652, Piedmont Reproductive Endocrinology Group (PREG),https://freida.ama-assn.org/institution/369652,,,,"1330 Boiling Springs Rd, Spartanburg, NC 29330"
241,369577, Pinehurst Surgical Clinic,https://freida.ama-assn.org/institution/369577,,Univ of North Carolina Sch of Med,,"5 First Village Dr, Pinehurst, NC 28374"
242,369585, Pisgah Institute,https://freida.ama-assn.org/institution/369585,,,,"158 Zillicoa St, Asheville, NC 28801"
243,368064, Pitt County Department of Social Services,https://freida.ama-assn.org/institution/368064,,,,"1717 W 5th St, Greenville, NC 27834"
244,360741, Pitt County Mental Health Center,https://freida.ama-assn.org/institution/360741,,,,"203 Government Circle, Greenville, NC 27834-7706"
245,369614, Planned Parenthood,https://freida.ama-assn.org/institution/369614,,,,"68 McDowell St, Asheville, NC 28801"
246,360149, Planned Parenthood South Atlantic,https://freida.ama-assn.org/institution/360149,,,Univ of North Carolina Sch of Med,"100 S Boylan Ave, Raleigh, NC 27603"
247,368027, Port Human Services,https://freida.ama-assn.org/institution/368027,,,,"116 Health Dr, Greenville, NC 27834"
248,369687, Prana Health-Fayetteville,https://freida.ama-assn.org/institution/369687,,,,"2911 Breezewood Ave, Fayetteville, NC 28303"
249,368087, Presbyterian Hospital,https://freida.ama-assn.org/institution/368087,,,,"200 Hawthorne Ln, Charlotte, NC 28204"
250,369718, Purcell Clinic,https://freida.ama-assn.org/institution/369718,,,,"418 S King St, Larinburg, NC 28352"
251,369625, Quadrangle Endoscopy Center,https://freida.ama-assn.org/institution/369625,,,,"1850 W Arlington Blvd, Greenville, NC 27834"
252,369636, Rainbow Pediatrics PA,https://freida.ama-assn.org/institution/369636,,,,"110 Chadwick Square Ct, Hendersonville, NC 28739"
253,369545, Raleigh Dermatology Associates,https://freida.ama-assn.org/institution/369545,,,,"800 Springfield Commons, Raleigh, NC 27609"
254,369518, Raleigh Orthopaedic Clinic,https://freida.ama-assn.org/institution/369518,,,Univ of North Carolina Sch of Med,"10880 Durant Rd, Raleigh, NC 27614"
255,360120, RCCHC Ahoskie Comprehensive Care,https://freida.ama-assn.org/institution/360120,,,,"120 Health Center Dr, Ahoskie, NC 27910"
256,368048, Regional Surgical Specialists,https://freida.ama-assn.org/institution/368048,,,,"14 Medical Park, Asheville, NC 28803"
257,360098, Reuter Mission Children's Hospital Outreach,https://freida.ama-assn.org/institution/360098,,,,"11 Vanderbilt Park Dr, Asheville, NC 28803"
258,369530, Rex UNC Health Care,https://freida.ama-assn.org/institution/369530,,,Univ of North Carolina Sch of Med,"4420 Lake Boone Trail, Raleigh, NC 27607"
259,369586, RHA Health Services LLC,https://freida.ama-assn.org/institution/369586,,,,"17 Church St, Asheville, NC 28801"
260,360117, Rheumatology at Pardee,https://freida.ama-assn.org/institution/360117,,,,"705 B 6th Ave W, Hendersonville, NC 28739"
261,368013, Roanoke-Chowan Hospital,https://freida.ama-assn.org/institution/368013,,,,"500 S Academy St, Ahoskie, NC 27910"
262,360028, Robeson County Health Department,https://freida.ama-assn.org/institution/360028,,,,"460 Country Club Rd, Lumberton, NC 28360"
263,369710, Robeson Family Practice Associates,https://freida.ama-assn.org/institution/369710,,,,"1002 E 4th St, Red Springs, NC 28377"
264,369587, Runner's Mechanic,https://freida.ama-assn.org/institution/369587,,,,"1977 Hendersonville Rd, Asheville, NC 28803"
265,369572, SafeChild Advocacy Center,https://freida.ama-assn.org/institution/369572,,,Duke Univ Sch of Med,"2815 Kidd Rd, Raleigh, NC 27610"
266,369643, Safelight Hope and Healing for Families,https://freida.ama-assn.org/institution/369643,,,,"133 Fifth Ave W, Hendersonville, NC 28792"
267,360152, Sampson Radiation Oncology,https://freida.ama-assn.org/institution/360152,,,,"215 Beaman St, Clinton, NC 28328"
268,368017, Sampson Regional Medical Center,https://freida.ama-assn.org/institution/368017,['Campbell Univ Jerry M Wallace Sch of Osteopathic Med'],['Lincoln Memorial Univ DeBusk Coll of Osteopathic Med'],,"607 Beaman St, Clinton, NC 28328"
269,369567, Sardis Oaks Nursing Home,https://freida.ama-assn.org/institution/369567,,,,"5151 Dardis Rd, Charlotte, NC 28270"
270,368033, Scotland Memorial Hospital,https://freida.ama-assn.org/institution/368033,,,Duke Univ Sch of Med,"500 Lauchwood Dr, Laurinburg, NC 28352"
271,369621, Service League of Greenville-Hospice House,https://freida.ama-assn.org/institution/369621,,,,"920 Wellness Dr, Greenville, NC 27835"
272,369568, Sharon Towers,https://freida.ama-assn.org/institution/369568,,,,"5100 Sharon Rd, Charlotte, NC 28210"
273,368044, Sisters of Mercy Urgent Care (West Asheville),https://freida.ama-assn.org/institution/368044,,,,"1201 Patton Ave, Asheville, NC 28806"
274,368021, Skin Surgery Center (Winston-Salem),https://freida.ama-assn.org/institution/368021,,,,"125 Sunnyroll Ct, Winston-Salem, NC 27016"
275,369713, Southeastern Dermatology,https://freida.ama-assn.org/institution/369713,,,,"4390 Fayetteville Rd, Lumberton, NC 28358"
276,369714, Southeastern Eye Care,https://freida.ama-assn.org/institution/369714,,,,"106 Farm Brook Dr, Lumberton, NC 28358"
277,360041, Southeastern Medical Clinic North Lumberton,https://freida.ama-assn.org/institution/360041,,,,"725 Oakridge Blvd, Lumberton, NC 28358"
278,360042, Southeastern Surgical Center,https://freida.ama-assn.org/institution/360042,,,,"2934 N Elm St, Lumberton, NC 28358"
279,368020, Southern Regional Area Health Education Center,https://freida.ama-assn.org/institution/368020,,"['Kansas City Univ of Med and Biosciences Coll of Osteopathic Med', 'Lincoln Memorial Univ DeBusk Coll of Osteopathic Med']",,"1601 Owen Dr, Fayetteville, NC 28304-3482"
280,360134, TEACCH (Asheville),https://freida.ama-assn.org/institution/360134,,,,"100 Technology Dr, Ashville, NC 28803"
281,368034, TEACCH (Greenville),https://freida.ama-assn.org/institution/368034,,,,"108D W Firetower Rd, Winterville, NC 28590"
282,368065, Tedi Bear Children's Advocacy Center,https://freida.ama-assn.org/institution/368065,,,,"2303 Executive Cir, Greenville, NC 27834"
283,369579, Teen Health Connection,https://freida.ama-assn.org/institution/369579,,,,"3541 Randolph Rd, Charlotte, NC 28211"
284,369553, Thomasville Medical Center,https://freida.ama-assn.org/institution/369553,,,,"207 Old Lexington Rd, Thomasville, NC 27360"
285,369560, Transitions LifeCare,https://freida.ama-assn.org/institution/369560,,,Univ of North Carolina Sch of Med,"250 Hospice Circle, Raleigh, NC 27607"
286,369634, Transylvania Regional Hospital,https://freida.ama-assn.org/institution/369634,,,,"260 Hospital Dr, Brevard, NC 28712"
287,369707, Triangle Forensic Neuropsychiatry,https://freida.ama-assn.org/institution/369707,,,,"4700 Falls of Neuse Rd, Raleigh, NC 27609"
288,369604, Trillium Family Medicine PLLC,https://freida.ama-assn.org/institution/369604,,,,"675 Biltmore Ave, Asheville, NC 28803"
289,369569, UNC Health Blue Ridge,https://freida.ama-assn.org/institution/369569,,['Lincoln Memorial Univ DeBusk Coll of Osteopathic Med'],['Edward Via Coll of Osteopathic Med-Virginia'],"2201 S Sterling St, Morganton, NC 28655"
290,368072, UNC Health Southeastern,https://freida.ama-assn.org/institution/368072,['Campbell Univ Jerry M Wallace Sch of Osteopathic Med'],['Lincoln Memorial Univ DeBusk Coll of Osteopathic Med'],['Pacific Northwest Univ of Health Sciences Coll of Osteopathic Med'],"300 W 27th St, Lumberton, NC 28359"
291,360162, UNC Hospitals,https://freida.ama-assn.org/institution/360162,,,,"101 Manning Dr, Chapel Hill, NC 27514"
292,360067, UNC Hospitals Hillsborough Campus,https://freida.ama-assn.org/institution/360067,,,Univ of North Carolina Sch of Med,"430 Waterstone Dr, Hillsborough, NC 27278"
293,369523, Universal Health Care (Greenville),https://freida.ama-assn.org/institution/369523,,,,"2578 W 5th St, Greenville, NC 27834"
294,360478, University of North Carolina Hospitals,https://freida.ama-assn.org/institution/360478,['Univ of North Carolina Sch of Med'],['Duke Univ Sch of Med'],,"101 Manning Dr, Chapel Hill, NC 27514"
295,360511, University of North Carolina School of Medicine,https://freida.ama-assn.org/institution/360511,['Univ of North Carolina Sch of Med'],"['Midwestern Univ Arizona Coll of Osteopathic Med', 'George Washington Univ Sch of Med and Health Sci', 'Kansas City Univ of Med and Biosciences Coll of Osteopathic Med', 'West Virginia Sch of Osteopathic Med']",,"CB 7000-125 MacNider Bldg, Chapel Hill, NC 27599"
296,369502, University of North Carolina School of Public Health,https://freida.ama-assn.org/institution/369502,,Duke Univ Sch of Med,,"CB# 7400, Chapel Hill, NC 27599-7400"
297,368090, University of North Carolina-Asheville,https://freida.ama-assn.org/institution/368090,,George Washington Univ Sch of Med and Health Sci,,"1 University Heights, Asheville, NC 28804"
298,369562, University Surgery Center LLC (Mallard Creek Surgery Center),https://freida.ama-assn.org/institution/369562,,,,"9848 N Tryon St, Charlotte, NC 28262"
299,369547, VA Outpatient Healthcare Center,https://freida.ama-assn.org/institution/369547,,,,"401 Moye Blvd, Greenville, NC 27834"
300,360016, Valley Radiology,https://freida.ama-assn.org/institution/360016,,,,"3186 Village Dr, Fayetteville, NC 28304"
301,360473, Veterans Affairs Medical Center (Durham),https://freida.ama-assn.org/institution/360473,['Duke Univ Sch of Med'],,['Univ of North Carolina Sch of Med'],"508 Fulton St, Durham, NC 27705"
302,369616, Victoria Urological Associates PA,https://freida.ama-assn.org/institution/369616,,,,"100 Victoria Rd, Asheville, NC 28801"
303,369589, Vidant Beaufort Hospital,https://freida.ama-assn.org/institution/369589,,,,"628 E 12th St, Washington, NC 27889"
304,369593, Vidant Duplin Hospital,https://freida.ama-assn.org/institution/369593,,,,"401 N Main St, Kenansville, NC 28349"
305,369592, Vidant Edgecombe Hospital,https://freida.ama-assn.org/institution/369592,,,,"111 Hospital Dr, Tarboro, NC 27886"
306,369619, Vidant Home Health,https://freida.ama-assn.org/institution/369619,,,,"1005 WH Smith Blvd, Greenville, NC 27834"
307,369620, Vidant Hospice,https://freida.ama-assn.org/institution/369620,,,,"1005 WH Smith Blvd, Greenville, NC 27834"
308,360125, Vidant Orthopedics Kenansville,https://freida.ama-assn.org/institution/360125,,,,"211 Duplin St, Kenansville, NC 28349"
309,360122, Vidant Pediatrics-Kenansville,https://freida.ama-assn.org/institution/360122,,,,"144 Liberty Square Shopping Center, Kenansville, NC 28349"
310,369628, Vidant Rheumatology,https://freida.ama-assn.org/institution/369628,,,,"628 E 12th St, Washington, NC 27889"
311,360123, Vidant Women's Care Ahoskie,https://freida.ama-assn.org/institution/360123,,,,"700 S Academy St, Ahoskie, NC 27910"
312,360124, Vidant Women's Care Kenansville,https://freida.ama-assn.org/institution/360124,,,,"417 N Main St, Kenansville, NC 28349"
313,369708, Vidant Wound Clinic,https://freida.ama-assn.org/institution/369708,,,,"3900 E 10th St, Greenville, NC 27858"
314,369543, Wake County Emergency Medical Services,https://freida.ama-assn.org/institution/369543,,,Univ of North Carolina Sch of Med,"331 S McDowell St, Raleigh, NC 27601"
315,369544, Wake County Human Services,https://freida.ama-assn.org/institution/369544,,,Duke Univ Sch of Med,"2321 Crabtree Blvd, Raleigh, NC 27604"
316,368078, Wake Teen Medical Services,https://freida.ama-assn.org/institution/368078,,,,"505 Oberlin Rd, Raleigh, NC 27605"
317,360498, WakeMed Health and Hospitals,https://freida.ama-assn.org/institution/360498,['Univ of North Carolina Sch of Med'],['Campbell Univ Jerry M Wallace Sch of Osteopathic Med'],['Duke Univ Sch of Med'],"3000 New Bern Ave, Raleigh, NC 27610"
318,360066, WakeMed North Hospital,https://freida.ama-assn.org/institution/360066,,,Univ of North Carolina Sch of Med,"10000 Falls of Neuse Rd, Raleigh, NC 27614"
319,360076, WakeMed Physician Practices-WakeMed Brier Creek Healthplex,https://freida.ama-assn.org/institution/360076,,,,"8001 T W Alexander Dr, Raleigh, NC 27617"
320,360742, Walter B Jones Alcohol Rehabilitation Center,https://freida.ama-assn.org/institution/360742,,,,"2577 W 5th St, Greenville, NC 27834"
321,369549, Warren Wilson College,https://freida.ama-assn.org/institution/369549,,,,"701 Warren Wilson Rd, Swannanoa, NC 28778"
322,360045, Watauga Medical Center,https://freida.ama-assn.org/institution/360045,,,,"336 Deerfield Rd, Boone, NC 28607"
323,360057, Watauga Surgical Group,https://freida.ama-assn.org/institution/360057,,,,"965 State Farm Rd, Boone, NC 28607"
324,360736, Wayne Memorial Hospital,https://freida.ama-assn.org/institution/360736,,Campbell Univ Jerry M Wallace Sch of Osteopathic Med,,"2400 Wayne Memorial Dr, Goldsboro, NC 27534"
325,368060, Western Carolina Women's Specialty Center,https://freida.ama-assn.org/institution/368060,,,,"2100 Ridgefield Blvd, Asheville, NC 28806"
326,360049, Western Caroline Eye Associates,https://freida.ama-assn.org/institution/360049,,,,"610 State Farm Rd, Boone, NC 28607"
327,369535, Western North Carolina Community Health Services,https://freida.ama-assn.org/institution/369535,,,,"257 Biltmore Ave, Asheville, NC 28801"
328,368028, WG (Bill) Hefner VA Medical Center,https://freida.ama-assn.org/institution/368028,,"['Wake Forest Univ Sch of Med', 'Edward Via Coll of Osteopathic Med-Virginia']",,"1601 Brennan Ave, Salisbury, NC 28144"
329,360053, Wilkes Medical Center,https://freida.ama-assn.org/institution/360053,,Wake Forest Univ Sch of Med,,"1370 WD St N, Wilkesboro, NC 28659"
330,360153, Wilmington Eye,https://freida.ama-assn.org/institution/360153,,,,"1025 Medical Center Dr, Wilmington, NC 28401"
331,369659, Wilmington Health Dermatology,https://freida.ama-assn.org/institution/369659,,,,"2421 Silver Stream Ln, Wilmington, NC 28401"
332,360101, Womack Army Medical Center,https://freida.ama-assn.org/institution/360101,['Uniformed Services Univ of the Hlth Sci F Edward Hebert Sch of Med'],"['Midwestern Univ Arizona Coll of Osteopathic Med', 'Geisel Sch of Med at Dartmouth', 'Kansas City Univ of Med and Biosciences Coll of Osteopathic Med', 'West Virginia Sch of Osteopathic Med', 'George Washington Univ Sch of Med and Health Sci']",,"2817 Reilly Rd, Fort Bragg, NC 28310"
333,369677, Womens Life Center,https://freida.ama-assn.org/institution/369677,,,,"800 Oakridge Blvd, Lumberton, NC 28358"
334,369578, Youngs Physical Therapy and Sports Rehab,https://freida.ama-assn.org/institution/369578,,,,"518 Greenville Blvd SE, Greenville, NC 27858"
