,AMC_No,AMC_Name,URLS,Affiliation_Major,Affiliation_Limited,Affiliation_Graduate,Medical_Center_Address
0,370403, Altru Health System Hospital,https://freida.ama-assn.org/institution/370403,['Univ of North Dakota Sch of Med and Health Sciences'],['Midwestern Univ Arizona Coll of Osteopathic Med'],,"1200 S Columbia Rd, Grand Forks, ND 58206-6002"
1,378033, CHI St Alexius Health-Williston Medical Center,https://freida.ama-assn.org/institution/378033,,,,"1301 15th Ave W, Williston, ND 58801"
2,370390, Dakota Heartland Health System,https://freida.ama-assn.org/institution/370390,,,,"1720 S University Dr, Fargo, ND 58108-6014"
3,378024, Essentia Health,https://freida.ama-assn.org/institution/378024,['Univ of North Dakota Sch of Med and Health Sciences'],['Lincoln Memorial Univ DeBusk Coll of Osteopathic Med'],,"3000 32nd Ave S, Fargo, ND 58103"
4,378014, Essentia Health,https://freida.ama-assn.org/institution/378014,,,,"3000 32nd Ave SW, Fargo, ND 58103"
5,378021, Family HealthCare Center,https://freida.ama-assn.org/institution/378021,,Univ of North Dakota Sch of Med and Health Sciences,,"306 4th St N, Fargo, ND 58102"
6,378016, First District Health Unit,https://freida.ama-assn.org/institution/378016,,Univ of North Dakota Sch of Med and Health Sciences,,"801 11th Ave SW, Minot, ND 58702"
7,378029, First Step Recovery,https://freida.ama-assn.org/institution/378029,,Univ of North Dakota Sch of Med and Health Sciences,,"3201 Fiechtner Dr S, Fargo, ND 58103"
8,378017, Garrison Family Clinic,https://freida.ama-assn.org/institution/378017,,Univ of North Dakota Sch of Med and Health Sciences,,"437 3rd Ave SE, Garrison, ND 58540"
9,370159, Medcenter One Hospital,https://freida.ama-assn.org/institution/370159,,,,"300 N 7th St, Bismarck, ND 58506-5525"
10,378028, Mercy Medical Center,https://freida.ama-assn.org/institution/378028,,Univ of North Dakota Sch of Med and Health Sciences,,"1301 15th Ave W, Williston, ND 58801"
11,378031, North Dakota State Hospital,https://freida.ama-assn.org/institution/378031,,,,"2605 Circle Dr, Jamestown, ND 58401"
12,378013, Pinnacle Family Medicine Foundation,https://freida.ama-assn.org/institution/378013,,,,"4334 18th Ave SW, Fargo, ND 58103"
13,378015, Prairie St John's (Fargo),https://freida.ama-assn.org/institution/378015,,,,"510 4th St S, Fargo, ND 58102"
14,378025, Quentin N Burdick Memorial Health Care Facility,https://freida.ama-assn.org/institution/378025,,Geisel Sch of Med at Dartmouth,,"1300 Hospital Loop, Belcourt, ND 58316"
15,378032, Sanford Health-Bismarck,https://freida.ama-assn.org/institution/378032,Univ of North Dakota Sch of Med and Health Sciences,,,"300 N Seventh St, Bismarck, ND 58501"
16,370396, Sanford Medical Center Fargo,https://freida.ama-assn.org/institution/370396,['Univ of North Dakota Sch of Med and Health Sciences'],['Burrell Coll of Osteopathic Med'],,"720 N Fourth St, Fargo, ND 58122"
17,378011, Southeast Human Service Center,https://freida.ama-assn.org/institution/378011,,,Univ of North Dakota Sch of Med and Health Sciences,"2624 9th Ave SW, Fargo, ND 58103-2350"
18,370108, St Alexius Medical Center,https://freida.ama-assn.org/institution/370108,Univ of North Dakota Sch of Med and Health Sciences,,,"900 E Broadway, Bismarck, ND 58502-5510"
19,378020, Tioga Medical Center,https://freida.ama-assn.org/institution/378020,,,,"810 Welo St, Tioga, ND 58852"
20,370409, Trinity Health,https://freida.ama-assn.org/institution/370409,"['Idaho Coll of Osteopathic Med', 'Univ of North Dakota Sch of Med and Health Sciences']",,,"One Burdick Expy W, Minot, ND 58702-5020"
21,378026, UND Center for Family Medicine,https://freida.ama-assn.org/institution/378026,,,,"701 E Rosser Ave, Bismarck, ND 58501"
22,370408, UniMed Medical Center,https://freida.ama-assn.org/institution/370408,,,,"407 3rd St SE, Minot, ND 58701"
23,378022, University of North Dakota John D Odegard School of Aerospace Science,https://freida.ama-assn.org/institution/378022,,,Mayo Clinic Alix Sch of Med,"3980 Campus Rd, Grand Forks, ND 58202"
24,370400, University of North Dakota School of Medicine and Health Sciences,https://freida.ama-assn.org/institution/370400,['Univ of North Dakota Sch of Med and Health Sciences'],['Uniformed Services Univ of the Hlth Sci F Edward Hebert Sch of Med'],['Pacific Northwest Univ of Health Sciences Coll of Osteopathic Med'],"501 N Columbia Rd, Grand Forks, ND 58202-9037"
25,370395, Veterans Affairs Medical and Regional Office Center (Fargo),https://freida.ama-assn.org/institution/370395,Univ of North Dakota Sch of Med and Health Sciences,,,"2101 N Elm St, Fargo, ND 58102"
26,378027, West River Health Regional Medical Center,https://freida.ama-assn.org/institution/378027,,Univ of North Dakota Sch of Med and Health Sciences,,"1000 Hwy 12, Hettinger, ND 58639"
