,AMC_No,AMC_Name,URLS,Affiliation_Major,Affiliation_Limited,Affiliation_Graduate,Medical_Center_Address
0,389527, 88th Medical Group,https://freida.ama-assn.org/institution/389527,,,,"4881 Sugar Maple Dr, Wright-Patterson AFB, OH 45433"
1,389678, Abdus Mailk MD-Nephrology Office,https://freida.ama-assn.org/institution/389678,,,,"1280 N Court St, Circleville, OH 43113"
2,389619, Adena Regional Medical Center,https://freida.ama-assn.org/institution/389619,"['Ohio Univ Heritage Coll of Osteopathic Med', 'Lincoln Memorial Univ DeBusk Coll of Osteopathic Med']","['Ohio State Univ Coll of Med', 'Kansas City Univ of Med and Biosciences Coll of Osteopathic Med', 'Burrell Coll of Osteopathic Med', 'West Virginia Sch of Osteopathic Med']","['Pacific Northwest Univ of Health Sciences Coll of Osteopathic Med', 'Univ of Pikeville Kentucky Coll of Osteopathic Med']","446 Hospital Rd, Chillicothe, OH 45601"
3,389613, Adolescent Substance Abuse Programs,https://freida.ama-assn.org/institution/389613,,,,"9403 Kenwood Blvd, Cincinnati, OH 45242"
4,380044, Advanced Health Partners LLC,https://freida.ama-assn.org/institution/380044,,,,"12000 McCracken Rd, Garfield Heights, OH 44125"
5,389549, Advanced Specialty Hospitals of Toledo,https://freida.ama-assn.org/institution/389549,,,,"1015 Garden Lake Pkwy, Toledo, OH 43614"
6,389591, Ahuja Medical Center,https://freida.ama-assn.org/institution/389591,,,,"3999 Richmond Rd, Beachwood, OH 44122"
7,389936, Akron Children's Hospital Beeghly Campus,https://freida.ama-assn.org/institution/389936,,West Virginia Sch of Osteopathic Med,,"6505 Market St, Boardman, OH 44512"
8,389788, Akron Dermatology,https://freida.ama-assn.org/institution/389788,,,,"566 White Pond Dr, Akron, OH 44320"
9,389713, Allergy/Immunology Associates Inc,https://freida.ama-assn.org/institution/389713,,,,"5915 Landerbrook Dr, Mayfield Heights, OH 44124"
10,389505, Alois Alzheimer Center,https://freida.ama-assn.org/institution/389505,,,,"70 Damon Rd, Cincinnati, OH 45218"
11,389845, American Dermatopathology Laboratory,https://freida.ama-assn.org/institution/389845,,,,"210A E Spring Valley Pike, Centerville, oh 45458"
12,388064, American Red Cross,https://freida.ama-assn.org/institution/388064,,,,"3747 Euclid Ave, Cleveland, OH 44115-2501"
13,388063, American Red Cross-Central Ohio Region,https://freida.ama-assn.org/institution/388063,,,,"995 E Broad St, Columbus, OH 43205"
14,380021, Amethyst Inc,https://freida.ama-assn.org/institution/380021,,,,"455 E Mound St, Columbus, OH 43215"
15,389947, Antoine Chahine MD-Hematology/Oncology Office,https://freida.ama-assn.org/institution/389947,,,,"3695 Boardman-Canfield Rd, Canfield, OH 44406"
16,389714, Apex Dermatology and Skin Surgery Center LLC,https://freida.ama-assn.org/institution/389714,,,,"4800 Landerbrook Dr, Mayfield Heights, OH 44124"
17,380059, Apex Dermatology Hudson,https://freida.ama-assn.org/institution/380059,,,,"5655 Hudson Dr, Hudson, OH 44236"
18,389793, Appalachian Behavioral Healthcare Hospital,https://freida.ama-assn.org/institution/389793,,West Virginia Sch of Osteopathic Med,,"100 Hospital Dr, Athens, OH 45701"
19,388085, Applewood Centers Inc,https://freida.ama-assn.org/institution/388085,,,,"3518 W 25th St, Cleveland, OH 44109"
20,389725, Arbor View Family Medicine Inc,https://freida.ama-assn.org/institution/389725,,,,"2405 N Columbus St, Lancaster, OH 43130"
21,388020, Arthur G James Cancer Hospital and Research Institute,https://freida.ama-assn.org/institution/388020,Ohio State Univ Coll of Med,,,"300 W 10th Ave, Columbus, OH 43210"
22,389680, Assem Houssein MD-Endocrinology Office,https://freida.ama-assn.org/institution/389680,,,,"2405 N Columbus St, Lancaster, OH 43130"
23,389867, Athens Surgery Center,https://freida.ama-assn.org/institution/389867,,,,"75 Hospital Dr, Athens, OH 45701"
24,389607, Atrium Medical Center,https://freida.ama-assn.org/institution/389607,,,,"1 Medical Center Dr, Middletown, OH 45005"
25,380148, Aultman Hospital/NEOMED,https://freida.ama-assn.org/institution/380148,"['Northeast Ohio Med Univ Coll of Med', 'Lake Erie Coll of Osteopathic Med-Erie', 'Univ of Cincinnati Coll of Med']","['Ohio State Univ Coll of Med', 'West Virginia Sch of Osteopathic Med', 'Lincoln Memorial Univ DeBusk Coll of Osteopathic Med']",,"2600 6th St SW, Canton, OH 44710"
26,389805, Avita Health System,https://freida.ama-assn.org/institution/389805,,,,"269 Portland Way, Galion, OH 44833"
27,389093, Barberton City Schools,https://freida.ama-assn.org/institution/389093,,,,"479 Norton Ave, Barberton, OH 44203"
28,389682, Barrett & Geiss Dermatology Inc,https://freida.ama-assn.org/institution/389682,,,,"1566 Monmouth St, Lancaster, OH 43130"
29,380192, Barrington of West Chester,https://freida.ama-assn.org/institution/380192,,,,"7222 Heritagespring Dr, West Chester, OH 45069"
30,389657, Bath Creek Estates Health & Rehabilitation Center,https://freida.ama-assn.org/institution/389657,,,,"186 W Bath Rd, Cuyahoga Falls, OH 44223"
31,389030, Bath Manor Care Center,https://freida.ama-assn.org/institution/389030,,,,"2330 Smith Rd, Akron, OH 44333"
32,389516, Beacon Orthopaedic Research & Education Foundation Inc,https://freida.ama-assn.org/institution/389516,,,,"500 E Business Way, Sharonville, OH 45241"
33,389518, Beacon Orthopaedics & Sports Medicine-Beacon West,https://freida.ama-assn.org/institution/389518,,,,"6480 Harrison Ave, Cincinnati, OH 45247"
34,389517, Beacon Orthopaedics & Sports Medicine-Summit Woods,https://freida.ama-assn.org/institution/389517,,,,"500 E Business Way, Sharonville, OH 45241"
35,389810, Beavercreek Dermatology,https://freida.ama-assn.org/institution/389810,,,,"3572 Dayton Xenia Rd, Dayton, OH 45432"
36,388088, Bellefaire Jewish Children's Bureau,https://freida.ama-assn.org/institution/388088,,,,"22001 Fairmount Blvd, Shaker Heights, OH 44118"
37,389065, Berea Children's Home & Family Services,https://freida.ama-assn.org/institution/389065,,,,"202 E Bagley Rd, Berea, OH 44017"
38,389869, Berger Hospital,https://freida.ama-assn.org/institution/389869,,['Kansas City Univ of Med and Biosciences Coll of Osteopathic Med'],['Ohio State Univ Coll of Med'],"600 N Pickaway St, Circleville, OH 43113"
39,380080, Berger Medical Center Endocrinology,https://freida.ama-assn.org/institution/380080,,,,"210 Sharon Rd, Circleville, OH 43113"
40,389508, Bernstein Allergy Group Inc,https://freida.ama-assn.org/institution/389508,,,,"8444 Winton Rd, Cincinnati, OH 45231"
41,389526, Bethany Village,https://freida.ama-assn.org/institution/389526,,,,"6451 Far Hills Ave, Dayton, OH 45459"
42,388096, Blanchard Valley Hospital,https://freida.ama-assn.org/institution/388096,,,,"145 W Wallace St, Findlay, OH 45840"
43,389868, Brian Mihok DO Inc-Ophthalmology Office,https://freida.ama-assn.org/institution/389868,,,,"1989 Miamisburg Centerville Rd, Dayton, OH 45459"
44,389647, Buckeye Dermatology,https://freida.ama-assn.org/institution/389647,,,,"5720 Paul Blazer Pkwy, Dublin, OH 43017"
45,389683, Buckeye Spine and Rehabilitation,https://freida.ama-assn.org/institution/389683,,,,"2036 Schorrway Dr NW, Lancaster, OH 43130"
46,380190, Butler County General Health District,https://freida.ama-assn.org/institution/380190,,,,"301 S 3rd St, Hamilton, OH 45011"
47,388059, Canton Medical Education Foundation,https://freida.ama-assn.org/institution/388059,,Burrell Coll of Osteopathic Med,,"2600 6th St SW, Canton, OH 44710"
48,389655, Capital Care Network-Toledo,https://freida.ama-assn.org/institution/389655,,,,"1160 W Sylvania Ave, Toledo, OH 43612"
49,389073, Cardinal Orthopedics Adult Sports Medicine & Orthopedics,https://freida.ama-assn.org/institution/389073,,,,"259 Taylor Station Rd, Columbus, OH 43213"
50,389707, Cardiovascular Specialists,https://freida.ama-assn.org/institution/389707,,,,"618 Pleasantville Rd, Lancaster, OH 43130"
51,389609, Carrington Youth Academy,https://freida.ama-assn.org/institution/389609,,,,"2114 Noble Rd, Cleveland, OH 44112"
52,389068, Case Western Reserve University School of Medicine,https://freida.ama-assn.org/institution/389068,,"['Midwestern Univ Arizona Coll of Osteopathic Med', 'Case Western Reserve Univ Sch of Med', 'Univ of North Dakota Sch of Med and Health Sciences']",,"10900 Euclid Ave, Cleveland, OH 44106"
53,380373, Case Western Reserve University/University Hospitals Cleveland Medical Center,https://freida.ama-assn.org/institution/380373,"['Case Western Reserve Univ Sch of Med', 'Univ of North Dakota Sch of Med and Health Sciences']","['David Geffen Sch of Med at UCLA', 'Lincoln Memorial Univ DeBusk Coll of Osteopathic Med']",['Pacific Northwest Univ of Health Sciences Coll of Osteopathic Med'],"11100 Euclid Ave, Cleveland, OH 44106-2602"
54,389031, Catholic Charities Services Cuyahoga County,https://freida.ama-assn.org/institution/389031,,,,"3135 Euclid Ave, Cleveland, OH 44115"
55,380002, Center for Pain Medicine Western Reserve Hospital,https://freida.ama-assn.org/institution/380002,,,,"1900 23rd St, Cuyahoga, OH 44223"
56,389648, Center for Surgical Dermatology & Dermatology Associates,https://freida.ama-assn.org/institution/389648,,,,"428 County Line Rd, Westerville, OH 43082"
57,389618, Centers for Osteopathic Research and Education (CORE),https://freida.ama-assn.org/institution/389618,,,,"6775 Bobcat Way, Dublin, OH 43016"
58,389685, Central Ohio General Surgeons,https://freida.ama-assn.org/institution/389685,,,,"2405 N Columbus St, Lancaster, OH 43130"
59,380016, Central Ohio Geriatrics,https://freida.ama-assn.org/institution/380016,,,,"590 Newark Granville Rd, Granville, OH 43023"
60,389686, Central Ohio Plastic Surgery,https://freida.ama-assn.org/institution/389686,,,,"135 N Ewing St, Lancaster, OH 43130"
61,389632, Central Ohio Surgical Institute,https://freida.ama-assn.org/institution/389632,,,,"6520 W Campus Oval, New Albany, OH 43054"
62,380036, Central Ohio Trauma System,https://freida.ama-assn.org/institution/380036,,,,"1390 Dublin Rd, Columbus, OH 43215"
63,389886, Chagrin/Southeast Hazmat,https://freida.ama-assn.org/institution/389886,,,,"21 W Washington St, Chagrin Falls, OH 44022"
64,389022, Child Guidance and Family Solutions,https://freida.ama-assn.org/institution/389022,,,,"100 W Cedar St, Akron, OH 44308"
65,380371, Children's Hospital Medical Center of Akron,https://freida.ama-assn.org/institution/380371,"['Northeast Ohio Med Univ Coll of Med', 'Univ of Cincinnati Coll of Med']","['Midwestern Univ Arizona Coll of Osteopathic Med', 'Lincoln Memorial Univ DeBusk Coll of Osteopathic Med']",,"One Perkins Sq, Akron, OH 44308-1062"
66,389794, Chillicothe Correctional Institution,https://freida.ama-assn.org/institution/389794,,,,"15802 OH-104, Chillicothe, OH 45601"
67,389624, Chillicothe VA Medical Center,https://freida.ama-assn.org/institution/389624,,Kansas City Univ of Med and Biosciences Coll of Osteopathic Med,,"17273 State Rte 104, Chillicothe, OH 45601"
68,380492, Christ Hospital,https://freida.ama-assn.org/institution/380492,['Univ of Cincinnati Coll of Med'],['Ohio Univ Heritage Coll of Osteopathic Med'],['Ohio State Univ Coll of Med'],"2139 Auburn Ave, Cincinnati, OH 45219"
69,380302, Cincinnati Children's Hospital Medical Center,https://freida.ama-assn.org/institution/380302,['Univ of Cincinnati Coll of Med'],['Univ of Louisville Sch of Med'],,"3333 Burnet Ave, Cincinnati, OH 45229-3039"
70,389056, Cincinnati Eye Institute,https://freida.ama-assn.org/institution/389056,,,,"10494 Montgomery Rd, Cincinnati, OH 45236"
71,388058, Cincinnati Sports Medicine and Orthopaedic Center,https://freida.ama-assn.org/institution/388058,,,,"311 Straight St, Cincinnati, OH 45219"
72,389521, Citas Hospice of Cincinnati,https://freida.ama-assn.org/institution/389521,,,,"151 W Gilbraith Rd, Cincinnati, OH 45216"
73,389954, City of Cleveland EMS,https://freida.ama-assn.org/institution/389954,,,,"1701 Lakeside Ave, Cleveland, OH 44114"
74,380035, City of Columbus Division of Fire,https://freida.ama-assn.org/institution/380035,,,,"3639 Parsons Ave, Columbus, OH 43207"
75,389544, Clark County Combined Health District,https://freida.ama-assn.org/institution/389544,,,,"529 E Home Rd, Springfield, OH 45503"
76,389789, Cleveland Browns Training Facility,https://freida.ama-assn.org/institution/389789,,,,"76 Lou Groza Blvd, Berea, OH 44017"
77,389542, Cleveland Center for Eating Disorders,https://freida.ama-assn.org/institution/389542,,,,"25550 Chagrin Blvd, Beachwood, OH 44122"
78,380124, Cleveland Clinic Akron General,https://freida.ama-assn.org/institution/380124,"['Lake Erie Coll of Osteopathic Med-Bradenton', 'Northeast Ohio Med Univ Coll of Med', 'Ohio Univ Heritage Coll of Osteopathic Med', 'Lake Erie Coll of Osteopathic Med-Erie', 'Univ of Cincinnati Coll of Med']","['Midwestern Univ Arizona Coll of Osteopathic Med', 'Kansas City Univ of Med and Biosciences Coll of Osteopathic Med', 'West Virginia Sch of Osteopathic Med', 'Lincoln Memorial Univ DeBusk Coll of Osteopathic Med']",,"400 Wabash Ave, Akron, OH 44307"
79,389594, Cleveland Clinic Children's Hospital for Rehabilitation,https://freida.ama-assn.org/institution/389594,,,,"2801 Martin Luther King Jr Dr, Cleveland, OH 44104"
80,380393, Cleveland Clinic Foundation,https://freida.ama-assn.org/institution/380393,"['Case Western Reserve Univ Sch of Med', 'Ohio Univ Heritage Coll of Osteopathic Med', 'Univ of North Dakota Sch of Med and Health Sciences']","['Univ of Toledo Coll of Med and Life Sciences', 'West Virginia Univ Sch of Med']",['Ohio State Univ Coll of Med'],"9500 Euclid Ave, Cleveland, OH 44195-5242"
81,389891, Cleveland Clinic Rehabilitation Hospital,https://freida.ama-assn.org/institution/389891,,,,"33355 Health Campus Blvd, Avon, OH 44011"
82,389592, Cleveland Clinic-Medina Hospital,https://freida.ama-assn.org/institution/389592,,"['Northeast Ohio Med Univ Coll of Med', 'Univ of Cincinnati Coll of Med']",,"1000 E Washington St, Medina, OH 44256"
83,389611, Cleveland Cord Blood Center,https://freida.ama-assn.org/institution/389611,,,,"25001 Emery Rd, Cleveland, OH 44128"
84,389087, Cleveland Department of Public Health,https://freida.ama-assn.org/institution/389087,,,,"75 Erieview Plaza, Cleveland, OH 44114"
85,389880, Cleveland Heights Fire Department,https://freida.ama-assn.org/institution/389880,,,,"40 Severance Circle, Cleveland Heights, OH 44118"
86,389558, Cleveland Metropolitan School District,https://freida.ama-assn.org/institution/389558,,,,"1111 Superior Ave, Cleveland, OH 44114"
87,388057, Cleveland Psychoanalytic Institute,https://freida.ama-assn.org/institution/388057,,,,"11328 Euclid Ave, Cleveland, OH 44106"
88,389060, Cleveland Skin Pathology Laboratories Inc,https://freida.ama-assn.org/institution/389060,,,,"3737 Park East Dr, Beachwood, OH 44122"
89,380007, Cleveland Treatment Center,https://freida.ama-assn.org/institution/380007,,,,"1127 Carnegie Ave, Cleveland, OH 44115"
90,388067, Clinton Memorial Hospital,https://freida.ama-assn.org/institution/388067,,,,"610 W Main St, Wilmington, OH 45177-2194"
91,389709, Coleman Professional Services,https://freida.ama-assn.org/institution/389709,,,,"55 Arch St, Akron, OH 44304"
92,389727, Colonnade Medical Group,https://freida.ama-assn.org/institution/389727,,,,"1550 Sheridan Dr, Lancaster, OH 43130"
93,380066, Columbus Arthritis Center,https://freida.ama-assn.org/institution/380066,,,,"1211 Dublin Rd, Columbus, OH 43215"
94,389559, Columbus Division of Fire,https://freida.ama-assn.org/institution/389559,,,,"3675 Parsons Ave, Columbus, OH 43207"
95,389560, Columbus MedFlight,https://freida.ama-assn.org/institution/389560,,,,"2827 W Dublin Granville Rd, Columbus, OH 43235"
96,389523, Columbus Public Health,https://freida.ama-assn.org/institution/389523,,,,"240 Parsons Ave, Columbus, OH 43215"
97,380057, Columbus Springs Dublin,https://freida.ama-assn.org/institution/380057,,,,"7625 Hospital Dr, Dublin, OH 43016"
98,380001, Community Health Center,https://freida.ama-assn.org/institution/380001,,West Virginia Sch of Osteopathic Med,,"725 E Market St, Akron, OH 44305"
99,389926, CompDrug,https://freida.ama-assn.org/institution/389926,,,,"547 E 11th St, Columbus, OH 43211"
100,380055, CompuNet Clinical Laboratory,https://freida.ama-assn.org/institution/380055,,,,"1 Wyoming St, Dayton, OH 45409"
101,389580, Connections Ohio,https://freida.ama-assn.org/institution/389580,,,,"1400 W 25th St, Cleveland, OH 44113"
102,389827, Crossroad Health Center,https://freida.ama-assn.org/institution/389827,,,,"5 E Liberty St, Cincinnati, OH 45202"
103,389075, Crossroads Center Inc,https://freida.ama-assn.org/institution/389075,,,,"311 Martin Luther King Dr, Cincinnati, OH 45220"
104,389063, Crystal Clinic,https://freida.ama-assn.org/institution/389063,,,,"3975 Embassy Pkwy, Akron, OH 44333"
105,389067, Crystal Clinic Orthopaedic Center,https://freida.ama-assn.org/institution/389067,,,,"20 Olive St, Akron, OH 44310"
106,389053, Cuyahoga County Board of Health,https://freida.ama-assn.org/institution/389053,,,,"5550 Venture Dr, Parma, OH 44130"
107,389070, Cuyahoga County Corrections Center,https://freida.ama-assn.org/institution/389070,,,,"1215 W 3rd St, Cleveland, OH 44113"
108,388090, Cuyahoga County Juvenile Court,https://freida.ama-assn.org/institution/388090,,,,"2163 E 22nd ST, Cleveland, OH 44115"
109,380198, Cuyahoga County Medical Examiner's Office,https://freida.ama-assn.org/institution/380198,"['Kansas City Univ of Med and Biosciences Coll of Osteopathic Med', 'Lake Erie Coll of Osteopathic Med-Erie']","['Des Moines Univ Coll of Osteopathic Med', 'Ohio Univ Heritage Coll of Osteopathic Med']","['Case Western Reserve Univ Sch of Med', 'Univ of North Dakota Sch of Med and Health Sciences']","11001 Cedar Ave, Cleveland, OH 44106"
110,389090, Cuyahoga Falls City District School District,https://freida.ama-assn.org/institution/389090,,,,"2222 Issaquah St, Cuyahoga Falls, OH 44223"
111,389593, CWRU University Health Services-Student Health Clinic,https://freida.ama-assn.org/institution/389593,,,,"2145 Adelbert Rd, Cleveland, OH 44106"
112,389620, Darby Glenn Nursing and Rehabilitation Center,https://freida.ama-assn.org/institution/389620,,,,"4787 Tremont Club Dr, Hilliard, OH 43026"
113,389933, David Regule MD-Rheumatology Office,https://freida.ama-assn.org/institution/389933,,,,"1001 Covington St, Youngstown, OH 44510"
114,389860, Dayton Arthritis and Allergy Center,https://freida.ama-assn.org/institution/389860,,,,"3075 Governor's Pl Blvd, Dayton, OH 45409"
115,389792, Dayton Center for Neurological Disorders,https://freida.ama-assn.org/institution/389792,,,,"1975 Miamisbury Centerville Rd, Washington Township, OH 45459"
116,380536, Dayton Children's Hospital,https://freida.ama-assn.org/institution/380536,Boonshoft Sch of Med Wright State Univ,,,"One Children's Plaza, Dayton, OH 45404-1815"
117,389874, Dayton Eye Care Inc,https://freida.ama-assn.org/institution/389874,,,,"8216 N Main St, Dayton, OH 45415"
118,389601, Dayton Physicians Network-Hematology/Medical Oncology,https://freida.ama-assn.org/institution/389601,,,,"6680 Poe Ave, Dayton, OH 45414"
119,389020, Dayton Skin Surgery Center,https://freida.ama-assn.org/institution/389020,,,Boonshoft Sch of Med Wright State Univ,"3025 Governors Place Blvd, Dayton, OH 45409"
120,389872, Dayton Vitreo-Retinal Associates Inc,https://freida.ama-assn.org/institution/389872,,,,"301 W First St, Dayton, OH 45402"
121,389817, Delaware Court Healthcare Center,https://freida.ama-assn.org/institution/389817,,,,"4 New Market Dr, Delaware, OH 43016"
122,389520, Denison University Health Clinic Service,https://freida.ama-assn.org/institution/389520,,,,"100 W College St, Granville, OH 43023"
123,389790, Dermatologic Surgery Center of Northeast Ohio Inc,https://freida.ama-assn.org/institution/389790,,,,"1133 Medina Rd, Medina, OH 44256"
124,389525, Dermatology and Laser Surgery Center,https://freida.ama-assn.org/institution/389525,,,,"6720 Loop Rd, Dayton, OH 45459"
125,380041, Dermatology Skincare & Associates,https://freida.ama-assn.org/institution/380041,,,,"5160 Socialville-Foster Rd, Mason, OH 45040"
126,389643, Diangostic Labs of Central States,https://freida.ama-assn.org/institution/389643,,,,"7835 Paragon Rd, Dayton, OH 45459"
127,388070, Doctors Hospital OhioHealth,https://freida.ama-assn.org/institution/388070,,,,"1087 Dennison Ave, Columbus, OH 43201-3496"
128,389026, Doctors Hospital/OhioHealth,https://freida.ama-assn.org/institution/389026,"['Ohio State Univ Coll of Med', 'Ohio Univ Heritage Coll of Osteopathic Med']","['Midwestern Univ Arizona Coll of Osteopathic Med', 'Kansas City Univ of Med and Biosciences Coll of Osteopathic Med', 'Lincoln Memorial Univ DeBusk Coll of Osteopathic Med']",['Pacific Northwest Univ of Health Sciences Coll of Osteopathic Med'],"5100 Broad St, Columbus, OH 43228-1607"
129,380368, Drake Center Inc,https://freida.ama-assn.org/institution/380368,,,Univ of Cincinnati Coll of Med,"151 W Galbraith Rd, Cincinnati, OH 45216"
130,389710, Dublin Methodist Hospital,https://freida.ama-assn.org/institution/389710,,"['Ohio Univ Heritage Coll of Osteopathic Med', 'Kansas City Univ of Med and Biosciences Coll of Osteopathic Med']",,"7500 Hospital Dr, Dublin, OH 43016"
131,389625, East Liverpool City Hospital,https://freida.ama-assn.org/institution/389625,,West Virginia Sch of Osteopathic Med,,"425 W Fifth St, East Liverpool, OH 43920"
132,389826, East Ohio Regional Hospital,https://freida.ama-assn.org/institution/389826,,,,"90 N 4th St, Martins Ferry, OH 43935"
133,380128, Eastgatespring of Cincinnati,https://freida.ama-assn.org/institution/380128,,,,"4400 Glen Este-Withamsville Rd, Cincinnati, OH 45245"
134,389096, Eastside Surgery Center,https://freida.ama-assn.org/institution/389096,,,,"4850 E Main St, Columbus, OH 43213"
135,389092, Education Alternatives,https://freida.ama-assn.org/institution/389092,,,,"1225 Orlen Ave, Cuyahoga Falls, OH 44221"
136,389522, Eliza Bryant Village,https://freida.ama-assn.org/institution/389522,,,,"7201 Wade Park Ave, Cleveland, OH 44104"
137,389550, Encompass Health Rehabilitation Hospital of Cincinnati,https://freida.ama-assn.org/institution/389550,,,,"151 W Gilbraith Rd, Cincinnati, OH 45216"
138,389804, Endocrinology Specialists,https://freida.ama-assn.org/institution/389804,,,,"193 W Schrock Rd, Westerville, OH 43081"
139,389045, Episcopal Retirement Homes,https://freida.ama-assn.org/institution/389045,,,,"3870 Virginia Ave, Cincinnati, OH 45227-3427"
140,389530, Euclid Hospital,https://freida.ama-assn.org/institution/389530,,,,"18901 Lake Shore Blvd, Euclid, OH 44119"
141,389543, Eye Center,https://freida.ama-assn.org/institution/389543,,,,"262 Neil Ave, Columbus, OH 43215"
142,389724, Fairfield Community Health Center,https://freida.ama-assn.org/institution/389724,,,,"1155 E Main St, Lancaster, OH 43130"
143,380019, Fairfield County Family Adult and Children First Council,https://freida.ama-assn.org/institution/380019,,,,"831 College Ave, Lancaster, OH 43130"
144,389585, Fairfield Medical Center,https://freida.ama-assn.org/institution/389585,['Ohio Univ Heritage Coll of Osteopathic Med'],"['Ohio State Univ Coll of Med', 'Midwestern Univ Arizona Coll of Osteopathic Med', 'Kansas City Univ of Med and Biosciences Coll of Osteopathic Med', 'West Virginia Sch of Osteopathic Med']",,"401 N Ewing St, Lancaster, OH 43130"
145,380268, Fairview Health System (Lutheran Medical Center),https://freida.ama-assn.org/institution/380268,,,,"2609 Franklin Blvd, Cleveland, OH 43113-2992"
146,380209, Fairview Hospital,https://freida.ama-assn.org/institution/380209,,"['Case Western Reserve Univ Sch of Med', 'Ohio Univ Heritage Coll of Osteopathic Med', 'Kansas City Univ of Med and Biosciences Coll of Osteopathic Med', 'West Virginia Sch of Osteopathic Med', 'Univ of North Dakota Sch of Med and Health Sciences']",,"18101 Lorain Ave, Cleveland, OH 44111-5656"
147,389081, Falls Village Retirement Community,https://freida.ama-assn.org/institution/389081,,,,"330 Broadway E, Cuyahoga Falls, OH 44221"
148,389945, Family Planning Association of Northeast Ohio,https://freida.ama-assn.org/institution/389945,,,,"54 S State St, Painesville, OH 44077"
149,389626, Firelands Regional Medical Center,https://freida.ama-assn.org/institution/389626,['Ohio Univ Heritage Coll of Osteopathic Med'],['Kansas City Univ of Med and Biosciences Coll of Osteopathic Med'],,"1111 Hayes Ave, Sandusky, OH 44870"
150,389600, First Dayton Center Care-Radiation Oncology,https://freida.ama-assn.org/institution/389600,,,,"2632 Woodman Center Ct, Dayton, OH 45420"
151,389076, First Step Home,https://freida.ama-assn.org/institution/389076,,,,"2203 Fulton Ave, Cincinnati, OH 45206"
152,389885, FirstEnergy Stadium,https://freida.ama-assn.org/institution/389885,,,,"100 Alfred Lerner Way, Cleveland, OH 44114"
153,389673, Fisher-Titus Medical Center,https://freida.ama-assn.org/institution/389673,,"['Univ of Toledo Coll of Med and Life Sciences', 'Kansas City Univ of Med and Biosciences Coll of Osteopathic Med']",,"272 Benedict Ave, Norwalk, OH 44857"
154,389960, Five Rivers Health Centers,https://freida.ama-assn.org/institution/389960,,,,"721 Miami Chapel Rd, Dayton, OH 45417"
155,389099, Flight Medicine Clinic,https://freida.ama-assn.org/institution/389099,,,,"4881 Sugar Maple Dr, Wright-Patterson AFB, OH 45433"
156,380362, Flower Hospital,https://freida.ama-assn.org/institution/380362,,Univ of Toledo Coll of Med and Life Sciences,,"5200 Harroun Rd, Sylvania, OH 43560"
157,389676, Forensic Psychiatry of Ohio Inc,https://freida.ama-assn.org/institution/389676,,,,"1985 Henderson Rd, Columbus, OH 43220"
158,388017, Franklin County Coroner's Office,https://freida.ama-assn.org/institution/388017,,,,"520 King Ave, Columbus, OH 43201"
159,380026, Franklin Township (Ohio) Fire Department,https://freida.ama-assn.org/institution/380026,,,,"505 Boyce Rd, Shelby, OH 44875"
160,389890, Fresenius Kidney Care,https://freida.ama-assn.org/institution/389890,,,,"4661 Karl Rd, Columbus, OH 43229"
161,388086, Frontline Service-Mental Health Services,https://freida.ama-assn.org/institution/388086,,,,"3518 W 25th St, Cleveland, OH 44109"
162,380061, Fulton County Health Center,https://freida.ama-assn.org/institution/380061,,,,"725 S Shoop Ave, Wauseon, OH 43561"
163,389950, Gastroenterology Clinic and Endoscopy Center,https://freida.ama-assn.org/institution/389950,,,,"235 OH-14, Columbiana, OH 44408"
164,389818, Genesis Hospital,https://freida.ama-assn.org/institution/389818,,,,"2951 Maple Ave, Zanesville, OH 43701"
165,389524, Grandview Medical Center,https://freida.ama-assn.org/institution/389524,,"['Midwestern Univ Arizona Coll of Osteopathic Med', 'Kansas City Univ of Med and Biosciences Coll of Osteopathic Med', 'West Virginia Sch of Osteopathic Med', 'Lincoln Memorial Univ DeBusk Coll of Osteopathic Med']",['Pacific Northwest Univ of Health Sciences Coll of Osteopathic Med'],"405 W Grand Ave, Dayton, OH 45405"
166,380317, Grant Medical Center (OhioHealth),https://freida.ama-assn.org/institution/380317,['Ohio Univ Heritage Coll of Osteopathic Med'],['Kansas City Univ of Med and Biosciences Coll of Osteopathic Med'],['Ohio State Univ Coll of Med'],"285 E State St, Columbus, OH 43215-1898"
167,389513, Greater Cincinnati Behavioral Health,https://freida.ama-assn.org/institution/389513,,,,"1501 Madison Rd, Cincinnati, OH 45206"
168,389091, Green Local School District,https://freida.ama-assn.org/institution/389091,,,,"1737 Steese Rd, Uniontown, OH 44685"
169,389098, Greene County Combined Health District,https://freida.ama-assn.org/institution/389098,,,,"360 Wilson Dr, Xenia, OH 45385"
170,380753, Greene Memorial Hospital,https://freida.ama-assn.org/institution/380753,,,,"1141 N Monroe Dr, Xenia, OH 45385"
171,380541, Hamilton County Coroner's Office,https://freida.ama-assn.org/institution/380541,,,,"3159 Eden Ave, Cincinnati, OH 45219"
172,389024, Hanna Perkins Center,https://freida.ama-assn.org/institution/389024,,,,"19910 Malvern Rd, Shaker Heights, OH 44122"
173,389037, Hattie Larlham Center for Children With Disabilities,https://freida.ama-assn.org/institution/389037,,,,"9772 Diagonal Rd, Mantua, OH 44255"
174,389079, Heartland Holly Glen,https://freida.ama-assn.org/institution/389079,,,,"4293 Monroe St, Toledo, OH 43606"
175,389842, Heartland of Centerville,https://freida.ama-assn.org/institution/389842,,,,"1001 E Alex Bell Rd, Dayton, OH 45459"
176,389941, Heartland of Marietta,https://freida.ama-assn.org/institution/389941,,,,"5001 OH-60, Marietta, OH 45750"
177,389888, Heights Area Special Rescue Team,https://freida.ama-assn.org/institution/389888,,,,"1349 S Green Rd, South Euclid, OH 44121"
178,389049, Heritagespring of West Chester,https://freida.ama-assn.org/institution/389049,,,,"7235 Heritage Spring Dr, West Chester, OH 45069"
179,380483, Hillcrest Hospital,https://freida.ama-assn.org/institution/380483,,,,"6780 Mayfield Rd, Mayfield Heights, OH 44124-2202"
180,389932, Holly Maggiano MD-Neurology Office,https://freida.ama-assn.org/institution/389932,,,,"983 Niles Cortland Rd SE, Warren, OH 44484"
181,389630, Holzer Medical Center,https://freida.ama-assn.org/institution/389630,,"['Kansas City Univ of Med and Biosciences Coll of Osteopathic Med', 'West Virginia Sch of Osteopathic Med']",,"100 Jackson Pike, Gallipolis, OH 45631"
182,389834, Hopewell Health Center,https://freida.ama-assn.org/institution/389834,,,,"90 Hospital Dr, Athens, OH 45701"
183,389046, Hospice of Cincinnati,https://freida.ama-assn.org/institution/389046,,,,"4310 Cooper Rd, Cincinnati, OH 45242"
184,389036, Hospice of Dayton,https://freida.ama-assn.org/institution/389036,,,,"324 Wilmington Ave, Dayton, OH 45420"
185,389059, Hospice of Northwest Ohio,https://freida.ama-assn.org/institution/389059,Univ of Toledo Coll of Med and Life Sciences,,,"800 S Detroit Ave, Toledo, OH 43609"
186,380108, Hospice of the Valley-Hospice House,https://freida.ama-assn.org/institution/380108,,,,"9803 Sharrott Rd, Youngstown, OH 44514"
187,389035, Hospice of the Western Reserve,https://freida.ama-assn.org/institution/389035,,,,"300 E 185th St, Cleveland, OH 44119"
188,389962, Howland Surgery Center,https://freida.ama-assn.org/institution/389962,,,,"1934 Niles Cortland Rd NE, Warren, OH 44484"
189,380763, Hoxworth Blood Center,https://freida.ama-assn.org/institution/380763,,,,"3130 Highland Ave, Cincinnati, OH 45267-0055"
190,380170, Huron Hospital,https://freida.ama-assn.org/institution/380170,,,,"13951 Terrace Rd, Cleveland, OH 44112-4399"
191,389812, Indu and Raj Soin Medical Center,https://freida.ama-assn.org/institution/389812,,,,"3535 Pentagon Blvd, Beavercreek, OH 45431"
192,389791, Infectious Disease Consultants,https://freida.ama-assn.org/institution/389791,,,,"110 N Ewing, Lancaster, OH 43130"
193,389028, Inner City Nursing Home Inc,https://freida.ama-assn.org/institution/389028,,,,"9014 Cedar Rd, Cleveland, OH 44106"
194,380045, Integrative Wellness,https://freida.ama-assn.org/institution/380045,,,,"6909 E Royalton Rd, Brecksville, OH 44141"
195,389675, Intergenerational School,https://freida.ama-assn.org/institution/389675,,,,"11327 Shaker Blvd, Cleveland, OH 44104"
196,389861, Internal Medicine Care Inc,https://freida.ama-assn.org/institution/389861,,,,"2510 Commons Blvd, Beavercreek, OH 45431"
197,389654, IVF-Michigan,https://freida.ama-assn.org/institution/389654,,,,"6711 Monroe St, Toledo, OH 43560"
198,389873, Iworks Laser & Vision Center,https://freida.ama-assn.org/institution/389873,,,,"425 W Grand Ave, Dayton, OH 45405"
199,380027, Jackson Township (Ohio) Fire Department,https://freida.ama-assn.org/institution/380027,,,,"7383 Fulton Dr NW, Massillon, OH 44646"
200,389935, James Armile DO-Dermatology Office,https://freida.ama-assn.org/institution/389935,,,,"8262 South Ave, Boardman, OH 44512"
201,380028, Jefferson Township (Ohio) Fire Department,https://freida.ama-assn.org/institution/380028,,,,"6767 Havens Comers Rd, Blacklick, OH 43004"
202,380114, Jennings Center,https://freida.ama-assn.org/institution/380114,,,,"10204 Granger Rd, Garfield Heights, OH 44125"
203,389503, Jeremy Mathis DO-Adult Sport Med and Orthopedics Office,https://freida.ama-assn.org/institution/389503,,,,"1313 Olentangy River Rd, Columbus, OH 43212"
204,380428, Jewish Hospital of Cincinnati,https://freida.ama-assn.org/institution/380428,,Univ of Cincinnati Coll of Med,,"4777 E Galbraith Rd, Cincinnati, OH 45236"
205,389939, Joseph Cerimele DO-Sports Medicine Office,https://freida.ama-assn.org/institution/389939,,,,"16844 St Clair Ave, East Liverpool, OH 43920"
206,380043, Katrina C Rakowsky DO-Neuromuscular Center,https://freida.ama-assn.org/institution/380043,,,,"4200 Warrensville Center Rd, Warrensville Heights, OH 44122"
207,389615, Kettering Health Network,https://freida.ama-assn.org/institution/389615,"['Loma Linda Univ Sch of Med', 'Ohio Univ Heritage Coll of Osteopathic Med']","['Kansas City Univ of Med and Biosciences Coll of Osteopathic Med', 'Burrell Coll of Osteopathic Med', 'West Virginia Sch of Osteopathic Med']",,"3535 Southern Blvd, Kettering, OH 45429-1221"
208,380515, Kettering Medical Center,https://freida.ama-assn.org/institution/380515,Boonshoft Sch of Med Wright State Univ,,,"3535 Southern Blvd, Kettering, OH 45429-2989"
209,389841, Kettering Physician Network,https://freida.ama-assn.org/institution/389841,,,,"1050 Innovation Way, Miamisburg, OH 45342"
210,380038, Kingston Care Center,https://freida.ama-assn.org/institution/380038,,,,"333 E Boundary St, Perrysburg, OH 43551"
211,389829, Kingston Care Center of Sylvania,https://freida.ama-assn.org/institution/389829,,,,"4121 King Rd, Sylvania, OH 43560"
212,389956, Knightsbridge Surgery Center,https://freida.ama-assn.org/institution/389956,,,,"4845 Knightsbridge Blvd, Columbus, OH 43214"
213,389078, Lake Park Skilled and Long Term Care,https://freida.ama-assn.org/institution/389078,,,,"5100 Harroun Rd, Sylvania, OH 43560"
214,389064, Lakewood Hospital,https://freida.ama-assn.org/institution/389064,,,,"14519 Detroit Rd, Lakewood, OH 44107"
215,389563, Laurels of Norworth Skilled Nursing and Rehabilitation,https://freida.ama-assn.org/institution/389563,,,,"6830 High St, Worthington, OH 43085"
216,389811, Lindner Center for Hope,https://freida.ama-assn.org/institution/389811,,Univ of Cincinnati Coll of Med,,"4075 Old Western Row Rd, Mason, OH 45040"
217,389803, Lloyd Dermatology and Laser Center,https://freida.ama-assn.org/institution/389803,,,,"8060 Market St, Youngstown, OH 44512"
218,389658, Lonestar Orthopaedics,https://freida.ama-assn.org/institution/389658,,,,"3219 Clifton Ave, Cincinnati, OH 45220"
219,389830, Lorain County General Health District,https://freida.ama-assn.org/institution/389830,,,,"9880 Murray Ridge Rd, Elyria, OH 44035"
220,389878, Louis Stokes Cleveland VA Medical Center,https://freida.ama-assn.org/institution/389878,,,,"10701 East Blvd, Cleveland, OH 44106"
221,380390, Louis Stokes Cleveland VA Medical Center,https://freida.ama-assn.org/institution/380390,"['Case Western Reserve Univ Sch of Med', 'Northeast Ohio Med Univ Coll of Med', 'Univ of North Dakota Sch of Med and Health Sciences', 'Univ of Cincinnati Coll of Med']",,,"10701 East Blvd, Cleveland, OH 44106"
222,389819, Lower Lights Christian Health Center,https://freida.ama-assn.org/institution/389819,,,,"1160 W Broad St, Columbus, OH 43222"
223,389085, Lucas County Coroners Office,https://freida.ama-assn.org/institution/389085,,,,"2595 Arlington Ave, Toledo, OH 43614"
224,380165, Lucas County Emergency Medical Services,https://freida.ama-assn.org/institution/380165,,,,"2144 Monroe St, Toledo, OH 43604"
225,389021, Lutheran Hospital,https://freida.ama-assn.org/institution/389021,,,,"1730 W 25th St, Cleveland, OH 44113"
226,389906, Lutheran Village at Wolf Creek,https://freida.ama-assn.org/institution/389906,,,,"2001 Perrsburg Holland Rd, Holland, OH 43528"
227,389051, Lutheran Village of Columbus,https://freida.ama-assn.org/institution/389051,,,,"935 N Cassidy Ave, Columbus, OH 43219"
228,389047, Maple Knoll Village,https://freida.ama-assn.org/institution/389047,,,,"11100 Springfield Pike, Cincinnati, OH 45246"
229,389653, Marietta Memorial Hospital,https://freida.ama-assn.org/institution/389653,,"['Midwestern Univ Arizona Coll of Osteopathic Med', 'Kansas City Univ of Med and Biosciences Coll of Osteopathic Med', 'West Virginia Sch of Osteopathic Med']",,"401 Matthew St, Marietta, OH 45750"
230,389919, Mark H Zangmeister Cancer Center,https://freida.ama-assn.org/institution/389919,,,,"3100 Plaza Properties Blvd, Columbus, OH 43219"
231,389843, Marshall Wareham MD-Allied Eye Physicians-Surgeons,https://freida.ama-assn.org/institution/389843,,,,"5250 Fair Hills Ave, Dayton, OH 45429"
232,388069, Mary Rutan Hospital,https://freida.ama-assn.org/institution/388069,,Ohio State Univ Coll of Med,,"205 Palmer Ave, Bellefontaine, OH 43311"
233,380020, Maryhaven,https://freida.ama-assn.org/institution/380020,,,,"1791 Alum Creek Dr, Columbus, OH 43207"
234,380425, Marymount Hospital,https://freida.ama-assn.org/institution/380425,,,,"12300 McCracken Rd, Garfield Heights, OH 44125-2975"
235,389519, MAX Sports Medicine,https://freida.ama-assn.org/institution/389519,,,,"3705 Olentangy River Rd, Columbus, OH 43214"
236,380137, Mayfair Village Nursing Care Center,https://freida.ama-assn.org/institution/380137,,,,"3000 Bethel Rd, Columbus, OH 43220"
237,388071, McConnell Heart Health Center,https://freida.ama-assn.org/institution/388071,,,,"3373 Olentangy River Rd, Columbus, OH 43214"
238,389659, McGregor PACE,https://freida.ama-assn.org/institution/389659,,,,"4229 Pearl Rd, Cleveland, OH 44109"
239,380370, McLaren St Luke's,https://freida.ama-assn.org/institution/380370,['Univ of Toledo Coll of Med and Life Sciences'],"['Univ of Michigan Med Sch', 'Kansas City Univ of Med and Biosciences Coll of Osteopathic Med', 'Lincoln Memorial Univ DeBusk Coll of Osteopathic Med']",,"5901 Monclova Rd, Maumee, OH 43537"
240,380071, MedOne Hospital Physicians,https://freida.ama-assn.org/institution/380071,,,,"3525 Olentangy River Rd, Columbus, OH 43214"
241,389545, MedWork Occupational Health Care,https://freida.ama-assn.org/institution/389545,,,,"1435 Cincinnati St, Dayton, OH 45417"
242,389846, Mehan Eye,https://freida.ama-assn.org/institution/389846,,,,"1020 Woodman Dr, Dayton, OH 45432"
243,389623, Memorial Health System,https://freida.ama-assn.org/institution/389623,Ohio Univ Heritage Coll of Osteopathic Med,,,"401 Matthew St, Marietta, OH 45750"
244,388076, Mercy Franciscan Hospital-Western Hills,https://freida.ama-assn.org/institution/388076,,,,"3131 Queen City Ave, Cincinnati, OH 45238-2396"
245,388100, Mercy Health-Anderson Hospital,https://freida.ama-assn.org/institution/388100,,,,"7500 State Rd, Anderson Township, OH 45255"
246,380051, Mercy Health-Springfield Regional Medical Center,https://freida.ama-assn.org/institution/380051,,,,"100 Medical Center Dr, Springfield, OH 45504"
247,389824, Mercy Health-St Rita's Medical Center,https://freida.ama-assn.org/institution/389824,,"['Kansas City Univ of Med and Biosciences Coll of Osteopathic Med', 'West Virginia Sch of Osteopathic Med']",['Univ of Pikeville Kentucky Coll of Osteopathic Med'],"730 W Market St, Lima, OH 45801"
248,388097, Mercy Health-St Vincent Medical Center,https://freida.ama-assn.org/institution/388097,"['Northeast Ohio Med Univ Coll of Med', 'Univ of Cincinnati Coll of Med']","['Midwestern Univ Arizona Coll of Osteopathic Med', 'Kansas City Univ of Med and Biosciences Coll of Osteopathic Med', 'West Virginia Sch of Osteopathic Med', 'Burrell Coll of Osteopathic Med']",['Pacific Northwest Univ of Health Sciences Coll of Osteopathic Med'],"2222 Cherry St, Toledo, OH 43608"
249,388075, Mercy Health-West Hospital,https://freida.ama-assn.org/institution/388075,,,,"3300 Mercy Health Blvd, Cincinnati, OH 45211"
250,380210, Mercy Hospital of Toledo,https://freida.ama-assn.org/institution/380210,,,,"2200 Jefferson Ave, Toledo, OH 43624-1181"
251,380426, Mercy Medical Center (Canton),https://freida.ama-assn.org/institution/380426,"['Northeast Ohio Med Univ Coll of Med', 'Univ of Cincinnati Coll of Med']",,,"1320 Timken Mercy Dr NW, Canton, OH 44708"
252,389641, Mercy St Anne Hospital,https://freida.ama-assn.org/institution/389641,,Kansas City Univ of Med and Biosciences Coll of Osteopathic Med,,"3404 W Sylvania Ave, Toledo, OH 43623"
253,380221, Mercy St Charles Hospital,https://freida.ama-assn.org/institution/380221,,Kansas City Univ of Med and Biosciences Coll of Osteopathic Med,,"2600 Navaree Ave, Oregon, OH 43616"
254,380180, Mercy St Vincent Medical Center,https://freida.ama-assn.org/institution/380180,['Ohio Univ Heritage Coll of Osteopathic Med'],['Univ of Toledo Coll of Med and Life Sciences'],,"2213 Cherry St, Toledo, OH 43608-2691"
255,380194, Meridian HealthCare-Meridian Road Campus,https://freida.ama-assn.org/institution/380194,,,,"527 N Meridian Rd, Youngstown, OH 44509"
256,389571, Miami University Training Room,https://freida.ama-assn.org/institution/389571,,,,"144 Yager Stadium, Oxford, OH 45056"
257,380431, Miami Valley Hospital,https://freida.ama-assn.org/institution/380431,['Boonshoft Sch of Med Wright State Univ'],['Burrell Coll of Osteopathic Med'],,"1 Wyoming St, Dayton, OH 45409"
258,389536, Michael A Nagel MD-Neuro Peds Ambulatory Clinic,https://freida.ama-assn.org/institution/389536,,,,"4235 Secor Rd, Toledo, OH 43623"
259,389948, Michael DeRosa DO-Endocrinology Office,https://freida.ama-assn.org/institution/389948,,,,"3694 Starr Centre Dr, Canfield, OH 44406"
260,388068, Middletown Regional Hospital,https://freida.ama-assn.org/institution/388068,,,,"105 McKnight Dr, Middletown, OH 450444"
261,389534, Midwest Care Alliance,https://freida.ama-assn.org/institution/389534,,,,"2233 N Bank Dr, Columbus, OH 43220"
262,389595, Midwest Vein and Laser,https://freida.ama-assn.org/institution/389595,,,,"8101 Millers Farm Ln, Dayton, OH 45458"
263,389042, Montefiore Nursing Care,https://freida.ama-assn.org/institution/389042,,,,"1 David N Myers Pkwy, Beachwood, OH 44122"
264,389556, Montessori School at Holy Rosary,https://freida.ama-assn.org/institution/389556,,,,"12009 Mayfield Rd, Cleveland, OH 44106"
265,380761, Mount Carmel East Hospital,https://freida.ama-assn.org/institution/380761,,,,"6001 Broad St, Columbus, OH 43213"
266,380077, Mount Carmel Grove City,https://freida.ama-assn.org/institution/380077,,,,"5300 N Meadows Dr, Grove City, OH 43123"
267,380245, Mount Carmel Health System,https://freida.ama-assn.org/institution/380245,"['Ohio State Univ Coll of Med', 'Northeast Ohio Med Univ Coll of Med', 'Boonshoft Sch of Med Wright State Univ', 'Ohio Univ Heritage Coll of Osteopathic Med', 'Univ of Cincinnati Coll of Med']","['West Virginia Sch of Osteopathic Med', 'Burrell Coll of Osteopathic Med', 'Lincoln Memorial Univ DeBusk Coll of Osteopathic Med']",,"793 W State St, Columbus, OH 43222-1560"
268,389928, Mount Carmel New Albany,https://freida.ama-assn.org/institution/389928,"['Ohio State Univ Coll of Med', 'Boonshoft Sch of Med Wright State Univ']","['Ohio Univ Heritage Coll of Osteopathic Med', 'Kansas City Univ of Med and Biosciences Coll of Osteopathic Med']",,"7333 Smith's Mill Rd, New Albany, OH 43054"
269,380321, Mount Carmel St Ann's Hospital,https://freida.ama-assn.org/institution/380321,['Ohio State Univ Coll of Med'],['Kansas City Univ of Med and Biosciences Coll of Osteopathic Med'],,"500 S Cleveland Ave, Westerville, OH 43081-8998"
270,380169, Mt Sinai Medical Center,https://freida.ama-assn.org/institution/380169,,,,"One Mt Sinai Dr, Cleveland, OH 44106-3805"
271,380025, Muntean Health Care,https://freida.ama-assn.org/institution/380025,,,,"26 E Park Dr, Athens, OH 45701"
272,389071, Murtis H Taylor Multi Service Center,https://freida.ama-assn.org/institution/389071,,,,"2121 St Clair, Cleveland, OH 44114"
273,389547, National Institute for Occupational Safety and Health,https://freida.ama-assn.org/institution/389547,,Uniformed Services Univ of the Hlth Sci F Edward Hebert Sch of Med,,"4676 Columbia Pkwy, Cincinnati, OH 45226"
274,389610, National Marrow Donor Program,https://freida.ama-assn.org/institution/389610,,,,
275,380491, Nationwide Children's Hospital,https://freida.ama-assn.org/institution/380491,"['Ohio State Univ Coll of Med', 'Ohio Univ Heritage Coll of Osteopathic Med']",['Univ of Toledo Coll of Med and Life Sciences'],,"700 Children's Dr, Columbus, OH 43205-2596"
276,389583, Neighborhood Family Practice,https://freida.ama-assn.org/institution/389583,,,,"3569 Ridge Rd, Cleveland, OH 44102"
277,389820, Netcare Access,https://freida.ama-assn.org/institution/389820,,,,"199 S Central Ave, Columbus, OH 43223"
278,389912, Neurologic Specialists Inc,https://freida.ama-assn.org/institution/389912,,,,"3525 Olentangy River Rd, Columbus, OH 43214"
279,389050, New Directions Inc,https://freida.ama-assn.org/institution/389050,,,,"30800 Chargrin Blvd, Cleveland, OH 44124"
280,389701, New Horizons Mental Health Services,https://freida.ama-assn.org/institution/389701,,,,"1592 Granville Pike, Lancaster, OH 43130"
281,389866, North Community Counseling Center,https://freida.ama-assn.org/institution/389866,,,,"1855 E Dublin Granville Rd, Columbus, OH 43229"
282,380391, Northcoast Behavioral Health (Cleveland),https://freida.ama-assn.org/institution/380391,"['Northeast Ohio Med Univ Coll of Med', 'Univ of Cincinnati Coll of Med']",,,"1756 Sagamore Rd, Northfield, OH 44067"
283,380531, Northcoast Behavioral Healthcare (Toledo Campus),https://freida.ama-assn.org/institution/380531,,,,"930 S Detroit Ave, Toledo, OH 43614-2701"
284,380755, Northeast Ohio Medical University,https://freida.ama-assn.org/institution/380755,,,,"4209 State Rte 44, Rootstown, OH 44272"
285,388056, Northside Medical Center,https://freida.ama-assn.org/institution/388056,,,,"500 Gypsy Ln, Youngstown, OH 44501"
286,389069, Northwest Ohio Psychiatric Hospital,https://freida.ama-assn.org/institution/389069,,,,"930 S Detroit Ave, Toledo, OH 43614"
287,380030, Norwich Township (Ohio) Fire Department,https://freida.ama-assn.org/institution/380030,,,,"5181 Northwest Pkwy, Hilliard, OH 43026"
288,389642, Oakview Dermatology-Athens,https://freida.ama-assn.org/institution/389642,,,,"75 Hospital Dr, Athens, OH 45701"
289,380040, Oakview Dermatology-Canal Winchester,https://freida.ama-assn.org/institution/380040,,,,"6441 Winchester Blvd, Canal Winchester, OH 43110"
290,389893, Ob/Gyn Associates of Lancaster Inc,https://freida.ama-assn.org/institution/389893,,,,"1532 Wesley Way, Lancaster, OH 43130"
291,388060, Office of the Montgomery County Coroner,https://freida.ama-assn.org/institution/388060,,,,"361 W Third St, Dayton, OH 45402"
292,389677, Ohio Department of Rehabilitation and Correction,https://freida.ama-assn.org/institution/389677,,,,"770 W Broad St, Columbus, OH 43222"
293,389656, Ohio Living Rockynol,https://freida.ama-assn.org/institution/389656,,,,"1150 W Market St, Akron, OH 44313"
294,389702, Ohio Orthopaedic Center,https://freida.ama-assn.org/institution/389702,,,,"2405 N Columbus St, Lancaster, OH 43130"
295,389551, Ohio Orthopedic Center of Excellence,https://freida.ama-assn.org/institution/389551,,,,"4605 Sawmill Rd, Columbus, OH 43220"
296,389814, Ohio Reproductive Medicine,https://freida.ama-assn.org/institution/389814,,,,"4830 Knightsbirdge Blvd E, Columbus, OH 43214"
297,389864, Ohio Specialty Surgical Suites LLC,https://freida.ama-assn.org/institution/389864,,,,"7442 Frank Ave NW, North Canton, OH 44720"
298,380176, Ohio State University College of Medicine,https://freida.ama-assn.org/institution/380176,,"['Kansas City Univ of Med and Biosciences Coll of Osteopathic Med', 'West Virginia Sch of Osteopathic Med', 'Lincoln Memorial Univ DeBusk Coll of Osteopathic Med']",,"370 W 9th Ave, Columbus, OH 43210-1228"
299,380123, Ohio State University Hospital,https://freida.ama-assn.org/institution/380123,['Ohio State Univ Coll of Med'],['Marshall Univ Joan C Edwards Sch of Med'],,"410 W Tenth Ave, Columbus, OH 43210-1228"
300,380584, Ohio State University Hospitals-East,https://freida.ama-assn.org/institution/380584,Ohio State Univ Coll of Med,,,"1492 E Broad St, Columbus, OH 43205"
301,380011, Ohio Surgery Center LLC,https://freida.ama-assn.org/institution/380011,,,,"930 Bethel Rd, Columbus, OH 43214"
302,389953, OhioHealth,https://freida.ama-assn.org/institution/389953,,George Washington Univ Sch of Med and Health Sci,,"155 E Broad St, Columbus, OH 43215"
303,389904, OhioHealth Heart and Vascular-Circleville,https://freida.ama-assn.org/institution/389904,,,,"600 N Pickaway St, Circleville, OH 43113"
304,389903, OhioHealth Heart and Vascular-Westerville,https://freida.ama-assn.org/institution/389903,,,,"260 Polaris Pkwy, Westerville, OH 43082"
305,389604, OhioHealth Kobacker House,https://freida.ama-assn.org/institution/389604,,,,"800 McConnell Dr, Columbus, OH 43214"
306,389925, OhioHealth Mansfield Hospital,https://freida.ama-assn.org/institution/389925,,Kansas City Univ of Med and Biosciences Coll of Osteopathic Med,,"335 Glessner Ave, Mansfield, OH 44903"
307,389629, OhioHealth O'Bleness Hospital,https://freida.ama-assn.org/institution/389629,,Kansas City Univ of Med and Biosciences Coll of Osteopathic Med,,"55 Hospital Dr, Athens, OH 45701"
308,380084, OhioHealth Physician Group-Pain Management,https://freida.ama-assn.org/institution/380084,,,,"265 W Union St, Athens, OH 45701"
309,389859, OPG Heritage College Obstetrics & Gynecology,https://freida.ama-assn.org/institution/389859,,,,"1319 W Hunter St, Logan, OH 43138"
310,389589, Orchard Villa Skilled Nursing Home & Rehabilitation Facility,https://freida.ama-assn.org/institution/389589,,,,"2841 Munding Dr, Oregon, OH 43616"
311,389802, Orthopedic Associates of Southwest Ohio,https://freida.ama-assn.org/institution/389802,,,,"7677 Yankee St, Dayton, OH 45459"
312,389821, Orthopedic Foot and Ankle Center,https://freida.ama-assn.org/institution/389821,,,,"300 Polaris Pkwy, Westerville, OH 43082"
313,389605, Orthopedic One,https://freida.ama-assn.org/institution/389605,,,,"170 Taylor St, Columbus, OH 43213"
314,389927, Orthopedic ONE,https://freida.ama-assn.org/institution/389927,,,,"6840 Perimeter Dr, Dublin, OH 43016"
315,380111, OSU/Harding Behavioral Healthcare and Medicine,https://freida.ama-assn.org/institution/380111,,,,"1670 Upham Dr, Columbus, OH 43085-3195"
316,389719, Parma Community General Hospital Association,https://freida.ama-assn.org/institution/389719,,,,"7007 Powers Blvd, Parma, OH 44129"
317,389881, Parma Fire Department,https://freida.ama-assn.org/institution/389881,,,,"6655 Ridge Rd, Parma, OH 44129"
318,389089, Phoenix School,https://freida.ama-assn.org/institution/389089,,,,"110 Goodyear Blvd, Akron, OH 44305"
319,389883, Physician Ambulance Services,https://freida.ama-assn.org/institution/389883,,,,"4495 Cranwood Pkwy, Warrensville Heights, OH 44128"
320,389918, Planned Parenthood of Greater Ohio,https://freida.ama-assn.org/institution/389918,,,,"206 E State St, Columbus, OH 43215"
321,380064, Planned Parenthood of Southwest Ohio,https://freida.ama-assn.org/institution/380064,,,,"11 Ludlow St, Hamilton, OH 45011"
322,389603, Plastic Surgery Institute of Dayton Inc,https://freida.ama-assn.org/institution/389603,,,,"9985 Dayton Lebanon Pike, Dayton, OH 45458"
323,389602, Plastic Surgery Pavilion,https://freida.ama-assn.org/institution/389602,,,,"5441 Far Hills Ave, Dayton, OH 45429"
324,380031, Pleasant Township (Ohio) Fire Department,https://freida.ama-assn.org/institution/380031,,,,"5373 Norton Rd, Grove City, OH 43123"
325,389636, Polaris Surgery Center,https://freida.ama-assn.org/institution/389636,,,,"300 Polaris Pkwy, Westerville, OH 43082"
326,388091, Portage Path Psychiatric Emergency Services,https://freida.ama-assn.org/institution/388091,,,,"10 Penfield Ave, Akron, OH 44310"
327,389025, Positive Education Program,https://freida.ama-assn.org/institution/389025,,,,"3100 Euclid Ave, Cleveland, OH 44115"
328,380033, Prairie Township (Ohio) Fire Department,https://freida.ama-assn.org/institution/380033,,,,"23 Maple Dr, Columbus, OH 43228"
329,380017, Premier Allergy,https://freida.ama-assn.org/institution/380017,,West Virginia Sch of Osteopathic Med,,"618 Pleasantville Rd, Lancaster, OH 43130"
330,380193, Primary Health Solutions-Hamilton,https://freida.ama-assn.org/institution/380193,,,,"210 S 2nd St, Hamilton, OH 45011"
331,380052, PrimaryOne Health,https://freida.ama-assn.org/institution/380052,,,,"PO Box 16370, Columbus, OH 43216"
332,389581, ProMedica Health Systems Inc,https://freida.ama-assn.org/institution/389581,,,,"1801 Richards Rd, Toledo, OH 43607"
333,389807, ProMedica Memorial Hospital,https://freida.ama-assn.org/institution/389807,,Univ of Toledo Coll of Med and Life Sciences,,"715 S Taft Ave, Fremont, OH 43420"
334,388094, ProMedica Toledo Children's Hospital,https://freida.ama-assn.org/institution/388094,,,,"2142 N Cove Blvd, Toledo, OH 43606"
335,380218, ProMedica Toledo Hospital,https://freida.ama-assn.org/institution/380218,"['Univ of Toledo Coll of Med and Life Sciences', 'West Virginia Sch of Osteopathic Med']",['Burrell Coll of Osteopathic Med'],"['Michigan State Univ Coll of Osteopathic Med', 'Michigan State Univ Coll of Osteopathic Med-Detroit', 'Michigan State Univ Coll of Osteopathic Med-Macomb']","2142 N Cove Blvd, Toledo, OH 43606"
336,389877, Pulmonary Medicine of Dayton Inc,https://freida.ama-assn.org/institution/389877,,,,"3533 Southern Blvd, Kettering, OH 45429"
337,380105, Pure Healthcare,https://freida.ama-assn.org/institution/380105,,,,"2200 Miami Valley Dr, Dayton, OH 45459"
338,389887, QT Pro Medical LLC,https://freida.ama-assn.org/institution/389887,,,,
339,389100, Reach Out of Montgomery County,https://freida.ama-assn.org/institution/389100,,,,"25 E Foraker, Dayton, OH 45409"
340,389072, Regency Hospital of Toledo,https://freida.ama-assn.org/institution/389072,,,,"5220 W Alexis Rd, Sylvania, OH 43560"
341,389084, Regional Center for Sleep Medicine,https://freida.ama-assn.org/institution/389084,,,,"4041 W Sylvania Ave, Toledo, OH 43623"
342,389828, Rehabilitation Center of Northwest Ohio,https://freida.ama-assn.org/institution/389828,,,,"1455 W Medical Loop, Toledo, OH 43614"
343,380042, Reproductive Gynecology & Infertility,https://freida.ama-assn.org/institution/380042,,,,"540 N Cleveland Ave, Westerville, OH 43082"
344,388095, Rescue Mental Health Services (Toledo),https://freida.ama-assn.org/institution/388095,,,,"3350 Collingwood Blvd, Toledo, OH 43610"
345,389795, Retina Physicians and Surgeons Inc,https://freida.ama-assn.org/institution/389795,,,,"89 Sylvania Dr, Dayton, OH 45440"
346,389909, Richard Koletsky MD-Endocrinology Diabetes & Metabolism Office,https://freida.ama-assn.org/institution/389909,,,,"23250 Chagrin Blvd, Beachwood, OH 44122"
347,380383, Riverside Methodist Hospitals (OhioHealth),https://freida.ama-assn.org/institution/380383,"['Northeast Ohio Med Univ Coll of Med', 'Ohio Univ Heritage Coll of Osteopathic Med', 'Univ of Cincinnati Coll of Med']","['Univ of Toledo Coll of Med and Life Sciences', 'Kansas City Univ of Med and Biosciences Coll of Osteopathic Med', 'Lincoln Memorial Univ DeBusk Coll of Osteopathic Med']","['Ohio State Univ Coll of Med', 'Pacific Northwest Univ of Health Sciences Coll of Osteopathic Med']","3535 Olentangy River Rd, Columbus, OH 43214"
348,389705, Riverview Ear Nost Throat Center of Ohio,https://freida.ama-assn.org/institution/389705,,,,"2405 N Columbus St, Lancaster, OH 43130"
349,389548, Ross Heart Hospital,https://freida.ama-assn.org/institution/389548,,,,"452 W 10th Ave, Columbus, OH 43210"
350,389892, Salem Regional Medical Center,https://freida.ama-assn.org/institution/389892,,,,"1995 E State St, Salem, OH 44460"
351,389848, Sanford M Wolfe DO-Rheumatology Office,https://freida.ama-assn.org/institution/389848,,,,"1 Elizabeth Pl, Dayton, OH 45417"
352,380032, Scioto Township (Ohio) Fire Department,https://freida.ama-assn.org/institution/380032,,,,"25 Harsh Alley, Commercial Point, OH 43116"
353,389882, Shaker Heights Fire Department,https://freida.ama-assn.org/institution/389882,,,,"17000 Chagrin Blvd, Cleveland, OH 44120"
354,389088, Shaker Heights Health Department,https://freida.ama-assn.org/institution/389088,,,,"3400 Lee Rd, Shaker Heights, OH 44120"
355,388084, Shriners Hospitals For Children (Cincinnati),https://freida.ama-assn.org/institution/388084,,,Univ of Cincinnati Coll of Med,"3229 Burnet Ave, Cincinnati, OH 45229"
356,389898, Sleep and Breathing Research Institute,https://freida.ama-assn.org/institution/389898,,,,"1251 Dublin Rd, Columbus, OH 43215"
357,389712, South Community Inc,https://freida.ama-assn.org/institution/389712,,,,"3095 Kettering Blvd, Moraine, OH 45439"
358,380010, Southeast Healthcare Services,https://freida.ama-assn.org/institution/380010,,,,"1455 S 4th St, Columbus, OH 43207"
359,389889, Southeastern Ohio Regional Medical Center,https://freida.ama-assn.org/institution/389889,,,,"1341 Clark St, Cambridge, OH 43725"
360,389019, Southern Ohio Medical Center,https://freida.ama-assn.org/institution/389019,,"['Kansas City Univ of Med and Biosciences Coll of Osteopathic Med', 'West Virginia Sch of Osteopathic Med']",['Ohio State Univ Coll of Med'],"1805 27th St, Portsmouth, OH 45662"
361,389816, Southern Ohio Pathology Consultants Inc,https://freida.ama-assn.org/institution/389816,,,,"375 Dixmyth Ave, Cincinnati, OH 45220"
362,389590, Southwest General Medical Center,https://freida.ama-assn.org/institution/389590,,,,"18697 E Bagley Rd, Cleveland, OH 44130"
363,389809, Southwest Ohio ENT Specialists,https://freida.ama-assn.org/institution/389809,,,,"1222 S Patterson Blvd, Dayton, OH 45402"
364,389514, Southwest Urology Inc,https://freida.ama-assn.org/institution/389514,,,,"6900 Pearl Rd, Middleburg Heights, OH 44130"
365,389863, Specialty Medicine Care LLC,https://freida.ama-assn.org/institution/389863,,,,"2510 Commons Blvd, Beavercreek, OH 45431"
366,389822, Spine LLC,https://freida.ama-assn.org/institution/389822,,,,"484 County Line Rd W, Westerville, OH 43082"
367,380060, SpringCreek Fertility,https://freida.ama-assn.org/institution/380060,,,,"7095 Clyo Rd, Dayton, OH 45459"
368,389033, St Elizabeth Boardman Hospital,https://freida.ama-assn.org/institution/389033,"['Northeast Ohio Med Univ Coll of Med', 'Univ of Cincinnati Coll of Med']","['Midwestern Univ Arizona Coll of Osteopathic Med', 'Lincoln Memorial Univ DeBusk Coll of Osteopathic Med']",['Pacific Northwest Univ of Health Sciences Coll of Osteopathic Med'],"8401 Market St, Boardman, OH 44512"
369,380145, St Elizabeth Youngstown Hospital,https://freida.ama-assn.org/institution/380145,"['Northeast Ohio Med Univ Coll of Med', 'Ohio Univ Heritage Coll of Osteopathic Med', 'Lake Erie Coll of Osteopathic Med-Erie', 'Univ of Cincinnati Coll of Med']",['Kansas City Univ of Med and Biosciences Coll of Osteopathic Med'],,"1044 Belmont Ave, Youngstown, OH 44501-1790"
370,389502, St John Medical Center,https://freida.ama-assn.org/institution/389502,,"['Kansas City Univ of Med and Biosciences Coll of Osteopathic Med', 'Lincoln Memorial Univ DeBusk Coll of Osteopathic Med']",,"29000 Center Ridge Rd, Westlake, OH 44145"
371,389003, St Joseph Warren Hospital,https://freida.ama-assn.org/institution/389003,,"['Midwestern Univ Arizona Coll of Osteopathic Med', 'Kansas City Univ of Med and Biosciences Coll of Osteopathic Med', 'West Virginia Sch of Osteopathic Med']",,"667 Eastland Ave SE, Warren, OH 44484"
372,380411, St Vincent Charity Medical Center,https://freida.ama-assn.org/institution/380411,"['Northeast Ohio Med Univ Coll of Med', 'Univ of Cincinnati Coll of Med']",,"['Case Western Reserve Univ Sch of Med', 'Univ of North Dakota Sch of Med and Health Sciences']","2351 E 22nd St, Cleveland, OH 44115"
373,389637, Stein Hospice,https://freida.ama-assn.org/institution/389637,,,,"1200 Sycamore Line, Sandusky, OH 44870"
374,389557, Stella Maris,https://freida.ama-assn.org/institution/389557,,,,"1320 Washington Ave, Cleveland, OH 44113"
375,380034, Sterling Joint Ambulance District,https://freida.ama-assn.org/institution/380034,,,,"20 S London St, Mount Sterling, OH 43143"
376,389884, Stow Police Department/Metro SWAT,https://freida.ama-assn.org/institution/389884,,,,"3800 Darrow Rd, Stow, OH 44224"
377,380215, Summa Akron City Hospital,https://freida.ama-assn.org/institution/380215,"['Northeast Ohio Med Univ Coll of Med', 'Univ of Cincinnati Coll of Med']","['Ohio State Univ Coll of Med', 'Kansas City Univ of Med and Biosciences Coll of Osteopathic Med', 'West Virginia Sch of Osteopathic Med']",,"525 E Market St, Akron, OH 44309-2090"
378,380184, Summa Barberton Hospital,https://freida.ama-assn.org/institution/380184,"['Northeast Ohio Med Univ Coll of Med', 'Univ of Cincinnati Coll of Med']",['West Virginia Sch of Osteopathic Med'],,"155 Fifth St NE, Barberton, OH 44203"
379,389963, Summa Health Green Emergency Department,https://freida.ama-assn.org/institution/389963,,,,"1825 Franks Pkwy, Uniontown, OH 44685"
380,388066, Summa Health System,https://freida.ama-assn.org/institution/388066,,"['Ohio Univ Heritage Coll of Osteopathic Med', 'West Virginia Sch of Osteopathic Med', 'George Washington Univ Sch of Med and Health Sci', 'Burrell Coll of Osteopathic Med', 'Lincoln Memorial Univ DeBusk Coll of Osteopathic Med']",,"525 E Market St, Akron, OH 44309-2090"
381,389061, Summa Orthopaedics and Sports Medicine (Akron),https://freida.ama-assn.org/institution/389061,,West Virginia Sch of Osteopathic Med,,"20 Olive St, Akron, OH 44310"
382,389062, Summa Orthopaedics and Sports Medicine (Green),https://freida.ama-assn.org/institution/389062,,,,"701 5th St, Barberton, OH 44203"
383,380167, Summa St Thomas Hospital,https://freida.ama-assn.org/institution/380167,,West Virginia Sch of Osteopathic Med,,"444 N Main St, Akron, OH 44310"
384,389515, Summit Behavioral Health,https://freida.ama-assn.org/institution/389515,,Univ of Cincinnati Coll of Med,,"1101 Summit Rd, Cincinnati, OH 45237"
385,389094, Summit County Children's Services,https://freida.ama-assn.org/institution/389094,,,,"264 S Arlington St, Akron, OH 44306"
386,389528, Surgical Hospital at Southwoods,https://freida.ama-assn.org/institution/389528,,,,"7630 Southern Blvd, Youngstown, OH 44512"
387,389077, Talbert House,https://freida.ama-assn.org/institution/389077,,,,"2600 Victory Pkwy, Cincinnati, OH 45206"
388,389531, Taylor Station Surgical Center,https://freida.ama-assn.org/institution/389531,,,,"275 Taylor Station Rd, Columbus, OH 43213"
389,389922, TCN Behavioral Health Services,https://freida.ama-assn.org/institution/389922,,,,"452 W Market St, Xenia, OH 45385"
390,389951, The Gastroenterology Clinic & Endoscopy Center Inc,https://freida.ama-assn.org/institution/389951,,,,"1622 E Market St, Warren, OH 44483"
391,389082, The Merriman,https://freida.ama-assn.org/institution/389082,,,,"209 Merriman Rd, Akron, OH 44303"
392,380173, The MetroHealth System,https://freida.ama-assn.org/institution/380173,"['Case Western Reserve Univ Sch of Med', 'Northeast Ohio Med Univ Coll of Med', 'Univ of North Dakota Sch of Med and Health Sciences', 'Univ of Cincinnati Coll of Med']","['Midwestern Univ Arizona Coll of Osteopathic Med', 'George Washington Univ Sch of Med and Health Sci', 'Geisel Sch of Med at Dartmouth', 'Ohio State Univ Coll of Med', 'Ohio Univ Heritage Coll of Osteopathic Med', 'Kansas City Univ of Med and Biosciences Coll of Osteopathic Med', 'West Virginia Sch of Osteopathic Med', 'California Northstate Univ Coll of Med']",,"2500 MetroHealth Dr, Cleveland, OH 44109-1998"
393,389055, The Skin Cancer Center,https://freida.ama-assn.org/institution/389055,,,,"3024 Burnet Ave, Cincinnati, OH 45219"
394,389506, The Toledo Clinic,https://freida.ama-assn.org/institution/389506,,,,"4041 W Sylvania Ave, Toledo, OH 43623"
395,389740, Tina Joyce DO Inc,https://freida.ama-assn.org/institution/389740,,,,"8007 Auburn Rd, Painesville, OH 44077"
396,380754, Tod Children's Hospital,https://freida.ama-assn.org/institution/380754,,,,"500 Gypsy Ln, Youngstown, OH 44501"
397,389631, Tri-County Dermatology,https://freida.ama-assn.org/institution/389631,,Kansas City Univ of Med and Biosciences Coll of Osteopathic Med,,"421 Graham Rd, Cuyahoga Falls, OH 44221"
398,389870, Tri-County Urology,https://freida.ama-assn.org/institution/389870,,,,"8934 Kingsbridge Dr, Dayton, OH 45458"
399,389074, Tri-State Clinical Laboratory Services,https://freida.ama-assn.org/institution/389074,,,,"1737 Tennessee Ave, Cincinnati, OH 45229"
400,388079, TriHealth,https://freida.ama-assn.org/institution/388079,['Univ of Pikeville Kentucky Coll of Osteopathic Med'],['Burrell Coll of Osteopathic Med'],,"375 Dixmyth Ave, Cincinnati, OH 45220-2489"
401,380464, TriHealth-Bethesda North Hospital,https://freida.ama-assn.org/institution/380464,,Univ of Cincinnati Coll of Med,,"10500 Montgomery Rd, Cincinnati, OH 45242"
402,380346, TriHealth-Good Samaritan Hospital,https://freida.ama-assn.org/institution/380346,['Univ of Cincinnati Coll of Med'],['Kansas City Univ of Med and Biosciences Coll of Osteopathic Med'],"['Indiana Univ Sch of Med', 'Univ of Pikeville Kentucky Coll of Osteopathic Med']","375 Dixmyth Ave, Cincinnati, OH 45220-2489"
403,389711, Trinity Health System,https://freida.ama-assn.org/institution/389711,,,,"4000 Johnson Rd, Steubenville, OH 43952"
404,389786, Trinity West,https://freida.ama-assn.org/institution/389786,,West Virginia Sch of Osteopathic Med,,"4000 Johnson Rd, Steubenville, OH 43952"
405,389825, Trumbull Correctional Institution,https://freida.ama-assn.org/institution/389825,,,,"5701 Burnett Rd, Leavittsburg, OH 44430"
406,380354, Trumbull Regional Medical Center,https://freida.ama-assn.org/institution/380354,,"['Northeast Ohio Med Univ Coll of Med', 'Univ of Cincinnati Coll of Med']",,"1350 E Market St, Warren, OH 44482-1269"
407,388098, Twin Valley Psychiatric System,https://freida.ama-assn.org/institution/388098,,,,"1960 W Broad St, Columbus, OH 43223"
408,389840, UC Health Dermatology Mohs & Cosmetic Surgery Center (Midtown),https://freida.ama-assn.org/institution/389840,,,,"3590 Lucille Dr, Cincinnati, OH 45213"
409,389541, UC Health Holmes Hospital,https://freida.ama-assn.org/institution/389541,,,,"200 Albert Sabin Way, Cincinnati, OH 45220"
410,389836, UC Health Orthopaedics and Sports Medicine (White Oak),https://freida.ama-assn.org/institution/389836,,,,"222 Piedmont Ave, Cincinnati, OH 45219"
411,389568, UC Health Orthopaedics and Sports Medicine-Ross,https://freida.ama-assn.org/institution/389568,,,,"2449 Ross-Millville Rd, Hamilton, OH 45013"
412,389095, UC Health Pain Management Center,https://freida.ama-assn.org/institution/389095,,,,"7759 University Dr, West Chester, OH 45069"
413,389879, UC Health Physicians Office South,https://freida.ama-assn.org/institution/389879,,,,"7675 Wellness Way, West Chester Townshi, OH 45069"
414,389539, UC Health Physicians Office-Dermatology,https://freida.ama-assn.org/institution/389539,,,,"7690 Discovery Dr, West Chester, OH 45069"
415,389565, UC Health Physicians' Office North,https://freida.ama-assn.org/institution/389565,,,,"7690 Discovery Way, West Chester, OH 45069"
416,389567, UC Health Physicians' Office-Montgomery,https://freida.ama-assn.org/institution/389567,,,,"9275 Montgomery Rd, Cincinnati, OH 45242"
417,389569, UC Health Primary Care-Forest Park,https://freida.ama-assn.org/institution/389569,,,,"11590 Century Blvd, Cincinnati, OH 45242"
418,389540, UC Health UC Physicians-Plastic Surgery,https://freida.ama-assn.org/institution/389540,,,,"7690 Discovery Dr, West Chester, OH 45069"
419,389509, UDC Inc/Mohs & Cosmetic Surgery Center,https://freida.ama-assn.org/institution/389509,,,,"3590 Lucille Dr, Cincinnati, OH 45213"
420,380068, UH Ashtabula Health Center,https://freida.ama-assn.org/institution/380068,,,,"3315 N Ridge Rd E, Ashtabula, OH 44004"
421,389823, UH Bedford Medical Center,https://freida.ama-assn.org/institution/389823,,,,"44 Blaine Ave, Bedford, OH 44146"
422,380048, UH Chagrin Highlands Health Center,https://freida.ama-assn.org/institution/380048,,,,"3909 Orange Pl, Orange Village, OH 44122"
423,389783, UH Conneaut Medical Center,https://freida.ama-assn.org/institution/389783,,,,"158 W Main Rd, Conneaut, OH 44030"
424,389764, UH Euclid Health Center,https://freida.ama-assn.org/institution/389764,,,,"18599 Lakeshore Blvd, Euclid, OH 44119"
425,388092, UH Geauga Medical Center,https://freida.ama-assn.org/institution/388092,,,,"13207 Ravenna Rd, Chardon, OH 44024"
426,389784, UH Geneva Medical Center,https://freida.ama-assn.org/institution/389784,,,,"870 W Main St, Geneva, OH 44041"
427,389943, UH Mentor Health Center,https://freida.ama-assn.org/institution/389943,,,,"9000 Mentor Ave, Mentor, OH 44060"
428,389907, UH Parma Medical Center,https://freida.ama-assn.org/institution/389907,,Lincoln Memorial Univ DeBusk Coll of Osteopathic Med,,"7007 Powers Blvd, Parma, OH 44129"
429,380264, UH Portage Medical Center,https://freida.ama-assn.org/institution/380264,"['Northeast Ohio Med Univ Coll of Med', 'Univ of Cincinnati Coll of Med']",,,"6847 Chestnut St, Ravenna, OH 44266-1204"
430,389871, UH Rehabilitation Hospital,https://freida.ama-assn.org/institution/389871,,,,"23333 Harvard Rd, Beachwood, OH 44122"
431,389057, UH Richmond Medical Center,https://freida.ama-assn.org/institution/389057,,Midwestern Univ Arizona Coll of Osteopathic Med,,"27100 Chardon Rd, Richmond Heights, OH 44143"
432,389780, UH Twinsburg Health Center,https://freida.ama-assn.org/institution/389780,,,,"8819 Commons Blvd, Twinsburg, OH 44087"
433,380103, UH University Suburban Health Center,https://freida.ama-assn.org/institution/380103,,,,"1611 S Green Rd, South Euclid, OH 44121"
434,380099, UH Westlake Health Center,https://freida.ama-assn.org/institution/380099,,,,"960 Clague Rd, Westlake, OH 44145"
435,388072, UHHS Laurelwood Hospital,https://freida.ama-assn.org/institution/388072,,,,"35900 Euclid Ave, Willoughby, OH 44094-4648"
436,389745, UHMG Cupp Orthopedics,https://freida.ama-assn.org/institution/389745,,,,"11100 Euclid Ave, Cincinnati, OH 44106"
437,389763, UHMP Barbara Rowane Pediatrics,https://freida.ama-assn.org/institution/389763,,,,"4212 State Rte 306, Willoughby, OH 44094"
438,389944, UHMP Leland-Ohio,https://freida.ama-assn.org/institution/389944,,,,"13207 Ravenna Rd, Chardon, OH 44024"
439,389770, UHMP Lumapas/Roter,https://freida.ama-assn.org/institution/389770,,,,"100 7th Ave, Chardon, OH 44024"
440,389773, UHMP Moufawad-Pain Management,https://freida.ama-assn.org/institution/389773,,,,"88 Center Rd, Bedford, OH 44146"
441,389774, UHMP Retino Orthopedics,https://freida.ama-assn.org/institution/389774,,,,"9000 Mentor Ave, Mentor, OH 44060"
442,389781, UHMP Winer/Rorick-Neurology,https://freida.ama-assn.org/institution/389781,,,,"18599 Lakeshore Blvd, Euclid, OH 44119"
443,389782, UHMP Witmer-Family Practice,https://freida.ama-assn.org/institution/389782,,,,"55 N Chillicothe Rd, Aurora, OH 44202"
444,389511, University Hospital's Affiliated Ambulatory Sites,https://freida.ama-assn.org/institution/389511,,,,"222 Piedmont Ave, Cincinnati, OH 45219"
445,389832, University Hospitals Community Consortium,https://freida.ama-assn.org/institution/389832,,"['Ohio Univ Heritage Coll of Osteopathic Med', 'Burrell Coll of Osteopathic Med']",,"29000 Center Ridge Rd, Westlake, OH 44145"
446,389617, University Hospitals Regional Hospitals,https://freida.ama-assn.org/institution/389617,,West Virginia Sch of Osteopathic Med,,"27100 Chardon Rd, Richmond Heights, OH 44143"
447,380533, University Medical Center (Toledo),https://freida.ama-assn.org/institution/380533,Univ of Toledo Coll of Med and Life Sciences,,,"3000 Arlington Ave, Toledo, OH 43699"
448,380521, University of Cincinnati College of Medicine,https://freida.ama-assn.org/institution/380521,['Univ of Cincinnati Coll of Med'],['Lincoln Memorial Univ DeBusk Coll of Osteopathic Med'],,"231 Albert Sabin Way, Cincinnati, OH 45267-0553"
449,388074, University of Cincinnati Division of Forensic Psychiatry,https://freida.ama-assn.org/institution/388074,,,,"231 Albert Sabin Way, Cincinnati, OH 45267-0559"
450,389564, University of Cincinnati Medical Center,https://freida.ama-assn.org/institution/389564,,,,"234 Goodman St, Cincinnati, OH 45219"
451,380405, University of Cincinnati Medical Center Inc,https://freida.ama-assn.org/institution/380405,['Univ of Cincinnati Coll of Med'],['Univ of Kentucky Coll of Med'],,"234 Goodman St, Cincinnati, OH 45219"
452,389572, University of Cincinnati Medical Center-Emergency Room,https://freida.ama-assn.org/institution/389572,,,,"234 Goodman St, Cincinnati, OH 45219"
453,389570, University of Cincinnati Varsity Village Training Room,https://freida.ama-assn.org/institution/389570,,,,"2700 Bearcat Way, Cincinnati, OH 45242"
454,389561, University of Cincinnati West Chester Hospital,https://freida.ama-assn.org/institution/389561,,Univ of Cincinnati Coll of Med,,"7700 University Dr, West Chester, OH 45069"
455,389501, University of Toledo College of Medicine,https://freida.ama-assn.org/institution/389501,['Univ of Toledo Coll of Med and Life Sciences'],['West Virginia Sch of Osteopathic Med'],,"3045 Arlington Ave, Toledo, OH 43614-5807"
456,389504, University Pointe,https://freida.ama-assn.org/institution/389504,,West Virginia Sch of Osteopathic Med,,"7700 University Court, West Chester, OH 45069"
457,388078, Upper Valley Medical Center (Dettmer Hospital),https://freida.ama-assn.org/institution/388078,,Boonshoft Sch of Med Wright State Univ,,"3130 N Dixie Hwy, Troy, OH 45373"
458,389546, US HealthWorks Medical Group,https://freida.ama-assn.org/institution/389546,,,,"4821 Roberts Rd, Columbus, OH 43228"
459,389808, Valley Medical Primary Care,https://freida.ama-assn.org/institution/389808,,,,"6611 Clyo Rd, Dayton, OH 45459"
460,380329, Veterans Affairs Medical Center (Cincinnati),https://freida.ama-assn.org/institution/380329,Univ of Cincinnati Coll of Med,,,"3200 Vine St, Cincinnati, OH 45220-2213"
461,388099, Veterans Affairs Medical Center (Columbus),https://freida.ama-assn.org/institution/388099,,['West Virginia Sch of Osteopathic Med'],['Ohio State Univ Coll of Med'],"543 Taylor Ave, Columbus, OH 43203"
462,380453, Veterans Affairs Medical Center (Dayton),https://freida.ama-assn.org/institution/380453,['Boonshoft Sch of Med Wright State Univ'],['Ohio State Univ Coll of Med'],,"4100 W 3rd St, Dayton, OH 45428"
463,389537, Vision Associates,https://freida.ama-assn.org/institution/389537,,,,"2865 N Reynolds Rd, Toledo, OH 43615"
464,389596, Warwar Eye Group-Ronald Warwar MD,https://freida.ama-assn.org/institution/389596,,,,"3100 Governor's Place Blvd, Dayton, OH 45409"
465,389633, Wayne HealthCare,https://freida.ama-assn.org/institution/389633,,,,"835 Sweitzer St, Greenville, OH 45331"
466,389044, Wellington Orthopaedic and Sports Medicine (Blue Ash Office),https://freida.ama-assn.org/institution/389044,,,,"4701 Creek Rd, Cincinnati, OH 45242"
467,388061, Western Reserve Health Education Inc,https://freida.ama-assn.org/institution/388061,,,,"500 Gypsy Ln, Youngstown, OH 44501"
468,389622, Western Reserve Hospital,https://freida.ama-assn.org/institution/389622,"['Northeast Ohio Med Univ Coll of Med', 'Ohio Univ Heritage Coll of Osteopathic Med', 'Univ of Cincinnati Coll of Med']","['Midwestern Univ Arizona Coll of Osteopathic Med', 'Lincoln Memorial Univ DeBusk Coll of Osteopathic Med']",,"1900 23rd St, Cuyahoga Falls, OH 44223"
469,388093, Westminster-Thurber Community,https://freida.ama-assn.org/institution/388093,,,,"717 Neil Ave, Columbus, OH 43215"
470,389850, Westshore Primary Care Associates,https://freida.ama-assn.org/institution/389850,,,,"29325 Health Campus Dr, Westlake, OH 44145"
471,389038, Wexner Heritage Village,https://freida.ama-assn.org/institution/389038,,,,"1151 College Ave, Columbus, OH 43209"
472,389606, Whetstone Gardens and Care Center,https://freida.ama-assn.org/institution/389606,,,,"3710 Olentangy River Rd, Columbus, OH 43214"
473,380029, Widows Home of Dayton,https://freida.ama-assn.org/institution/380029,,,,"50 S Findlay St, Dayton, OH 45403"
474,389029, Windsong Care Center,https://freida.ama-assn.org/institution/389029,,,,"120 Brookmont Rd, Akron, OH 44313"
475,389599, Wolf Medical Enterprises Inc,https://freida.ama-assn.org/institution/389599,,,,"11877 Mason Montgomery Rd, Cincinnati, OH 45249"
476,389908, Women's Comprehensive Health Center,https://freida.ama-assn.org/institution/389908,,,,"135 N Ewing St, Lancaster, OH 43130"
477,389066, Wood County Hospital,https://freida.ama-assn.org/institution/389066,,Univ of Toledo Coll of Med and Life Sciences,,"950 W Wooster, Bowling Green, OH 43402"
478,380185, Wooster Community Hospital,https://freida.ama-assn.org/institution/380185,,,,"1761 Beall Ave, Wooster, OH 44691"
479,389097, Wound Healing and Hyperbaric Medicine Center,https://freida.ama-assn.org/institution/389097,,,,"4881 Sugar Maple Dr, Wright-Patterson AFB, OH 45433"
480,389101, Wright State Aerospace Medicine,https://freida.ama-assn.org/institution/389101,,,,"3171 Research Blvd, Kettering, OH 45420"
481,389034, Wright State Dermatology (Springboro),https://freida.ama-assn.org/institution/389034,,,,"360 W Central Ave, Springboro, OH 45066"
482,389538, Wright State Physicians,https://freida.ama-assn.org/institution/389538,,,,"725 University Blvd, Dayton, OH 45435"
483,389027, Wright State Physicians Dermatology,https://freida.ama-assn.org/institution/389027,,,,"One Elizabeth Pl, Dayton, OH 45408-1445"
484,389597, Wright State Physicians-Ortho Surgery Sports Med & Rehab,https://freida.ama-assn.org/institution/389597,,West Virginia Sch of Osteopathic Med,,"30 E Apple St, Dayton, OH 45409"
485,380756, Wright State University Boonshoft School of Medicine,https://freida.ama-assn.org/institution/380756,,['Midwestern Univ Arizona Coll of Osteopathic Med'],['Boonshoft Sch of Med Wright State Univ'],"3640 Colonel Glenn Hwy, Dayton, OH 45435"
486,380336, Wright-Patterson Medical Center,https://freida.ama-assn.org/institution/380336,"['Uniformed Services Univ of the Hlth Sci F Edward Hebert Sch of Med', 'Boonshoft Sch of Med Wright State Univ']","['Midwestern Univ Arizona Coll of Osteopathic Med', 'Univ of New England Coll of Osteopathic Med', 'Kansas City Univ of Med and Biosciences Coll of Osteopathic Med', 'George Washington Univ Sch of Med and Health Sci', 'Lincoln Memorial Univ DeBusk Coll of Osteopathic Med']",['Pacific Northwest Univ of Health Sciences Coll of Osteopathic Med'],"4881 Sugar Maple Dr, Wright-Patterson AFB, OH 45433"
