,AMC_No,AMC_Name,URLS,Affiliation_Major,Affiliation_Limited,Affiliation_Graduate,Medical_Center_Address
0,399523, 12&12 Inc,https://freida.ama-assn.org/institution/399523,,,Univ of Oklahoma Coll of Med,"6333 E Skelly Dr, Tulsa, OK 74135"
1,390481, 72nd Medical Group,https://freida.ama-assn.org/institution/390481,,Uniformed Services Univ of the Hlth Sci F Edward Hebert Sch of Med,,"5700 Arnold St, Tinker AFB, OK 73145"
2,390008, Advanced Orthopedics of Oklahoma,https://freida.ama-assn.org/institution/390008,,,Univ of Oklahoma Coll of Med,"6475 S Yale Ave, Tulsa, OK 74136"
3,390027, Allergy Partners of Oklahoma,https://freida.ama-assn.org/institution/390027,,,,"206 S Main St, Stillwater, OK 74074"
4,399541, Armor Correctional Health Services Oklahoma County Detention Center,https://freida.ama-assn.org/institution/399541,,,,"201 N Shartel Ave, Oklahoma City, OK 73102"
5,399584, Autumn Life Center,https://freida.ama-assn.org/institution/399584,,,,"1 S Bryant Ave, Edmond, OK 73034"
6,399668, Back and Posture Clinic of Oklahoma LLC,https://freida.ama-assn.org/institution/399668,,,,"6510 S Western Ave, Oklahoma City, OK 73139"
7,399601, Behavioral Pediatrics of Tulsa,https://freida.ama-assn.org/institution/399601,,,,"5110 S Yale Ave, Tulsa, OK 74135"
8,390294, Bone and Joint Hospital,https://freida.ama-assn.org/institution/390294,,,Univ of Oklahoma Coll of Med,"1111 N Dewey Ave, Oklahoma City, OK 73103-2615"
9,399546, Breast Surgery of Tulsa,https://freida.ama-assn.org/institution/399546,,,,"1836 E 15th St, Tulsa, OK 74104"
10,399645, Bryan County Health Department,https://freida.ama-assn.org/institution/399645,,,,"1524 Chuckwa Dr, Durant, OK 74701"
11,399639, Calera Manor Nursing Home,https://freida.ama-assn.org/institution/399639,,,,"1061 Service Rd, Calera, OK 74730"
12,399594, Cancer Centers of Southwest Oklahoma,https://freida.ama-assn.org/institution/399594,,,Oklahoma State Univ Ctr for Health Sciences Coll of Osteopathic Med,"104 NW 31st St, Lawton, OK 73505"
13,398028, Kindred Hospital Oklahoma City,https://freida.ama-assn.org/institution/398028,,,,"1407 N Robinson, Oklahoma City, OK 73103"
14,399640, Kings Daughters and Sons Nursing Home,https://freida.ama-assn.org/institution/399640,,,,"1223 W Baltimore, Durant, OK 74701"
15,399506, Kuykendall Dermatology,https://freida.ama-assn.org/institution/399506,,,,"10115 E 80th St, Tulsa, OK 74133"
16,399621, Landrum ENT,https://freida.ama-assn.org/institution/399621,,,,"520 N Monte Vista St, Ada, OK 74820"
17,398015, Laureate Psychiatric Clinic and Hospital,https://freida.ama-assn.org/institution/398015,,,Univ of Oklahoma Coll of Med,"6655 S Yale, Tulsa, OK 74136"
18,399592, Lawton Community Health Center,https://freida.ama-assn.org/institution/399592,,,,"5404 SW Lee Blvd, Lawton, OK 73505"
19,399608, Life Pace,https://freida.ama-assn.org/institution/399608,,,,"902 E Pine St, Tulsa, OK 74106"
20,399542, LifeSpring Home Care of Norman,https://freida.ama-assn.org/institution/399542,,,Univ of Oklahoma Coll of Med,"2411 Springer Dr, Norman, OK 73069"
21,399547, McAlester Regional Health Center,https://freida.ama-assn.org/institution/399547,,,Oklahoma State Univ Ctr for Health Sciences Coll of Osteopathic Med,"1 E Clark Bass Blvd, McAlester, OK 74501"
22,398041, McBride Clinic Orthopedic Hospital,https://freida.ama-assn.org/institution/398041,,,Univ of Oklahoma Coll of Med,"9600 Broadway Extension, Oklahoma City, OK 73114"
23,398019, McGee Eye Institute,https://freida.ama-assn.org/institution/398019,,,Univ of Oklahoma Coll of Med,"608 Stanton L Young Blvd, Oklahoma City, OK 73104"
24,399593, McMahon Tomlinson Nursing Center,https://freida.ama-assn.org/institution/399593,,,,"2007 NW 52nd St, Lawton, OK 73505"
25,399623, Medical Examiner Office,https://freida.ama-assn.org/institution/399623,,,Univ of Oklahoma Coll of Med,"1115 W 17th St, Tulsa, OK 74107"
26,399620, Mercy Clinic Orthopedic Surgery-Ada,https://freida.ama-assn.org/institution/399620,,,,"3101 Arlington St, Ada, OK 74820"
27,390278, Mercy Health Center,https://freida.ama-assn.org/institution/390278,,,,"4300 W Memorial Rd, Oklahoma City, OK 73120"
28,398030, Midwest City Regional Medical Center,https://freida.ama-assn.org/institution/398030,,Univ of Oklahoma Coll of Med,,"2825 Parklawn, Midwest City, OK 73110"
29,399647, Morton Comprehensive Health Services,https://freida.ama-assn.org/institution/399647,,,Univ of Oklahoma Coll of Med,"1334 N Lansing Ave, Tulsa, OK 74106"
30,399591, Muskogee Bone and Joint Clinic,https://freida.ama-assn.org/institution/399591,,,,"209 S 36th St, Muckogee, OK 74401"
31,399596, Neurohealth,https://freida.ama-assn.org/institution/399596,,,,"2701 SW A Ave, Lawton, OK 73505"
32,398021, Newman Memorial Hospital,https://freida.ama-assn.org/institution/398021,,,,"905 S Main St, Shaltuck, OK 73858-0279"
33,399538, Next Step Developmental Clinic,https://freida.ama-assn.org/institution/399538,,,Univ of Oklahoma Coll of Med,"1805 E 15th St, Tulsa, OK 74104"
34,399550, Norman Regional Health System,https://freida.ama-assn.org/institution/399550,,"['Midwestern Univ Arizona Coll of Osteopathic Med', 'Kansas City Univ of Med and Biosciences Coll of Osteopathic Med', 'Lincoln Memorial Univ DeBusk Coll of Osteopathic Med']","['Oklahoma State Univ Ctr for Health Sciences Coll of Osteopathic Med', 'Pacific Northwest Univ of Health Sciences Coll of Osteopathic Med', 'Univ of Oklahoma Coll of Med']","901 N Porter Ave, Norman, OK 73071"
35,399625, Norman Regional HealthPlex,https://freida.ama-assn.org/institution/399625,,,,"3300 HealthPlex Pkwy, Norman, OK 73072"
36,398039, North Care Center (Oklahoma City),https://freida.ama-assn.org/institution/398039,,,Univ of Oklahoma Coll of Med,"4436 NW 50th St, Oklahoma City, OK 73112"
37,399551, Northeastern Health System,https://freida.ama-assn.org/institution/399551,,,Oklahoma State Univ Ctr for Health Sciences Coll of Osteopathic Med,"1400 E Downing St, Tahlequah, OK 74464"
38,399606, Northeastern Oklahoma Community Health Centers Inc,https://freida.ama-assn.org/institution/399606,,,,"1500 E Downing St, Tahlequah, OK 74464"
39,398033, Northwest Surgical Hospital,https://freida.ama-assn.org/institution/398033,,,Univ of Oklahoma Coll of Med,"9204 N May Ave, Oklahoma City, OK 73120"
40,399642, Oak Ridge Manor Nursing Center,https://freida.ama-assn.org/institution/399642,,,,"1100 Oak Ridge Dr, Durant, OK 74701"
41,390485, Office of the Chief Medical Examiner-State of Oklahoma,https://freida.ama-assn.org/institution/390485,,,Univ of Oklahoma Coll of Med,"901 N Stonewall, Oklahoma City, OK 73117-1111"
42,398022, Oklahoma Blood Institute,https://freida.ama-assn.org/institution/398022,,,Univ of Oklahoma Coll of Med,"1001 N Lincoln Blvd, Oklahoma City, OK 73104"
43,399554, Oklahoma Center for Arthritis Therapy & Research,https://freida.ama-assn.org/institution/399554,,,,"1430 Terrace Dr, Tulsa, OK 74104"
44,390130, Oklahoma Children's Hospital-OU Health,https://freida.ama-assn.org/institution/390130,Univ of Oklahoma Coll of Med,,,"1200 Children's Ave, Oklahoma City, OK 73104"
45,398054, Oklahoma City Educare,https://freida.ama-assn.org/institution/398054,,,,"500 SE Grand Blvd, Oklahoma City, OK 73129"
46,390471, Oklahoma City VA Medical Center,https://freida.ama-assn.org/institution/390471,Univ of Oklahoma Coll of Med,,,"921 NE 13th St, Oklahoma City, OK 73104"
47,398034, Oklahoma County Crisis Intervention Center,https://freida.ama-assn.org/institution/398034,,,,"1200 NE 13th St, Oklahoma City, OK 73152"
48,399573, Oklahoma Crisis Recovery Unit,https://freida.ama-assn.org/institution/399573,,,Univ of Oklahoma Coll of Med,"1200 NE 13th St, Oklahoma City, OK 73152"
49,399508, Oklahoma Forensic Center,https://freida.ama-assn.org/institution/399508,,,Univ of Oklahoma Coll of Med,"24800 S 4420 Rd, Vinita, OK 74301"
50,390019, Oklahoma Heart Hospital-North,https://freida.ama-assn.org/institution/390019,,,Univ of Oklahoma Coll of Med,"4050 W Memorial Rd, Oklahoma City, OK 73120"
51,399556, Oklahoma Heart Institute Southpointe,https://freida.ama-assn.org/institution/399556,,,,"9228 S Mingo Rd, Tulsa, OK 74133"
52,399524, Oklahoma Sports and Orthopedics Institute,https://freida.ama-assn.org/institution/399524,,,Univ of Oklahoma Coll of Med,"3400 W Tecumseh Rd, Norman, OK 73072"
53,398058, Oklahoma State Department of Health,https://freida.ama-assn.org/institution/398058,,,Univ of Oklahoma Coll of Med,"1000 NE 10th St, Oklahoma City, OK 73117"
54,398059, Oklahoma State University Center for Health Sciences,https://freida.ama-assn.org/institution/398059,['Oklahoma State Univ Ctr for Health Sciences Coll of Osteopathic Med'],"['Midwestern Univ Arizona Coll of Osteopathic Med', 'Kansas City Univ of Med and Biosciences Coll of Osteopathic Med', 'West Virginia Sch of Osteopathic Med']",,"1111 W 17th St, Tulsa, OK 74107"
55,399552, Oklahoma State University Medical Center,https://freida.ama-assn.org/institution/399552,['Oklahoma State Univ Ctr for Health Sciences Coll of Osteopathic Med'],"['Midwestern Univ Arizona Coll of Osteopathic Med', 'Lincoln Memorial Univ DeBusk Coll of Osteopathic Med']",['Pacific Northwest Univ of Health Sciences Coll of Osteopathic Med'],"744 W 9th St, Tulsa, OK 74127"
56,399614, Oklahoma State University Medical Group,https://freida.ama-assn.org/institution/399614,,,,"744 W 9th St, Tulsa, OK 74127"
57,398045, Oklahoma Surgical Hospital,https://freida.ama-assn.org/institution/398045,,,,
58,398060, Oklahoma Surgicare,https://freida.ama-assn.org/institution/398060,,Univ of Oklahoma Coll of Med,,"4317 W Memorial Rd, Oklahoma City, OK 73134"
59,409017, Oregon State University-Counseling and Psychological Services,https://freida.ama-assn.org/institution/409017,,,,"500 Snell Hall, Corvallis, OK 97331"
60,399628, Orthopaedic Center,https://freida.ama-assn.org/institution/399628,,,Univ of Oklahoma Coll of Med,"1809 E 13th St, Tulsa, OK 74104"
61,399632, Orthopedic & Trauma Service of Oklahoma PC,https://freida.ama-assn.org/institution/399632,,,,"5110 S Yale Ave, Tulsa, OK 74135"
62,399534, Orthopedic Associates Inc,https://freida.ama-assn.org/institution/399534,,,,"3301 NW 50th St, Oklahoma City, OK 73112"
63,399557, Osteopathic Medical Education Consortium of Oklahoma Inc (OMECO),https://freida.ama-assn.org/institution/399557,Oklahoma State Univ Ctr for Health Sciences Coll of Osteopathic Med,,,"1111 W 17th St, Tulsa, OK 74107"
64,399602, OSU Physicians Clinics,https://freida.ama-assn.org/institution/399602,,,,"2345 SW Blvd, Tulsa, OK 74107"
65,398050, OU Health Partners,https://freida.ama-assn.org/institution/398050,,,Univ of Oklahoma Coll of Med,"940 NE 13th St, Oklahoma City, OK 73104"
66,398027, OU Health-University of Oklahoma Medical Center,https://freida.ama-assn.org/institution/398027,['Univ of Oklahoma Coll of Med'],['Midwestern Univ Arizona Coll of Osteopathic Med'],,"700 NE 13th St, Oklahoma City, OK 73104"
67,398038, OU Medical Center-Edmond,https://freida.ama-assn.org/institution/398038,,Univ of Oklahoma Coll of Med,,"1 S Bryant Ave, Edmond, OK 73034"
68,390121, OU Medical Center-Everett Tower,https://freida.ama-assn.org/institution/390121,,,,"940 NE 13th St, Oklahoma City, OK 73126"
69,390312, OU Medical Center-Presbyterian Tower,https://freida.ama-assn.org/institution/390312,Univ of Oklahoma Coll of Med,,,"700 NE 13th St, Oklahoma City, OK 73104"
70,399651, OU Physicians Schusterman Center Clinic,https://freida.ama-assn.org/institution/399651,,,,"4444 E 41st St, Tulsa, OK 74135"
71,399658, Pain Management of Tulsa,https://freida.ama-assn.org/institution/399658,,,,"6802 S Olympia Ave, Tulsa, OK 74132"
72,399567, Parent Child Center of Tulsa,https://freida.ama-assn.org/institution/399567,,,Univ of Oklahoma Coll of Med,"1421 S Boston Ave, Tulsa, OK 74119"
73,390499, Parkside Inc,https://freida.ama-assn.org/institution/390499,,,,"1620 E 12th St, Tulsa, OK 74120"
74,399656, Pediatric Cardiology of Oklahoma,https://freida.ama-assn.org/institution/399656,,,,"6151 S Yale Ave, Tulsa, OK 74136"
75,399561, Pediatric ENT of Oklahoma,https://freida.ama-assn.org/institution/399561,,,,"9900 Broadway, Oklahoma City, OK 73114"
76,399652, PediStat,https://freida.ama-assn.org/institution/399652,,,,"4710 E 51st St, Tulsa, OK 74135"
77,399662, Positive Changes,https://freida.ama-assn.org/institution/399662,,,,"4300 S Harvard Ave, Tulsa, OK 74135"
78,399566, Precision Pain Management,https://freida.ama-assn.org/institution/399566,,,,"4110 S 100th E Ave, Tulsa, OK 74146"
79,390017, Primary Care Sports Medicine,https://freida.ama-assn.org/institution/390017,,,,"1111 W 17th St, Tulsa, OK 74107"
80,399615, R Michael Eimen DO-Family Medicine Clinic,https://freida.ama-assn.org/institution/399615,,,,"500 Cimarron Dr, Mannford, OK 74044"
81,399543, Ranchwood Nursing Center,https://freida.ama-assn.org/institution/399543,,,Univ of Oklahoma Coll of Med,"824 S Yukon Pkwy, Yukon, OK 73099"
82,398057, Referral Center for Alcohol & Drug Services,https://freida.ama-assn.org/institution/398057,,,,"1215 NW 25th  St, Oklahoma City, OK 73106"
83,398032, Regional Medical Labs (Tulsa),https://freida.ama-assn.org/institution/398032,,Univ of Oklahoma Coll of Med,,"1923 Utica Ave, Tulsa, OK 74104"
84,398029, Reynolds Army Health Clinic,https://freida.ama-assn.org/institution/398029,,Univ of Oklahoma Coll of Med,,"4301 Mow-Way Rd, Fort Sill, OK 73503"
85,399637, Rolling Hills Hospital-Addiction Rehab and Behavioral Health Treatment,https://freida.ama-assn.org/institution/399637,,,,"1000 Rolling Hills Ln, Ada, OK 74820"
86,399533, Russell-Murray Hospice,https://freida.ama-assn.org/institution/399533,,,Univ of Oklahoma Coll of Med,"221 S Bickford Ave, El Reno, OK 73036"
87,398026, Saint Anthony North Ambulatory Surgery Center,https://freida.ama-assn.org/institution/398026,,,,"6205 N Santa Fe Ave, Oklahoma City, OK 73118"
88,390479, Saint Francis Health System,https://freida.ama-assn.org/institution/390479,['Univ of Oklahoma Coll of Med'],,['Oklahoma State Univ Ctr for Health Sciences Coll of Osteopathic Med'],"6161 S Yale Ave, Tulsa, OK 74136-1902"
89,399589, Saint Francis Health System-Muskogee,https://freida.ama-assn.org/institution/399589,,,,"300 Rockefeller Dr, Muskogee, OK 74401"
90,399582, South OKC Women's Healthcare,https://freida.ama-assn.org/institution/399582,,,,"1100 SW 89th St, Oklahoma City, OK 73139"
91,399638, Southeastern Oklahoma State University-Student Health & Athletic Department,https://freida.ama-assn.org/institution/399638,,,,"425 W University Blvd, Durant, OK 74701"
92,399619, Southern Oklahoma Urology Inc,https://freida.ama-assn.org/institution/399619,,,,"1414 Arlington St, Ada, OK 74820"
93,399649, Southern Pointe Living Center,https://freida.ama-assn.org/institution/399649,,,,"101 Sheridan St, Colbert, OK 74733"
94,399574, Southwest Orthopaedic and Reconstructive Specialists,https://freida.ama-assn.org/institution/399574,,,,"8100 S Walker, Oklahoma City, OK 73139"
95,398024, Southwestern Medical Center,https://freida.ama-assn.org/institution/398024,,,Univ of Oklahoma Coll of Med,"5602 SW Lee Blvd, Lawton, OK 73506-7290"
96,399532, Southwestern Regional Medical Center,https://freida.ama-assn.org/institution/399532,,,,"10109 E 79th St, Tulsa, OK 74133"
97,399528, SP Research PLLC,https://freida.ama-assn.org/institution/399528,,,,"2601 Northwest Expwy, Oklahoma City, OK 73112"
98,399618, Spectrum Dermatology,https://freida.ama-assn.org/institution/399618,,,Univ of Oklahoma Coll of Med,"1616 S Kelly Ave, Edmond, OK 73013"
99,399631, Spine & Orthopedic Specialists,https://freida.ama-assn.org/institution/399631,,,,"8165 S Mingo Rd, Tulsa, OK 74133"
100,390115, St Anthony Hospital,https://freida.ama-assn.org/institution/390115,['Oklahoma State Univ Ctr for Health Sciences Coll of Osteopathic Med'],['Midwestern Univ Arizona Coll of Osteopathic Med'],['Univ of Oklahoma Coll of Med'],"1000 N Lee Ave, Oklahoma City, OK 73102"
101,390447, St John Medical Center,https://freida.ama-assn.org/institution/390447,['Univ of Oklahoma Coll of Med'],,['Oklahoma State Univ Ctr for Health Sciences Coll of Osteopathic Med'],"1923 S Utica Ave, Tulsa, OK 74104"
102,390489, St Mary's Regional Medical Center,https://freida.ama-assn.org/institution/390489,,,,"305 S Fifth St, Enid, OK 73702"
103,399513, Stillwater Medical Center,https://freida.ama-assn.org/institution/399513,,,,"1323 W 6th Ave, Stillwater, OK 74074"
104,390026, Stillwater Neurology,https://freida.ama-assn.org/institution/390026,,,,"1201 S Adams St, Stillwarer, OK 74074"
105,399570, Surgical Hospital of Oklahoma,https://freida.ama-assn.org/institution/399570,,,Univ of Oklahoma Coll of Med,"100 SE 59th St, Oklahoma City, OK 73129"
106,399605, Tahlequah Medical Group,https://freida.ama-assn.org/institution/399605,,,,"1373 E Boone St, Tahlequah, OK 74464"
107,399616, Tahlequah Pediatrics,https://freida.ama-assn.org/institution/399616,,,,"1310 E Boone St, Tahlequah, OK 74464"
108,399576, TeamHealth/Emergency Management Midwest Inc,https://freida.ama-assn.org/institution/399576,,,,"115 SW 89th St, Oklahoma City, OK 73139"
109,399644, Texoma Pediatrics,https://freida.ama-assn.org/institution/399644,,,,"1415 W Main St, Durant, OK 74701"
110,399648, Texoma Regional Eye Center,https://freida.ama-assn.org/institution/399648,,,,"5389 N 1st Ave, Durant, OK 74701"
111,398051, The Children's Center,https://freida.ama-assn.org/institution/398051,,,Univ of Oklahoma Coll of Med,"6800 NW 39th Expy, Bethany, OK 73008"
112,399539, TherapyWorks Tulsa,https://freida.ama-assn.org/institution/399539,,,,"7608 E 91st St, Tulsa, OK 74133"
113,399564, Triad Eye Institute,https://freida.ama-assn.org/institution/399564,,,,"6140 S Memorial Dr, Tulsa, OK 74133"
114,399579, Tulsa Bone and Joint Associates PC,https://freida.ama-assn.org/institution/399579,,,,"4802 S 109th E Ave, Tulsa, OK 74146"
115,399537, Tulsa Boys' Home,https://freida.ama-assn.org/institution/399537,,,Univ of Oklahoma Coll of Med,"2727 S 137th E Ave, Sand Springs, OK 74063"
116,399553, Tulsa Cancer Institute,https://freida.ama-assn.org/institution/399553,,,,"12697 E 51st St, Tulsa, OK 74146"
117,399531, Tulsa Center for Behavioral Health,https://freida.ama-assn.org/institution/399531,,,Univ of Oklahoma Coll of Med,"2323 S Harvard Ave, Tulsa, OK 74114"
118,399610, Tulsa City-County Health Department,https://freida.ama-assn.org/institution/399610,,,,"315 S Utica, Tulsa, OK 74104"
119,399588, Tulsa Dermatology Clinic Inc,https://freida.ama-assn.org/institution/399588,,,,"2121 E 21st St, Tulsa, OK 74114"
120,390014, Tulsa Infectious Disease,https://freida.ama-assn.org/institution/390014,,,,"8803 S 101st E Ave, Tulsa, OK 74133"
121,390500, Tulsa Medical Education Foundation,https://freida.ama-assn.org/institution/390500,,,,"4502 E 41st St, Tulsa, OK 74135"
122,399545, Tulsa Plastic Surgery,https://freida.ama-assn.org/institution/399545,,,Univ of Oklahoma Coll of Med,"6585 S Yale Ave, Tulsa, OK 74136"
123,399667, Tulsa Spine & Specialty Hospital,https://freida.ama-assn.org/institution/399667,,,Univ of Oklahoma Coll of Med,"6901 S Olympia Ave, Tulsa, OK 74132"
124,399660, Tulsa Surgical Arts,https://freida.ama-assn.org/institution/399660,,,,"7322 E 91st St, Tulsa, OK 74133"
125,390004, Turn Key Health Clinics LLC,https://freida.ama-assn.org/institution/390004,,,,"19 NE 50th St, Oklahoma City, OK 73105"
126,399535, Union Public Schools,https://freida.ama-assn.org/institution/399535,,,Univ of Oklahoma Coll of Med,"8506 E 61st St, Tulsa, OK 74133"
127,390477, University of Oklahoma College of Medicine,https://freida.ama-assn.org/institution/390477,['Univ of Oklahoma Coll of Med'],['West Virginia Sch of Osteopathic Med'],"['Oklahoma State Univ Ctr for Health Sciences Coll of Osteopathic Med', 'Pacific Northwest Univ of Health Sciences Coll of Osteopathic Med']","940 Stanton L Young Blvd, Oklahoma City, OK 73104"
128,398053, University of Oklahoma Health Sciences Center,https://freida.ama-assn.org/institution/398053,,,Univ of Oklahoma Coll of Med,"940 Stanton L Young Blvd, Oklahoma City, OK 73190"
129,399501, University of Oklahoma School of Community Medicine-Tulsa,https://freida.ama-assn.org/institution/399501,['Univ of Oklahoma Coll of Med'],['Midwestern Univ Arizona Coll of Osteopathic Med'],,"4502 E 41st St, Tulsa, OK 74135-2512"
130,399590, Urologic Specialists,https://freida.ama-assn.org/institution/399590,,,,"10901 E 48th St, Tulsa, OK 74146"
131,399580, Variety Care,https://freida.ama-assn.org/institution/399580,,,Univ of Oklahoma Coll of Med,"317 E Himes St, Norman, OK 73069"
132,398042, VistaCare Hospice (Oklahoma City),https://freida.ama-assn.org/institution/398042,,,,"5015 N Pennsylvania Ave, Oklahoma City, OK 73112"
133,390005, Vogt Services LLC,https://freida.ama-assn.org/institution/390005,,,,"1811 S Baltimore Ave, Tulsa, OK 74119"
134,399540, Warren Clinic,https://freida.ama-assn.org/institution/399540,,,Univ of Oklahoma Coll of Med,"6160 S Yale Ave, Tulsa, OK 74136"
135,399527, Wayman Tisdale Specialty Health Clinic,https://freida.ama-assn.org/institution/399527,,,Univ of Oklahoma Coll of Med,"591 E 36th St N, Tulsa, OK 74106"
136,398043, Women's Health Care Specialists,https://freida.ama-assn.org/institution/398043,,,,"4444 E 41st St, Tulsa, OK 74135-2512"
137,398018, WorkMed Occupational Health Network (Tulsa),https://freida.ama-assn.org/institution/398018,,,,"PO Box 14210, Tulsa, OK 74159-1210"
138,399669, Young People's Clinic,https://freida.ama-assn.org/institution/399669,,,,"2424 E 21st St, Tulsa, OK 74114"
