,AMC_No,AMC_Name,URLS,Affiliation_Major,Affiliation_Limited,Affiliation_Graduate,Medical_Center_Address
0,409610, ABC House,https://freida.ama-assn.org/institution/409610,,,,"1054 29th Ave SW, Albany, OR 97321"
1,409628, Adapt,https://freida.ama-assn.org/institution/409628,,,,"548 SE Jackson St, Roseburg, OR 97471"
2,400017, Beaver Sports Medicine Surgery Center,https://freida.ama-assn.org/institution/400017,,,,"1128 NE 2nd St, Corvallis, OR 97330"
3,409613, Benton County Diversity Program,https://freida.ama-assn.org/institution/409613,,,,"2420 NW Professional Dr, Corvallis, OR 97330"
4,408011, Blue Mountain Hospital,https://freida.ama-assn.org/institution/408011,,Oregon Health & Science Univ Sch of Med,,"170 Ford Rd, John Day, OR 97845"
5,409616, Boys and Girls Club of Corvallis,https://freida.ama-assn.org/institution/409616,,,,"1112 NW Circle Blvd, Corvallis, OR 97330"
6,400002, Central City Concern,https://freida.ama-assn.org/institution/400002,,Oregon Health & Science Univ Sch of Med,,"232 NW 6th Ave, Portland, OR 97209"
7,408035, Christie Care,https://freida.ama-assn.org/institution/408035,,,,"2507 Christie Lane, Lake Oswego, OR 97035"
8,409022, Clackamas County Health Department,https://freida.ama-assn.org/institution/409022,,,,"2051 Kaen Rd, Oregon City, OR 97945"
9,400003, CODA Inc,https://freida.ama-assn.org/institution/400003,,Oregon Health & Science Univ Sch of Med,,"1032 NE Couch, Portland, OR 97233"
10,409015, Corvallis Clinic,https://freida.ama-assn.org/institution/409015,,,,"444 Elks Dr, Corvallis, OR 97330"
11,409615, Corvallis School District,https://freida.ama-assn.org/institution/409615,,,,"1555 SW 35th St, Corvallis, OR 97333"
12,409000, Eastmoreland Hospital,https://freida.ama-assn.org/institution/409000,,,,"2900 SE Steels St, Portland, OR 97202"
13,400010, Firehouse Diabetes and Endocrine Center,https://freida.ama-assn.org/institution/400010,,,,"1585 Liberty St SE, Salem, OR 97302"
14,400032, Fora Health,https://freida.ama-assn.org/institution/400032,,,,"10230 SE Cherry Blossom Dr, Portland, OR 97216"
15,409601, Good Samaritan Regional Medical Center,https://freida.ama-assn.org/institution/409601,['Western Univ of Health Sciences Coll of Osteopathic Med of the Pacific'],['Lincoln Memorial Univ DeBusk Coll of Osteopathic Med'],['Pacific Northwest Univ of Health Sciences Coll of Osteopathic Med'],"3600 NW Samaritan Dr, Corvallis, OR 97330"
16,408021, Hazelden Springbrook (Oregon),https://freida.ama-assn.org/institution/408021,,Oregon Health & Science Univ Sch of Med,,"1901 Esther St, Newberg, OR 97132"
17,409617, Jackson Street Youth Shelter,https://freida.ama-assn.org/institution/409617,,,,"555 NW Jackson Ave, Corvallis, OR 97330"
18,400707, Kaiser Permanente Northwest,https://freida.ama-assn.org/institution/400707,Oregon Health & Science Univ Sch of Med,,,"500 NE Multnomah St, Portland, OR 97232-2099"
19,408025, Kaiser Sunnyside Medical Center,https://freida.ama-assn.org/institution/408025,,"['Pacific Northwest Univ of Health Sciences Coll of Osteopathic Med', 'Oregon Health & Science Univ Sch of Med']",,"10180 SE Sunnyside Rd, Clackamas, OR 97015"
20,409621, Key Laser Institute,https://freida.ama-assn.org/institution/409621,,,,"9753 SW Barnes Rd, Portland, OR 97225"
21,408016, Lake County Medical Clinic,https://freida.ama-assn.org/institution/408016,,,Oregon Health & Science Univ Sch of Med,"624 S J St, Lakeview, OR 97630"
22,400007, Legacy Emanuel Hospital and Health Center,https://freida.ama-assn.org/institution/400007,['Washington State Univ Elson S Floyd Coll of Med'],"['Midwestern Univ Arizona Coll of Osteopathic Med', 'Oregon Health & Science Univ Sch of Med', 'Kansas City Univ of Med and Biosciences Coll of Osteopathic Med']","['Pacific Northwest Univ of Health Sciences Coll of Osteopathic Med', 'Mayo Clinic Alix Sch of Med']","2801 N Gantenbein Ave, Portland, OR 97227"
23,400102, Legacy Good Samaritan Hospital and Medical Center,https://freida.ama-assn.org/institution/400102,"['Oregon Health & Science Univ Sch of Med', 'Washington State Univ Elson S Floyd Coll of Med']","['Kansas City Univ of Med and Biosciences Coll of Osteopathic Med', 'Burrell Coll of Osteopathic Med']",,"1015 NW 22nd Ave, Portland, OR 97210-3090"
24,400229, Legacy Health,https://freida.ama-assn.org/institution/400229,"['Western Univ of Health Sciences Coll of Osteopathic Med of the Pacific', 'Oregon Health & Science Univ Sch of Med', 'Western Univ of Health Sciences Coll of Osteo Med of Pacific-Northwest']","['Midwestern Univ Arizona Coll of Osteopathic Med', 'Kansas City Univ of Med and Biosciences Coll of Osteopathic Med']",,"2801 N Gantenbein Ave, Portland, OR 97227-1674"
25,408032, Lifeworks Northwest (Murray),https://freida.ama-assn.org/institution/408032,,,,"3900 SW Murray Blvd, Beaverton, OR 97005"
26,409609, Linn County Detention/Oak Creek Youth Correctional Facility,https://freida.ama-assn.org/institution/409609,,,,"4400 Lochner Rd SE, Albany, OR 97322"
27,409614, Linn County Drug and Alcohol,https://freida.ama-assn.org/institution/409614,,,,"104 SW 4th St, Albany, OR 07321"
28,409016, Linn County Mental Health Services-Albany,https://freida.ama-assn.org/institution/409016,,,,"445 3rd Ave SW, Albany, OR 97321"
29,409003, Marquis Care at Mt Tabor,https://freida.ama-assn.org/institution/409003,,,,"6040 SE Belmond, Portland, OR 97215"
30,409608, Mercy Medical Center,https://freida.ama-assn.org/institution/409608,,,,"2700 NW Stewart Pkwy, Roseburg, OR 97471"
31,408018, Multnomah County Health Department,https://freida.ama-assn.org/institution/408018,,Oregon Health & Science Univ Sch of Med,,"426 SW Stark St, Portland, OR 97204"
32,409619, Neaman Plastic Surgery,https://freida.ama-assn.org/institution/409619,,,,"1430 Commercial St SE, Salem, OR 97302"
33,408029, Northwest Cancer Specialists PC,https://freida.ama-assn.org/institution/408029,,,,"265 N Broadway, Portland, OR 97227"
34,409607, OCHIN Inc,https://freida.ama-assn.org/institution/409607,,,Oregon Health & Science Univ Sch of Med,"1881 SW Naito Pkwy, Portland, OR 97201"
35,409006, Office for Oregon Health Policy and Research,https://freida.ama-assn.org/institution/409006,,,,"1225 Ferry St SE, Salem, OR 97301"
36,409005, Office of Environmental Public Health-Research & Education,https://freida.ama-assn.org/institution/409005,,,,"800 NE Oregon St, Portland, OR 97232"
37,400012, OHSU Health Hillsboro Medical Center,https://freida.ama-assn.org/institution/400012,,Oregon Health & Science Univ Sch of Med,,"335 SE 8th Ave, Hillsboro, OR 97253"
38,409019, OHSU-Child Development and Rehabilitation Center (Eugene),https://freida.ama-assn.org/institution/409019,,Oregon Health & Science Univ Sch of Med,,"901 E 18th Ave, Eugene, OR 97403"
39,409018, OHSU-Child Development and Rehabilitation Center (Portland),https://freida.ama-assn.org/institution/409018,,Oregon Health & Science Univ Sch of Med,,"700 SW Campus Dr, Portland, OR 97239"
40,409611, Old Mill Center for Children and Families,https://freida.ama-assn.org/institution/409611,,,,"1650 SW 45th Pl, Corvallis, OR 97333"
41,409009, One Community Health,https://freida.ama-assn.org/institution/409009,,,,"849 Pacific Ave, Hood River, OR 97031"
42,400109, Oregon Health & Science University Hospital,https://freida.ama-assn.org/institution/400109,['Oregon Health & Science Univ Sch of Med'],"['Midwestern Univ Arizona Coll of Osteopathic Med', 'Univ of California Davis Sch of Med', 'Western Univ of Health Sciences Coll of Osteopathic Med of the Pacific', 'John A Burns Sch of Med Univ of Hawaii at Manoa', 'Kansas City Univ of Med and Biosciences Coll of Osteopathic Med', 'Burrell Coll of Osteopathic Med', 'West Virginia Sch of Osteopathic Med']",['Pacific Northwest Univ of Health Sciences Coll of Osteopathic Med'],"3181 SW Sam Jackson Park Rd, Portland, OR 97201-3098"
43,409618, Oregon Neurology Associates,https://freida.ama-assn.org/institution/409618,,,,"3355 RiverBend Dr, Springfield, OR 97477"
44,409007, Oregon Public Health Division-Disease Prevention and Epidemiology,https://freida.ama-assn.org/institution/409007,,,,"800 NE Oregon St, Portland, OR 97232"
45,400143, Oregon State Hospital (Portland),https://freida.ama-assn.org/institution/400143,Oregon Health & Science Univ Sch of Med,,,"1121 NE 2nd Ave, Portland, OR 97232"
46,409014, Oregon State Hospital (Salem),https://freida.ama-assn.org/institution/409014,,Oregon Health & Science Univ Sch of Med,,"2600 Center St NE, Salem, OR 97301"
47,409008, Parry Center/Trillium Family Services,https://freida.ama-assn.org/institution/409008,,,Oregon Health & Science Univ Sch of Med,"3415 SE 36th St, Portland, OR 97202"
48,409612, Planned Parenthood,https://freida.ama-assn.org/institution/409612,Oregon Health & Science Univ Sch of Med,,,"3727 NE Martin Luther King Jr Blvd, Portland, OR 97212"
49,408020, Portland State University Training Room,https://freida.ama-assn.org/institution/408020,,,,"930 SW Hall, Portland, OR 97201"
50,400171, Portland Veterans Affairs Medical Center,https://freida.ama-assn.org/institution/400171,Oregon Health & Science Univ Sch of Med,,,"3710 SW US Veterans Hospital Rd, Portland, OR 97207"
51,408015, Progressive Rehabilitation Services,https://freida.ama-assn.org/institution/408015,,,,"1815 SW Marlow, Portland, OR 97225"
52,408013, Providence Health & Services-Oregon,https://freida.ama-assn.org/institution/408013,,"['Kansas City Univ of Med and Biosciences Coll of Osteopathic Med', 'Burrell Coll of Osteopathic Med']","['Univ of California Davis Sch of Med', 'Mayo Clinic Alix Sch of Med']","5050 NE Hoyt Ave, Portland, OR 97213"
53,409010, Providence Hood River Memorial Hospital,https://freida.ama-assn.org/institution/409010,,,,"810 12th St, Hood River, OR 97031"
54,408006, Providence Milwaukie Hospital,https://freida.ama-assn.org/institution/408006,,"['Oregon Health & Science Univ Sch of Med', 'Pacific Northwest Univ of Health Sciences Coll of Osteopathic Med']",,"10150 SE 32nd Ave, Milwaukie, OR 97222-6593"
55,400398, Providence Portland Medical Center,https://freida.ama-assn.org/institution/400398,"['Creighton Univ Sch of Med', 'Oregon Health & Science Univ Sch of Med', 'Washington State Univ Elson S Floyd Coll of Med']",,['Pacific Northwest Univ of Health Sciences Coll of Osteopathic Med'],"4805 NE Glisan St, Portland, OR 97213-2967"
56,400133, Providence St Vincent Medical Center,https://freida.ama-assn.org/institution/400133,"['Oregon Health & Science Univ Sch of Med', 'Washington State Univ Elson S Floyd Coll of Med']","['Midwestern Univ Arizona Coll of Osteopathic Med', 'West Virginia Sch of Osteopathic Med']",['Pacific Northwest Univ of Health Sciences Coll of Osteopathic Med'],"9205 SW Barnes Rd, Portland, OR 97225-6661"
57,400004, Recovery Works Northwest,https://freida.ama-assn.org/institution/400004,,,Oregon Health & Science Univ Sch of Med,"173 NE 102nd Ave, Portland, OR 97220"
58,408017, Rogue Valley Medical Center,https://freida.ama-assn.org/institution/408017,,Oregon Health & Science Univ Sch of Med,,"2825 E Barnett Rd, Medford, OR 97504"
59,409626, Roseburg VA Medical Center,https://freida.ama-assn.org/institution/409626,,Pacific Northwest Univ of Health Sciences Coll of Osteopathic Med,,"913 NW Garden Valley Blvd, Roseburg, OR 97471"
60,409602, Samaritan Albany General Hospital,https://freida.ama-assn.org/institution/409602,,,,"1046 6th Ave SW, Albany, OR 97321"
61,409011, Samaritan Health Services-Corvallis,https://freida.ama-assn.org/institution/409011,,"['Midwestern Univ Arizona Coll of Osteopathic Med', 'Burrell Coll of Osteopathic Med', 'West Virginia Sch of Osteopathic Med']",,"3509 NW Samaritan Dr, Corvallis, OR 97330"
62,409603, Samaritan Lebanon Community Hospital,https://freida.ama-assn.org/institution/409603,,,,"525 N Santiam Hwy SE, Lebanon, OR 97355"
63,409604, Samaritan North Lincoln Hospital,https://freida.ama-assn.org/institution/409604,,Pacific Northwest Univ of Health Sciences Coll of Osteopathic Med,,"3043 NE 28th St, Lincoln City, OR 97367"
64,400024, Samaritan Pacific Communities Hospital,https://freida.ama-assn.org/institution/400024,,,,"930 SW Abbey St, Newport, OR 97365"
65,409622, Samaritan Pacific Surgical Associates,https://freida.ama-assn.org/institution/409622,,,,"929 SW Bay St, Newport, OR 97365"
66,409002, Sequoia Mental Health Services,https://freida.ama-assn.org/institution/409002,,,,"13575 SW Millikan Way, Beaverton, OR 97005"
67,409013, Serenity Lane Inpatient Hospital and Residential Treatment Center,https://freida.ama-assn.org/institution/409013,,,,"616 E 16th Ave, Eugene, OR 97401"
68,400325, Shriners Hospitals for Children (Portland),https://freida.ama-assn.org/institution/400325,,Oregon Health & Science Univ Sch of Med,,"3101 SW Sam Jackson Park Rd, Portland, OR 97201-5090"
69,400025, Siletz Community Health Clinic,https://freida.ama-assn.org/institution/400025,,,,"200 Gwee-Shut Rd, Siletz, OR 97380"
70,409599, Silver Falls Dermatology,https://freida.ama-assn.org/institution/409599,,,,"1793 13th St SE, Salem, OR 97302"
71,408004, Sky Lakes Medical Center,https://freida.ama-assn.org/institution/408004,['Oregon Health & Science Univ Sch of Med'],"['Geisel Sch of Med at Dartmouth', 'Kansas City Univ of Med and Biosciences Coll of Osteopathic Med']",,"2865 Daggett Ave, Klamath Falls, OR 97601"
72,408012, St Alphonsus Medical Center,https://freida.ama-assn.org/institution/408012,,"['Oregon Health & Science Univ Sch of Med', 'Pacific Northwest Univ of Health Sciences Coll of Osteopathic Med', 'Kansas City Univ of Med and Biosciences Coll of Osteopathic Med']",,"351 SW 9th Ave, Ontario, OR 97914"
73,408005, St Charles Medical Center,https://freida.ama-assn.org/institution/408005,,Oregon Health & Science Univ Sch of Med,,"2500 NE Neff Rd, Bend, OR 97701"
74,400014, Summit Orthopaedics,https://freida.ama-assn.org/institution/400014,,,,"501 N Graham, Portland, OR 97227"
75,408014, Three Rivers Community Hospital,https://freida.ama-assn.org/institution/408014,,Oregon Health & Science Univ Sch of Med,,"500 SW Ramsey Ave, Grants Pass, OR 97527"
76,409012, Trillium Family Services-Children's Farm Home,https://freida.ama-assn.org/institution/409012,,,,"4455 US 20, Corvallis, OR 97330"
77,408019, Tuality/OHSU Cancer Center,https://freida.ama-assn.org/institution/408019,,,,"335 SE 8th Ave, Hillsboro, OR 97123"
78,408026, Umatilla Chemical Depot (UMCD),https://freida.ama-assn.org/institution/408026,,,,"78798 Ordnance Rd, Hermiston, OR 97838"
79,409620, Unity Center for Behavioral Health Legacy Health System,https://freida.ama-assn.org/institution/409620,,Oregon Health & Science Univ Sch of Med,,"1225 NE 2nd Ave, Portland, OR 97232"
80,409600, University of Portland-Department of Athletics,https://freida.ama-assn.org/institution/409600,,,,"5000 N Williamette Blvd, Portland, OR 97203"
81,400015, Upper Hand Orthopedics,https://freida.ama-assn.org/institution/400015,,,,"2797 NW 9th St, Corvallis, OR 97330"
82,408010, Wallowa Memorial Hospital,https://freida.ama-assn.org/institution/408010,,Oregon Health & Science Univ Sch of Med,,"401 NE 1st, Enterprise, OR 97828"
83,409023, Washington County Health Department,https://freida.ama-assn.org/institution/409023,,,,"155 N First Ave, Hillsboro, OR 97124"
