,AMC_No,AMC_Name,URLS,Affiliation_Major,Affiliation_Limited,Affiliation_Graduate,Medical_Center_Address
0,410007, Aaron Center,https://freida.ama-assn.org/institution/410007,,,,"851 Commerce Blvd, Scranton, PA 18519"
1,419525, Abington Reproductive Endocrine,https://freida.ama-assn.org/institution/419525,,,,"1245 Highland Ave, Abington, PA 19001"
2,419612, Abington Surgical Center,https://freida.ama-assn.org/institution/419612,,,,"2701 Blair Mill Rd, Willow Grove, PA 19090"
3,419505, Above & Beyond,https://freida.ama-assn.org/institution/419505,,,,"514 N 22nd St, Allentown, PA 18104"
4,419759, Acadia-Pocono Mountain Recovery Center,https://freida.ama-assn.org/institution/419759,,,,"3437 PA-715, Henryville, PA 18332"
5,410031, Achievement Center,https://freida.ama-assn.org/institution/410031,,,,"4950 W 23rd St, Erie, PA 16506"
6,419661, Advanced Dermatology Associates Ltd,https://freida.ama-assn.org/institution/419661,,,,"1259 Cedar Crest Blvd, Allentown, PA 18103"
7,419578, Advantage Nutrition and Wellness LLC,https://freida.ama-assn.org/institution/419578,,,,"2005 City Line Rd, Bethlehem, PA 18017"
8,419673, Alfred I duPont Hospital for Children,https://freida.ama-assn.org/institution/419673,,,,"2128 Embassy Dr, Lancaster, PA 17603"
9,419061, Allegheny County Behavior Assessment Unit,https://freida.ama-assn.org/institution/419061,,,,"564 Forbes Ave, Pittsburgh, PA 15219"
10,419052, Allegheny County Jail,https://freida.ama-assn.org/institution/419052,,,,"950 Second Ave, Pittsburgh, PA 15222"
11,410531, Allegheny County Medical Examiner's Office,https://freida.ama-assn.org/institution/410531,,Univ of New England Coll of Osteopathic Med,,"1520 Penn Ave, Pittsburgh, PA 15222"
12,410465, Allegheny General Hospital,https://freida.ama-assn.org/institution/410465,['Drexel Univ Coll of Med'],['Univ of Pittsburgh Sch of Med'],['Lewis Katz Sch of Med at Temple Univ'],"320 E North Ave, Pittsburgh, PA 15212-4772"
13,418069, Allegheny Health Network Medical Education Consortium,https://freida.ama-assn.org/institution/418069,"['Lewis Katz Sch of Med at Temple Univ', 'Drexel Univ Coll of Med', 'Lake Erie Coll of Osteopathic Med-Erie', 'Penn State Coll of Med']","['Univ of New England Coll of Osteopathic Med', 'Midwestern Univ Arizona Coll of Osteopathic Med', 'West Virginia Sch of Osteopathic Med', 'Burrell Coll of Osteopathic Med']",,"320 E North Ave, Pittsburgh, PA 15212"
14,418033, Allegheny University Hospitals,https://freida.ama-assn.org/institution/418033,,,,"3300 Henry Ave, Philadelphia, PA 19129"
15,418064, Allegheny Valley Hospital,https://freida.ama-assn.org/institution/418064,,,,"1301 Carlisle St, Natrona Heights, PA 15065"
16,419718, Allergy Asthma & Arthritis Associates,https://freida.ama-assn.org/institution/419718,,,,"103 Progress Dr, Doylestown, PA 18901"
17,410167, Allied Services Institute of Rehabilitation Medicine,https://freida.ama-assn.org/institution/410167,,,,"475 Morgan Hwy, Scranton, PA 18508"
18,419589, Altoona Arthritis and Osteoporosis Center,https://freida.ama-assn.org/institution/419589,,,,"175 Meadowbrook Ln, Duncansville, PA 16635"
19,419668, Altoona Center for Nursing Care,https://freida.ama-assn.org/institution/419668,,,,"1020 Green Ave, Altoona, PA 16601"
20,419616, Altoona Lung Specialists,https://freida.ama-assn.org/institution/419616,,,,"800 Chestnut Ave, Altoona, PA 16601"
21,419592, American Access Center of South Philadelphia,https://freida.ama-assn.org/institution/419592,,,,"2412-14 W Passyunk Ave, Philadelphia, PA 19145"
22,418003, American Red Cross Blood Services-Penn-Jersey Region,https://freida.ama-assn.org/institution/418003,,,Raymond and Ruth Perelman Sch of Med at the Univ of Pennsylvania,"700 Spring Garden St, Philadelphia, PA 19123-3594"
23,419540, Apple Hill Surgical Center,https://freida.ama-assn.org/institution/419540,,,,"25 Monument Rd, York, PA 17403"
24,419710, Arthritis Group,https://freida.ama-assn.org/institution/419710,,,,"1205 Newton-Langhorne Rd, Langhorne, PA 19047"
25,419046, Asbury Health Center,https://freida.ama-assn.org/institution/419046,,,,"700 Bower Hill Rd, Pittsburgh, PA 15243"
26,419564, Bache-Martin Elementary School,https://freida.ama-assn.org/institution/419564,,,,"2201 Brown St, Philadelphia, PA 19130"
27,410008, Bala Nursing Home and Rehabilitation,https://freida.ama-assn.org/institution/410008,,,Lewis Katz Sch of Med at Temple Univ,"4001 Ford Rd, Philadelphia, PA 19131"
28,419559, Baldassano Dermatopathology PC,https://freida.ama-assn.org/institution/419559,,,,"828 Creekview Dr, Penllyn, PA 19422"
29,419703, Bay City Psychiatry,https://freida.ama-assn.org/institution/419703,,,,"2104 Zimmerly Rd, Erie, PA 16509"
30,410283, Belmont Center for Comprehensive Treatment,https://freida.ama-assn.org/institution/410283,,Sidney Kimmel Med Coll at Thomas Jefferson Univ,,"4200 Monument Ave, Philadelphia, PA 19131"
31,419715, Bradley A Fink DO-Orthopedic Surgery,https://freida.ama-assn.org/institution/419715,,,,"1411 Woodbourne Rd, Levittown, PA 19057"
32,410066, Brandywine Hospital-Tower Health,https://freida.ama-assn.org/institution/410066,,,,"201 Reeceville Rd, Coatesville, PA 19320"
33,419070, Brooke Glen Behavioral Hospital,https://freida.ama-assn.org/institution/419070,,,,"7170 Lafayette Ave, Fort Washington, PA 19034-2301"
34,410274, Bryn Mawr Hospital,https://freida.ama-assn.org/institution/410274,['Sidney Kimmel Med Coll at Thomas Jefferson Univ'],,['Raymond and Ruth Perelman Sch of Med at the Univ of Pennsylvania'],"130 S Bryn Mawr Ave, Bryn Mawr, PA 19010-3160"
35,418054, Bryn Mawr Rehabilitation Hospital,https://freida.ama-assn.org/institution/418054,,,,"414 Paoli Pike, Malvern, PA 19355"
36,419075, Bucknell University Student Health Service,https://freida.ama-assn.org/institution/419075,,,,"1 Dent Dr, Lewisburg, PA 17837"
37,419753, Bucks County Plastic Surgery,https://freida.ama-assn.org/institution/419753,,,,"104 Pheasant Run, Newton, PA 18940"
38,419716, Bucks ENT Associates,https://freida.ama-assn.org/institution/419716,,,,"3 Cornerstone Dr, Langhorne, PA 19047"
39,419743, Butler Health Providers/BHS Cardiovascular Consultants,https://freida.ama-assn.org/institution/419743,,,,"122 S Washington St, Butler, PA 16001"
40,419029, Butler Regional Cancer Center,https://freida.ama-assn.org/institution/419029,,,,"160 Hindman Rd, Butler, PA 16001"
41,419577, California University of Pennsylvania,https://freida.ama-assn.org/institution/419577,,,,"250 University Ave, California, PA 15419"
42,419605, Campanella and Pearah Eyecare Associates,https://freida.ama-assn.org/institution/419605,,,,"3855 Penn Ave, Sinking Spring, PA 19608"
43,419511, Cancer Treatment Center of America,https://freida.ama-assn.org/institution/419511,,,"['Drexel Univ Coll of Med', 'Philadelphia Coll of Osteopathic Med']","1331 E Wyoming Ave, Philadelphia, PA 19124"
44,419042, Canterbury Place,https://freida.ama-assn.org/institution/419042,,,,"310 Fisk St, Pittsburgh, PA 15201"
45,410011, Caron Treatment Centers,https://freida.ama-assn.org/institution/410011,,,,"243 N Galen Hall Rd, Wernersville, PA 19565"
46,419086, Cathedral Village,https://freida.ama-assn.org/institution/419086,,,,"600 Cathedral Rd, Philadelphia, PA 19128"
47,410039, Centennial Healthcare & Rehabilitation Center,https://freida.ama-assn.org/institution/410039,,,Lewis Katz Sch of Med at Temple Univ,"4400 W Girard Ave, Philadelphia, PA 19104"
48,419649, Center for Advanced Orthopedics,https://freida.ama-assn.org/institution/419649,,,,"716 W Germantown Pike, Norristown, PA 19403"
49,410074, Center for Forensic Science Research and Education,https://freida.ama-assn.org/institution/410074,,,,"2300 Stratford Ave, Willow Grove, PA 19090"
50,410152, Center for Specialized Surgery,https://freida.ama-assn.org/institution/410152,,,,"2851 Baglyos Cir, Bethlehem, PA 18020"
51,419720, Center for Women's Health John S Missanelli DO,https://freida.ama-assn.org/institution/419720,,,,"5735 Ridge Ave, Philadelphia, PA 19128"
52,419717, Century Eye Care Ltd,https://freida.ama-assn.org/institution/419717,,,,"216 Mill St, Bristol, PA 19007"
53,418049, Chambersburg Hospital,https://freida.ama-assn.org/institution/418049,,"['Drexel Univ Coll of Med', 'West Virginia Sch of Osteopathic Med']",,"112 N 7th St, Chambersburg, PA 17201"
54,419043, Charles Morris Center Nursing & Rehabilitation,https://freida.ama-assn.org/institution/419043,,,,"200 JHF Dr, Pittsburgh, PA 15217"
55,410219, Chester County Hospital,https://freida.ama-assn.org/institution/410219,Raymond and Ruth Perelman Sch of Med at the Univ of Pennsylvania,,,"701 Marshall St, West Chester, PA 19380"
56,410358, Chestnut Hill Hospital,https://freida.ama-assn.org/institution/410358,['Raymond and Ruth Perelman Sch of Med at the Univ of Pennsylvania'],"['Univ of New England Coll of Osteopathic Med', 'Lewis Katz Sch of Med at Temple Univ']",['Philadelphia Coll of Osteopathic Med'],"8835 Germantown Ave, Philadelphia, PA 19118-2767"
57,419080, Child Guidance Resource Center,https://freida.ama-assn.org/institution/419080,,,,"200 W Chester Pike, Havertown, PA 19083"
58,419016, Children's Crisis Treatment Center,https://freida.ama-assn.org/institution/419016,,,,"1823 Callowhill St, Philadelphia, PA 19130"
59,418070, Children's Heart Center,https://freida.ama-assn.org/institution/418070,,,,"401 N 17th St, Allentown, PA 18104"
60,410189, Children's Hospital of Philadelphia,https://freida.ama-assn.org/institution/410189,['Raymond and Ruth Perelman Sch of Med at the Univ of Pennsylvania'],"['Univ of New England Coll of Osteopathic Med', 'NYU Grossman Sch of Med', 'Sidney Kimmel Med Coll at Thomas Jefferson Univ', 'Geisel Sch of Med at Dartmouth']","['Mayo Clinic Alix Sch of Med', 'Icahn Sch of Med at Mount Sinai', 'Lewis Katz Sch of Med at Temple Univ', 'Drexel Univ Coll of Med', 'Philadelphia Coll of Osteopathic Med', 'Univ of Virginia Sch of Med']","34th St & Civic Center Blvd, Philadelphia, PA 19104"
61,418063, Children's Institute (Pittsburgh),https://freida.ama-assn.org/institution/418063,,,,"6301 Northumberland, Pittsburgh, PA 15217"
62,418025, Children's Seashore House,https://freida.ama-assn.org/institution/418025,,,,"3405 Civic Center Blvd, Philadelphia, PA 19104"
63,419670, City Line Pediatrics,https://freida.ama-assn.org/institution/419670,,,,"4190 City Ave, Philadelphia, PA 19131"
64,419606, Clarion Hospital,https://freida.ama-assn.org/institution/419606,,['West Virginia Sch of Osteopathic Med'],['Lake Erie Coll of Osteopathic Med-Erie'],"One Hospital Dr, Clarion, PA 16214"
65,410124, Coatesville Veterans Affairs Medical Center,https://freida.ama-assn.org/institution/410124,,,,"1400 Blackhorse Hill Rd, Coatesville, PA 19320"
66,419568, Columbia Montour Snyder Union Counties of Central PA,https://freida.ama-assn.org/institution/419568,,,,"603 E Market St, Danville, PA 17821"
67,410053, Community Health and Dental Care Inc,https://freida.ama-assn.org/institution/410053,,,,"351 W Schuylkill Rd, Pottstown, PA 19465"
68,419020, Community Organization for Mental Health and Retardation,https://freida.ama-assn.org/institution/419020,,,,"100 W Lehigh Ave, Philadelphia, PA 19133"
69,419721, Comprehensive Breast Care Surgeons,https://freida.ama-assn.org/institution/419721,,,,"45 2nd St Pike, Southampton, PA 18966"
70,419582, Concentra Medical Center,https://freida.ama-assn.org/institution/419582,,,,"4200 Union Deposit Rd, Harrisburg, PA 17111"
71,410236, Conemaugh Memorial Medical Center,https://freida.ama-assn.org/institution/410236,"['Lake Erie Coll of Osteopathic Med-Erie', 'Lake Erie Coll of Osteopathic Med-Seton Hill']","['Midwestern Univ Arizona Coll of Osteopathic Med', 'Univ of New England Coll of Osteopathic Med', 'Kansas City Univ of Med and Biosciences Coll of Osteopathic Med', 'Burrell Coll of Osteopathic Med', 'West Virginia Sch of Osteopathic Med', 'Lincoln Memorial Univ DeBusk Coll of Osteopathic Med']",['Pacific Northwest Univ of Health Sciences Coll of Osteopathic Med'],"1086 Franklin St, Johnstown, PA 15905"
72,419018, Consortium Inc,https://freida.ama-assn.org/institution/419018,,,,"3801 Market St, Philadelphia, PA 19104"
73,419529, Coordinated Health-Bethlehem Campus at Highland Ave,https://freida.ama-assn.org/institution/419529,,,,"2300 Highland Ave, Bethlehem, PA 18020"
74,419658, Cornerstone Care Teaching Health Center,https://freida.ama-assn.org/institution/419658,West Virginia Sch of Osteopathic Med,,,"120 Locust Ave, Mount Morris, PA 15349"
75,419055, Cove Prep Treatment Facility,https://freida.ama-assn.org/institution/419055,,,,"PO Box G, Torrance, PA 15779"
76,419549, Covenant House,https://freida.ama-assn.org/institution/419549,,,,"31 E Armat St, Philadelphia, PA 19144"
77,419576, Creekside Health and Rehabilitation Center,https://freida.ama-assn.org/institution/419576,,,,"45 N Scott St, Carbondale, PA 18407"
78,410505, Crozer Keystone Health System-Delaware County Memorial Hospital,https://freida.ama-assn.org/institution/410505,,,"['Philadelphia Coll of Osteopathic Med', 'Lewis Katz Sch of Med at Temple Univ']","501 N Landsowne Ave, Drexel Hill, PA 19026"
79,410511, Crozer-Chester Medical Center,https://freida.ama-assn.org/institution/410511,"['Drexel Univ Coll of Med', 'Philadelphia Coll of Osteopathic Med']","['Univ of New England Coll of Osteopathic Med', 'Sidney Kimmel Med Coll at Thomas Jefferson Univ']","['Raymond and Ruth Perelman Sch of Med at the Univ of Pennsylvania', 'Lewis Katz Sch of Med at Temple Univ']","1 Medical Center Blvd, Upland, PA 19013-3995"
80,419583, Crozer-Keystone Surgery Center at Haverford,https://freida.ama-assn.org/institution/419583,,West Virginia Sch of Osteopathic Med,,"2010 W Chester Pike, Havertown, PA 19083"
81,419569, Danville State Hospital,https://freida.ama-assn.org/institution/419569,,,,"200 State Hospital Dr, Danville, PA 17821"
82,419542, Dauphin & Lancaster County Coroner,https://freida.ama-assn.org/institution/419542,,,,"1271 S 28th St, Harrisburg, PA 17111"
83,410069, DaVita Dialysis Center,https://freida.ama-assn.org/institution/410069,,,,"475 Morgan Hwy, Scranton, PA 18508"
84,419547, DaVita Northside Dialysis,https://freida.ama-assn.org/institution/419547,,,,"320 E North Ave, Pittsburgh, PA 15212"
85,419089, DaVita Outpatient Dialysis Facilities,https://freida.ama-assn.org/institution/419089,,,Raymond and Ruth Perelman Sch of Med at the Univ of Pennsylvania,"4126 Walnut St, Philadelphia, PA 19104"
86,419693, Defender Associates of Philadelphia,https://freida.ama-assn.org/institution/419693,,,Raymond and Ruth Perelman Sch of Med at the Univ of Pennsylvania,"1441 Sansom St, Philadelphia, PA 19102"
87,419550, Delaware County Juvenile Detention Center (Lima),https://freida.ama-assn.org/institution/419550,,,,"370 N Middletown Rd, Lima, PA 19037"
88,410004, Delaware County Memorial Hospital,https://freida.ama-assn.org/institution/410004,,,Pacific Northwest Univ of Health Sciences Coll of Osteopathic Med,"501 N Lansdowne Ave, Drexel Hill, PA 19026"
89,419599, Main Line Center for Laser Surgery,https://freida.ama-assn.org/institution/419599,,,Lewis Katz Sch of Med at Temple Univ,"32 Parking Plaza, Ardmore, PA 19003"
90,419027, Main Line Fertility,https://freida.ama-assn.org/institution/419027,['Lewis Katz Sch of Med at Temple Univ'],,['Drexel Univ Coll of Med'],"130 S Bryn Mawr Ave, Bryn Mawr, PA 19010"
91,419570, Main Line Health System,https://freida.ama-assn.org/institution/419570,['Philadelphia Coll of Osteopathic Med'],"['Burrell Coll of Osteopathic Med', 'Drexel Univ Coll of Med']",,"100 Lancaster Ave, Wynnewood, PA 19096"
92,419663, Marisa Baldassano MD-Dermpath Office,https://freida.ama-assn.org/institution/419663,,,,"259 N 6th St, Columbia, PA 17512"
93,410113, Marworth Hospital,https://freida.ama-assn.org/institution/410113,,,,"Lily Lake Rd, Waverly, PA 18471"
94,419057, Mayview State Hospital,https://freida.ama-assn.org/institution/419057,,,,"1601 Mayview Rd, Bridgeville, PA 15017"
95,410034, Mazzitti & Sullivan-Middletown,https://freida.ama-assn.org/institution/410034,,,,"1801 Oberlin Rd, Middletown, PA 17057"
96,418039, MCP Hahnemann University-City Avenue Hospital,https://freida.ama-assn.org/institution/418039,,,,"4150 City Ave, Philadelphia, PA 19131-1610"
97,419722, Meadowbrook Neurology Group,https://freida.ama-assn.org/institution/419722,,,,"1650 Huntingdon Pike, Jenkintown, PA 19046"
98,418037, Meadville Medical Center,https://freida.ama-assn.org/institution/418037,,,,"751 Liberty Ave, Meadville, PA 16335"
99,410736, Medical College of Pennsylvania Hospital (Tenet Health System),https://freida.ama-assn.org/institution/410736,,,,"3300 Henry Ave, Philadelphia, PA 19129"
100,418055, Merakey-Knights Road,https://freida.ama-assn.org/institution/418055,,,Drexel Univ Coll of Med,"11082 Knights Rd, Philadelphia, PA 19154"
101,419622, Mercer Bucks Medical Associates PC,https://freida.ama-assn.org/institution/419622,,,,"1411 Woodbourne Rd, Levittown, PA 19057"
102,419631, Mercy Cardiology at Mercy Philadelphia Hospital,https://freida.ama-assn.org/institution/419631,,,,"501 S 54th St, Philadelphia, PA 19143"
103,418029, Mercy Catholic Medical Center,https://freida.ama-assn.org/institution/418029,"['Drexel Univ Coll of Med', 'Philadelphia Coll of Osteopathic Med']","['Burrell Coll of Osteopathic Med', 'West Virginia Sch of Osteopathic Med']",,"1 W Elm St, Conshohocken, PA 19428"
104,410414, Mercy Fitzgerald Hospital,https://freida.ama-assn.org/institution/410414,['Philadelphia Coll of Osteopathic Med'],"['Midwestern Univ Arizona Coll of Osteopathic Med', 'Lincoln Memorial Univ DeBusk Coll of Osteopathic Med']",,"1500 S Lansdowne Ave, Darby, PA 19023"
105,410499, Mercy Philadelphia Hospital,https://freida.ama-assn.org/institution/410499,,,,"5301 Cedar Ave, Philadelphia, PA 19143"
106,419732, Mercy Primary Care-Holme Avenue,https://freida.ama-assn.org/institution/419732,,,,"2630 Holme Ave, Philadelphia, PA 19152"
107,419733, Mercy Primary Care-Rhawn Street,https://freida.ama-assn.org/institution/419733,,,,"1407 Rhawn St, Philadelphia, PA 19111"
108,418038, Mercy Providence Hospital,https://freida.ama-assn.org/institution/418038,,,,"1004 Arch St, Pittsburgh, PA 15212594"
109,419702, Mercyhurst University-Student Wellness Division,https://freida.ama-assn.org/institution/419702,,,,"4118 Briggs Ave, Erie, PA 16546"
110,419729, Metabolic Disease Associates Inc,https://freida.ama-assn.org/institution/419729,,,,"240 W 11th St, Erie, PA 16501"
111,410306, Methodist Hospital,https://freida.ama-assn.org/institution/410306,['Sidney Kimmel Med Coll at Thomas Jefferson Univ'],,['Philadelphia Coll of Osteopathic Med'],"2301 S Broad St, Philadelphia, PA 19148"
112,419627, Millcreek Community Hospital,https://freida.ama-assn.org/institution/419627,,,Pacific Northwest Univ of Health Sciences Coll of Osteopathic Med,"5515 Peach St, Erie, PA 16509"
113,419634, Milstein Batta Dermatology LLC,https://freida.ama-assn.org/institution/419634,,,,"525 Jamestown Ave, Philadelphia, PA 19128"
114,419026, MNAP Diagnostic Center,https://freida.ama-assn.org/institution/419026,,,,"9908 Roosevelt Blvd, Philadelphia, PA 19115"
115,410495, Montgomery Hospital,https://freida.ama-assn.org/institution/410495,,,,"1301 Powell St, Norristown, PA 19404-0992"
116,410718, Moses Taylor Hospital,https://freida.ama-assn.org/institution/410718,Geisinger Commonwealth Sch of Med,,,"700 Quincy Ave, Scranton, PA 18510-1970"
117,410515, MossRehab,https://freida.ama-assn.org/institution/410515,,['Sidney Kimmel Med Coll at Thomas Jefferson Univ'],['Lewis Katz Sch of Med at Temple Univ'],"1200 W Tabor Rd, Philadelphia, PA 19141"
118,419069, Mount Nittany Medical Center,https://freida.ama-assn.org/institution/419069,Penn State Coll of Med,,,"1800 E Park Ave, State College, PA 16803"
119,419575, Mountain View Care Center,https://freida.ama-assn.org/institution/419575,,,,"2309 Stafford Ave, Scranton, PA 18505"
120,419579, Muhlenberg College Athletic Department,https://freida.ama-assn.org/institution/419579,,,,"2400 Chew St, Allentown, PA 18104"
121,410250, National Medical Services Inc,https://freida.ama-assn.org/institution/410250,,,,"415 Sargon Way, Horsham, PA 19044"
122,419021, Nazareth Hospital,https://freida.ama-assn.org/institution/419021,,Drexel Univ Coll of Med,,"2601 Holme Ave, Philadelphia, PA 19152"
123,419626, Neurological Associates,https://freida.ama-assn.org/institution/419626,,,,"531 W Germantown Pike, Plymouth Meeting, PA 19462"
124,419767, Neurology Psychiatry and Balance Therapy Center LLC,https://freida.ama-assn.org/institution/419767,,,,"725 W Skippack Pike, Blue Bell, PA 19422"
125,410282, Norristown State Hospital,https://freida.ama-assn.org/institution/410282,,,,"1001 Sterigere St, Norristown, PA 19401-5397"
126,419565, Northeast Treatment Centers,https://freida.ama-assn.org/institution/419565,,,,"499 N 5th St, Philadelphia, PA 19123"
127,410104, Northeastern Rehabilitation Associates,https://freida.ama-assn.org/institution/410104,,,,"5 Morgan Hwy, Scranton, PA 18702"
128,419674, Northern Lehigh High School,https://freida.ama-assn.org/institution/419674,,,,"1 Bulldog Ln, Slatington, PA 18080"
129,418002, Northwestern Institute of Psychiatry,https://freida.ama-assn.org/institution/418002,,,,"450 Bethlehem Pike, Fort Washington, PA 19034"
130,419682, Norwin High School,https://freida.ama-assn.org/institution/419682,,,,"251 McMahon Dr, Irwin, PA 15642"
131,419723, Office of Dean M Ruday DPM,https://freida.ama-assn.org/institution/419723,,,,"3790 Morrell Ave, Philadelphia, PA 19114"
132,419734, Office of Drs Tumasz and Lobianco,https://freida.ama-assn.org/institution/419734,,,,"7257 Revere St, Philadelphia, PA 19149"
133,410136, Office of the Medical Examiner,https://freida.ama-assn.org/institution/410136,['Raymond and Ruth Perelman Sch of Med at the Univ of Pennsylvania'],,"['Lewis Katz Sch of Med at Temple Univ', 'Drexel Univ Coll of Med']","321 University Ave, Philadelphia, PA 19104"
134,418047, Orthopaedic and Spine Specialists,https://freida.ama-assn.org/institution/418047,,,,"1861 Powder Mill Rd, York, PA 17402"
135,419513, Orthopaedic and Spine Specialists-Orthopaedic Hospital,https://freida.ama-assn.org/institution/419513,,,,"1861 Powder Hill Rd, York, PA 17402"
136,418052, Dermatologic Surgicenter (Philadelphia),https://freida.ama-assn.org/institution/418052,,,,"1200 Locust St, Philadelphia, PA 19107"
137,410041, Dermatology & Skin Cancer Center PC,https://freida.ama-assn.org/institution/410041,,,,"798 Hausman Rd, Allentown, PA 18104"
138,419017, Devereux Beneto Center,https://freida.ama-assn.org/institution/419017,,,,"555 Sugartown Rd, Malvern, PA 19355"
139,419051, Dialysis Clinic Inc (Philadelphia-East Falls),https://freida.ama-assn.org/institution/419051,,,"['Drexel Univ Coll of Med', 'Lewis Katz Sch of Med at Temple Univ']","3300 Henry Ave, Philadelphia, PA 19129"
140,419700, Drexel Neurology at Cottman Avenue,https://freida.ama-assn.org/institution/419700,,,,"2813 Cottman Ave, Philadelphia, PA 19149"
141,419012, Drexel Sleep Center,https://freida.ama-assn.org/institution/419012,,,,"10 Shurs Ln, Manayunk, PA 19127"
142,419536, Duquesne University Student Health,https://freida.ama-assn.org/institution/419536,,,,"600 Forbes Ave, Pittsburgh, PA 15282"
143,419707, East Norriton Women's Healthcare PC,https://freida.ama-assn.org/institution/419707,,,,"325 W Germantown Pike, East Pike, PA 19403"
144,419726, East Penn Manufacturing,https://freida.ama-assn.org/institution/419726,,,,"95 W State Ave, Lyon Station, PA 19522"
145,410194, ECHA-Family Medicine Practice,https://freida.ama-assn.org/institution/410194,,,,"101 E Olney Ave, Philadelphia, PA 19120"
146,419725, Einstein Healthcare Network,https://freida.ama-assn.org/institution/419725,,['Burrell Coll of Osteopathic Med'],['Pacific Northwest Univ of Health Sciences Coll of Osteopathic Med'],"5501 Old York Rd, Philadelphia, PA 19141"
147,410726, Einstein Medical Center Elkins Park,https://freida.ama-assn.org/institution/410726,,,,"60 E Township Line Rd, Elkins Park, PA 19027-2249"
148,419544, Einstein Medical Center Montgomery,https://freida.ama-assn.org/institution/419544,Philadelphia Coll of Osteopathic Med,,,"559 W Germantown Pike, East Norriton, PA 19403"
149,410450, Einstein Medical Center Philadelphia,https://freida.ama-assn.org/institution/410450,"['Sidney Kimmel Med Coll at Thomas Jefferson Univ', 'Philadelphia Coll of Osteopathic Med']","['Midwestern Univ Arizona Coll of Osteopathic Med', 'Univ of New England Coll of Osteopathic Med', 'San Juan Bautista Sch of Med', 'California Northstate Univ Coll of Med']","['Lewis Katz Sch of Med at Temple Univ', 'Drexel Univ Coll of Med']","5501 Old York Rd, Philadelphia, PA 19141-3098"
150,419646, Einstein Plaza Olney,https://freida.ama-assn.org/institution/419646,,,,"101 E Olney Ave, Philadelphia, PA 19120"
151,419709, Endocrine Metabolic Associates PC,https://freida.ama-assn.org/institution/419709,,,,"9501 E Roosevelt Rd, Philadelphia, PA 19114"
152,410424, Episcopal Hospital (TUHS),https://freida.ama-assn.org/institution/410424,,Lewis Katz Sch of Med at Temple Univ,,"100 E Lehigh Ave, Philadelphia, PA 19125-1098"
153,419056, Essex House Rehabilitation Clinic,https://freida.ama-assn.org/institution/419056,,,,"5701 Centre Ave, Pittsburgh, PA 15206"
154,419049, Family Hospice and Palliative Care,https://freida.ama-assn.org/institution/419049,,,,"50 Moffett St, Pittsburgh, PA 15243"
155,419602, First Hospital,https://freida.ama-assn.org/institution/419602,,,,"562 Wyoming Ave, Kingston, PA 18704"
156,410524, Forbes Hospital,https://freida.ama-assn.org/institution/410524,,"['Lewis Katz Sch of Med at Temple Univ', 'Drexel Univ Coll of Med']",,"2570 Haymaker Rd, Monroeville, PA 15146"
157,419704, Forensic Pathology Inc,https://freida.ama-assn.org/institution/419704,,,,"1210 S Cedar Crest Blvd, Allentown, PA 18103"
158,410529, Fox Chase Cancer Center,https://freida.ama-assn.org/institution/410529,['Lewis Katz Sch of Med at Temple Univ'],,"['Raymond and Ruth Perelman Sch of Med at the Univ of Pennsylvania', 'Drexel Univ Coll of Med']","333 Corrman Ave, Philadelphia, PA 19111"
159,410166, Frankford Hospitals (Torresdale Campus),https://freida.ama-assn.org/institution/410166,,,,"Red Lion and Knights Rds, Philadelphia, PA 19114"
160,419526, Fresenius Dialysis Center,https://freida.ama-assn.org/institution/419526,,,,"3136 Hamilton Blvd, Allentown, PA 18103"
161,410071, Fresenius Medical Care-Scranton,https://freida.ama-assn.org/institution/410071,,,,"321 Meridian Ave, Scranton, PA 18504"
162,419068, Frick Hospital,https://freida.ama-assn.org/institution/419068,,,,"508 S Church St, Mt Pleasant, PA 15666"
163,417107, Friends Hospital,https://freida.ama-assn.org/institution/417107,Drexel Univ Coll of Med,,,"4641 Roosevelt Blvd, Philadelphia, PA 19124-2399"
164,410033, Gaudenzia Addiction & Treatment Recovery,https://freida.ama-assn.org/institution/410033,,,,"3740 Chambers Hill Rd, Harrisburg, PA 17111"
165,410195, Gaudenzia Common Ground,https://freida.ama-assn.org/institution/410195,,,,"3740 Chambers Hill Rd, Harrisburg, PA 17111"
166,419519, Geisinger Bloomsburg Hospital,https://freida.ama-assn.org/institution/419519,,Geisinger Commonwealth Sch of Med,,"549 Fair St, Bloomsburg, PA 17815"
167,410716, Geisinger Community Medical Center,https://freida.ama-assn.org/institution/410716,Geisinger Commonwealth Sch of Med,,,"1822 Mulberry St, Scranton, PA 18510-2398"
168,419699, Geisinger Encompass Health Rehabilitation Hospital,https://freida.ama-assn.org/institution/419699,,,,"2 Rehab Ln, Danville, PA 17821"
169,419740, Geisinger Gary's Woods,https://freida.ama-assn.org/institution/419740,,,,"132 Abigail Ln, Port Matilda, PA 16870"
170,410240, Geisinger Health System,https://freida.ama-assn.org/institution/410240,"['Georgia Campus-Philadelphia Coll of Osteopathic Med', 'Lewis Katz Sch of Med at Temple Univ', 'Philadelphia Coll of Osteopathic Med']","['Univ of New England Coll of Osteopathic Med', 'Kansas City Univ of Med and Biosciences Coll of Osteopathic Med']",['Pacific Northwest Univ of Health Sciences Coll of Osteopathic Med'],"100 N Academy Ave, Danville, PA 17822"
171,410112, Geisinger Lewistown Hospital,https://freida.ama-assn.org/institution/410112,,Geisinger Commonwealth Sch of Med,,"400 Highland Ave, Lewistown, PA 17044"
172,418036, Geisinger Medical Center,https://freida.ama-assn.org/institution/418036,['Geisinger Commonwealth Sch of Med'],"['Midwestern Univ Arizona Coll of Osteopathic Med', 'Lincoln Memorial Univ DeBusk Coll of Osteopathic Med']",,"100 N Academy Ave, Danville, PA 17822-2201"
173,419521, Geisinger Medical Center Woodbine Outpatient Clinic,https://freida.ama-assn.org/institution/419521,,,,"115 Woodbine Ln, Danville, PA 17821"
174,410498, Geisinger South Wilkes-Barre,https://freida.ama-assn.org/institution/410498,Geisinger Commonwealth Sch of Med,,,"25 Church St, Wilkes-Barre, PA 18765"
175,418060, Geisinger Wyoming Valley Medical Center,https://freida.ama-assn.org/institution/418060,Geisinger Commonwealth Sch of Med,,,"1000 E Mountain Dr, Wilkes-Barre, PA 18711"
176,419528, Geisinger-Scenery Park,https://freida.ama-assn.org/institution/419528,,,,"200 Scenery Dr, College State, PA 16801"
177,410496, Germantown Hospital and Medical Center,https://freida.ama-assn.org/institution/410496,,,,"One Penn Blvd, Philadelphia, PA 19144-1498"
178,419686, Golden Living Center-Hillview,https://freida.ama-assn.org/institution/419686,,,,"700 S Cayuga Ave, Altoona, PA 16602"
179,410130, Good Samaritan Hospital,https://freida.ama-assn.org/institution/410130,,,,"4th & Walnut Sts, Lebanon, PA 17042-1281"
180,419067, Good Shepherd Rehabilitation,https://freida.ama-assn.org/institution/419067,,,Raymond and Ruth Perelman Sch of Med at the Univ of Pennsylvania,"850 S Fifth St, Allentown, PA 18103"
181,410144, Graduate Hospital (Tenet Health System),https://freida.ama-assn.org/institution/410144,,,,"1800 Lombard St, Philadelphia, PA 19146-1497"
182,419520, Grandview Health Homes Inc,https://freida.ama-assn.org/institution/419520,,,,"49 Woodbine Lane, Danville, PA 17821"
183,417039, Grandview Hospital,https://freida.ama-assn.org/institution/417039,,Lewis Katz Sch of Med at Temple Univ,,"700 Lawn Ave, Sellersville, PA 18960"
184,418021, Guthrie Healthcare System,https://freida.ama-assn.org/institution/418021,,,,"One Guthrie Sq, Sayre, PA 18840"
185,419567, Haddington Health Center,https://freida.ama-assn.org/institution/419567,,,Raymond and Ruth Perelman Sch of Med at the Univ of Pennsylvania,"5619 Vine St, Philadelphia, PA 19139"
186,410484, Hahnemann University Hospital (American Academic Health System),https://freida.ama-assn.org/institution/410484,['Drexel Univ Coll of Med'],"['Midwestern Univ Arizona Coll of Osteopathic Med', 'West Virginia Sch of Osteopathic Med']",,"Broad & Vine Sts, Philadelphia, PA 19102-1192"
187,419008, Hand and UpperEx Center (Wexford Office),https://freida.ama-assn.org/institution/419008,,,,"6001 Stonewood Dr, Wexford, PA 15090"
188,410740, Harmarville Rehabilitation Center,https://freida.ama-assn.org/institution/410740,,,,"Guys Run Rd, Pittsburgh, PA 15238-0460"
189,419659, Haven Behavioral Healthcare,https://freida.ama-assn.org/institution/419659,,,Lewis Katz Sch of Med at Temple Univ,"3301 Scotts Ln, Philadelphia, PA 19129"
190,419705, Healthcare for Women Only PC,https://freida.ama-assn.org/institution/419705,,,,"1590 Medical Dr, Pottstown, PA 19464"
191,419044, Heritage Shadyside,https://freida.ama-assn.org/institution/419044,,,,"5700 Phillips Ave, Pittsburgh, PA 15217"
192,410747, Heritage Valley Health System,https://freida.ama-assn.org/institution/410747,"['Georgia Campus-Philadelphia Coll of Osteopathic Med', 'Lake Erie Coll of Osteopathic Med-Erie']","['Midwestern Univ Arizona Coll of Osteopathic Med', 'West Virginia Sch of Osteopathic Med']",,"1000 Dutch Ridge Rd, Beaver, PA 15009"
193,410160, Highlands of Wyomissing,https://freida.ama-assn.org/institution/410160,,,,"200 Cambridge Ave, Wyomissing, PA 19610"
194,419088, Hill at Whitemarsh,https://freida.ama-assn.org/institution/419088,,,,"4000 Fox Hound Dr, Lafayette Hill, PA 19444"
195,419079, Holy Family Manor Nursing Facility,https://freida.ama-assn.org/institution/419079,,,,"1200 Spring St, Bethlehem, PA 18018"
196,418065, Holy Redeemer Health System,https://freida.ama-assn.org/institution/418065,['Lewis Katz Sch of Med at Temple Univ'],,['Raymond and Ruth Perelman Sch of Med at the Univ of Pennsylvania'],"1648 Huntingdon Pike, Meadowbrook, PA 19046"
197,410116, Home Nursing Agency,https://freida.ama-assn.org/institution/410116,,,,"201 Chestnut Ave, Altoona, PA 16601"
198,419610, Hope Pediatrics,https://freida.ama-assn.org/institution/419610,,,,"3512 PA-257, Seneca, PA 16346"
199,419081, Horsham Clinic,https://freida.ama-assn.org/institution/419081,,,Lewis Katz Sch of Med at Temple Univ,"722 E Butler Pike, Ambler, PA 19002"
200,419593, Hospice of Central Pennsylvania,https://freida.ama-assn.org/institution/419593,,,,"1320 Linglestown Rd, Harrisburg, PA 17110"
201,419047, Hospice of Lancaster County,https://freida.ama-assn.org/institution/419047,,,,"685 Good Dr, Lancaster, PA 17604-4125"
202,410056, IC Laser Eye Care,https://freida.ama-assn.org/institution/410056,,,,"2301 E Allegheny Ave, Philadelphia, PA 19134"
203,410100, Indiana Regional Medical Center,https://freida.ama-assn.org/institution/410100,,,,"835 Hospital Rd, Indiana, PA 15701-0788"
204,419749, Inglis House,https://freida.ama-assn.org/institution/419749,,,,"2600 Belmont Ave, Philadelphia, PA 19131"
205,419071, Institute for Dermatopathology,https://freida.ama-assn.org/institution/419071,,,,"20 Ash St, Conshohocken, PA 19428"
206,418030, Institute for Transfusion Medicine,https://freida.ama-assn.org/institution/418030,,,,"812 Fifth Ave, Pittsburgh, PA 15219"
207,410135, Integrated Medical Group PC,https://freida.ama-assn.org/institution/410135,,,,"82 Tunnel Rd, Pottsville, PA 17901"
208,418050, J Edwin Wood Clinic,https://freida.ama-assn.org/institution/418050,,,,"700 Spruce St, Philadelphia, PA 19106"
209,410139, James E Van Zandt VA Medical Center,https://freida.ama-assn.org/institution/410139,,,,"2907 Pleasant Valley Blvd, Altoona, PA 16602"
210,418067, Jeanes Campus-Temple University Hospital,https://freida.ama-assn.org/institution/418067,Lewis Katz Sch of Med at Temple Univ,,,"7600 Central Ave, Philadelphia, PA 19111"
211,410455, Jefferson Abington Hospital,https://freida.ama-assn.org/institution/410455,"['Sidney Kimmel Med Coll at Thomas Jefferson Univ', 'Drexel Univ Coll of Med', 'Philadelphia Coll of Osteopathic Med']","['Midwestern Univ Arizona Coll of Osteopathic Med', 'Univ of New England Coll of Osteopathic Med']",['Lewis Katz Sch of Med at Temple Univ'],"1200 Old York Rd, Abington, PA 19001-3788"
212,418046, Jefferson Bucks Hospital,https://freida.ama-assn.org/institution/418046,,,Philadelphia Coll of Osteopathic Med,"380 N Oxford Valley Rd, Langhorne, PA 19047-8399"
213,418004, Jefferson Frankford Hospital,https://freida.ama-assn.org/institution/418004,,['West Virginia Sch of Osteopathic Med'],"['Drexel Univ Coll of Med', 'Philadelphia Coll of Osteopathic Med']","Frankford Ave & Wakeling St, Philadelphia, PA 19124"
214,419598, Jefferson Health Northeast,https://freida.ama-assn.org/institution/419598,,"['Burrell Coll of Osteopathic Med', 'New York Inst of Technology Coll of Osteopathic Med', 'West Virginia Sch of Osteopathic Med']",,"10800 Knights Rd, Philadelphia, PA 19114"
215,419010, Jefferson Imaging (Bala),https://freida.ama-assn.org/institution/419010,,,,"15 N Presidential Blvd, Bala Cynwyd, PA 19004"
216,419011, Jefferson Imaging (Langhorne),https://freida.ama-assn.org/institution/419011,,,,"825 Town Center Dr, Langhorne, PA 19047"
217,419009, Jefferson Regional Medical Center,https://freida.ama-assn.org/institution/419009,,,,"565 Coal Valley Rd, Pittsburgh, PA 15236"
218,419082, Jefferson Torresdale Hospital,https://freida.ama-assn.org/institution/419082,,"['Univ of New England Coll of Osteopathic Med', 'Lincoln Memorial Univ DeBusk Coll of Osteopathic Med']",['Philadelphia Coll of Osteopathic Med'],"10800 Knights Road, Philadelphia, PA 19114"
219,410168, John Heinz Institute of Rehabilitation Medicine,https://freida.ama-assn.org/institution/410168,,,,"150 Mundy St, Wilkes-Barre, PA 18702"
220,419533, Joseph J Peters Institute,https://freida.ama-assn.org/institution/419533,,,Raymond and Ruth Perelman Sch of Med at the Univ of Pennsylvania,"100 S Broad St, Philadelphia, PA 19110"
221,410001, Kenneth Heist DO-Ophthalmology Office,https://freida.ama-assn.org/institution/410001,,,,"2301 S 13th St, Philadelphia, PA 19148"
222,419660, Keystone Center,https://freida.ama-assn.org/institution/419660,,,,"2001 Providence Ave, Chester, PA 19013"
223,418028, KidsPeace National Center for Kids in Crisis,https://freida.ama-assn.org/institution/418028,,,,"5300 KidsPeace Dr, Orefield, PA 18069"
224,419758, KidsPeace Psychiatric Hospital,https://freida.ama-assn.org/institution/419758,,,,"5300 KidsPeace Dr, Orefield, PA 18069"
225,419747, Knights Medical Associates,https://freida.ama-assn.org/institution/419747,,,,"3034 Knights Rd, Bensalem, PA 19020"
226,419618, Lake Erie College of Osteopathic Medicine,https://freida.ama-assn.org/institution/419618,,,"['Lake Erie Coll of Osteopathic Med-Bradenton', 'Lake Erie Coll of Osteopathic Med-Erie', 'Lake Erie Coll of Osteopathic Med-Seton Hill']","1858 W Grandview Blvd, Erie, PA 16509"
227,419711, Lake Erie Consortium for Osteopathic Medical Training,https://freida.ama-assn.org/institution/419711,,,,"1858 W Grandview Blvd, Erie, PA 16509"
228,410107, Lancaster General Hospital,https://freida.ama-assn.org/institution/410107,['Raymond and Ruth Perelman Sch of Med at the Univ of Pennsylvania'],"['Univ of New England Coll of Osteopathic Med', 'Lewis Katz Sch of Med at Temple Univ', 'West Virginia Sch of Osteopathic Med']",['Philadelphia Coll of Osteopathic Med'],"555 N Duke St, Lancaster, PA 17603"
229,419596, Lancaster Regional Medical Center,https://freida.ama-assn.org/institution/419596,,,,"250 College Ave, Lancaster, PA 17503"
230,410403, Lankenau Medical Center,https://freida.ama-assn.org/institution/410403,"['Sidney Kimmel Med Coll at Thomas Jefferson Univ', 'Philadelphia Coll of Osteopathic Med']",,['Raymond and Ruth Perelman Sch of Med at the Univ of Pennsylvania'],"100 Lancaster Ave W of City Line, Wynnewood, PA 19096-3498"
231,410715, Latrobe Area Hospital,https://freida.ama-assn.org/institution/410715,['Philadelphia Coll of Osteopathic Med'],"['Univ of New England Coll of Osteopathic Med', 'Sidney Kimmel Med Coll at Thomas Jefferson Univ', 'West Virginia Sch of Osteopathic Med']",,"One Mellon Way, Latrobe, PA 15650"
232,410097, LECOM Health Nursing and Rehabilitation Center,https://freida.ama-assn.org/institution/410097,,,,"4114 Schaper Ave, Erie, PA 16508"
233,410035, LECOM Senior Living Center,https://freida.ama-assn.org/institution/410035,,,,"5535 Peach St, Erie, PA 16509"
234,410724, Lehigh Valley Health Network,https://freida.ama-assn.org/institution/410724,['Raymond and Ruth Perelman Sch of Med at the Univ of Pennsylvania'],"['Midwestern Univ Arizona Coll of Osteopathic Med', 'Univ of New England Coll of Osteopathic Med', 'Penn State Coll of Med', 'Kansas City Univ of Med and Biosciences Coll of Osteopathic Med', 'California Northstate Univ Coll of Med', 'Lincoln Memorial Univ DeBusk Coll of Osteopathic Med']",['George Washington Univ Sch of Med and Health Sci'],"Cedar Crest Blvd & I-78, Allentown, PA 18105-1556"
235,419022, Lehigh Valley Hospital (Muhlenberg),https://freida.ama-assn.org/institution/419022,,,,"2545 Schoenersville Rd, Bethlehem, PA 18017"
236,419727, Lehigh Valley Tilghman,https://freida.ama-assn.org/institution/419727,,,,"4825 Tilghman St, Allentown, PA 18104"
237,419087, Liberty Court,https://freida.ama-assn.org/institution/419087,,,,"1526 Lombard St, Philadelphia, PA 19146"
238,419037, Lifeline Therapy,https://freida.ama-assn.org/institution/419037,,,,"100 Forest Hills Plaza, Pittsburgh, PA 15221"
239,410187, Lower Bucks Hospital,https://freida.ama-assn.org/institution/410187,,['West Virginia Sch of Osteopathic Med'],['Philadelphia Coll of Osteopathic Med'],"501 Bath Rd, Bristol, PA 19007-3190"
240,410051, Luther Crest Senior Living Community,https://freida.ama-assn.org/institution/410051,,,,"800 Hausman Rd, Allentown, PA 18104"
241,410026, Lutheran Home at Topton,https://freida.ama-assn.org/institution/410026,,,,"1 S Home Ave, Topton, PA 19562"
242,410508, Magee Rehabilitation Hospital,https://freida.ama-assn.org/institution/410508,['Sidney Kimmel Med Coll at Thomas Jefferson Univ'],,['Drexel Univ Coll of Med'],"6 Franklin Plaza, Philadelphia, PA 19102"
243,410208, Magee-Womens Hospital of UPMC,https://freida.ama-assn.org/institution/410208,Univ of Pittsburgh Sch of Med,,,"300 Halket St, Pittsburgh, PA 15213-3180"
244,419746, Main Line Body Brain & Spine PC,https://freida.ama-assn.org/institution/419746,,,,"600 Haverford Rd, Haverford, PA 19041"
245,410107, Lancaster General Hospital,https://freida.ama-assn.org/institution/410107,['Raymond and Ruth Perelman Sch of Med at the Univ of Pennsylvania'],"['Univ of New England Coll of Osteopathic Med', 'Lewis Katz Sch of Med at Temple Univ', 'West Virginia Sch of Osteopathic Med']",['Philadelphia Coll of Osteopathic Med'],"555 N Duke St, Lancaster, PA 17603"
246,419596, Lancaster Regional Medical Center,https://freida.ama-assn.org/institution/419596,,,,"250 College Ave, Lancaster, PA 17503"
247,410403, Lankenau Medical Center,https://freida.ama-assn.org/institution/410403,"['Sidney Kimmel Med Coll at Thomas Jefferson Univ', 'Philadelphia Coll of Osteopathic Med']",,['Raymond and Ruth Perelman Sch of Med at the Univ of Pennsylvania'],"100 Lancaster Ave W of City Line, Wynnewood, PA 19096-3498"
248,410715, Latrobe Area Hospital,https://freida.ama-assn.org/institution/410715,['Philadelphia Coll of Osteopathic Med'],"['Univ of New England Coll of Osteopathic Med', 'Sidney Kimmel Med Coll at Thomas Jefferson Univ', 'West Virginia Sch of Osteopathic Med']",,"One Mellon Way, Latrobe, PA 15650"
249,410097, LECOM Health Nursing and Rehabilitation Center,https://freida.ama-assn.org/institution/410097,,,,"4114 Schaper Ave, Erie, PA 16508"
250,410035, LECOM Senior Living Center,https://freida.ama-assn.org/institution/410035,,,,"5535 Peach St, Erie, PA 16509"
251,410724, Lehigh Valley Health Network,https://freida.ama-assn.org/institution/410724,['Raymond and Ruth Perelman Sch of Med at the Univ of Pennsylvania'],"['Midwestern Univ Arizona Coll of Osteopathic Med', 'Univ of New England Coll of Osteopathic Med', 'Penn State Coll of Med', 'Kansas City Univ of Med and Biosciences Coll of Osteopathic Med', 'California Northstate Univ Coll of Med', 'Lincoln Memorial Univ DeBusk Coll of Osteopathic Med']",['George Washington Univ Sch of Med and Health Sci'],"Cedar Crest Blvd & I-78, Allentown, PA 18105-1556"
252,419022, Lehigh Valley Hospital (Muhlenberg),https://freida.ama-assn.org/institution/419022,,,,"2545 Schoenersville Rd, Bethlehem, PA 18017"
253,419727, Lehigh Valley Tilghman,https://freida.ama-assn.org/institution/419727,,,,"4825 Tilghman St, Allentown, PA 18104"
254,419087, Liberty Court,https://freida.ama-assn.org/institution/419087,,,,"1526 Lombard St, Philadelphia, PA 19146"
255,419037, Lifeline Therapy,https://freida.ama-assn.org/institution/419037,,,,"100 Forest Hills Plaza, Pittsburgh, PA 15221"
256,410187, Lower Bucks Hospital,https://freida.ama-assn.org/institution/410187,,['West Virginia Sch of Osteopathic Med'],['Philadelphia Coll of Osteopathic Med'],"501 Bath Rd, Bristol, PA 19007-3190"
257,410051, Luther Crest Senior Living Community,https://freida.ama-assn.org/institution/410051,,,,"800 Hausman Rd, Allentown, PA 18104"
258,410026, Lutheran Home at Topton,https://freida.ama-assn.org/institution/410026,,,,"1 S Home Ave, Topton, PA 19562"
259,410508, Magee Rehabilitation Hospital,https://freida.ama-assn.org/institution/410508,['Sidney Kimmel Med Coll at Thomas Jefferson Univ'],,['Drexel Univ Coll of Med'],"6 Franklin Plaza, Philadelphia, PA 19102"
260,410208, Magee-Womens Hospital of UPMC,https://freida.ama-assn.org/institution/410208,Univ of Pittsburgh Sch of Med,,,"300 Halket St, Pittsburgh, PA 15213-3180"
261,419746, Main Line Body Brain & Spine PC,https://freida.ama-assn.org/institution/419746,,,,"600 Haverford Rd, Haverford, PA 19041"
262,419512, Orthopaedic and Spine Specialists-Urgent Care Clinic,https://freida.ama-assn.org/institution/419512,,,,"1861 Powder Mill Rd, York, PA 17402"
263,410022, Orthopedic & Sports Medicine Office,https://freida.ama-assn.org/institution/410022,,,,"100 Peach St, Erie, PA 16507"
264,419518, Outpatient MD Offices for Drexel/Hahnemann University,https://freida.ama-assn.org/institution/419518,,,"['Raymond and Ruth Perelman Sch of Med at the Univ of Pennsylvania', 'Drexel Univ Coll of Med']","245 N 15th St, Philadelphia, PA 19102"
265,419748, Oxford Valley Cardiology Associates PC,https://freida.ama-assn.org/institution/419748,,,,"370 Middletown Blvd, Langhorne, PA 19047"
266,418058, Paoli Memorial Hospital,https://freida.ama-assn.org/institution/418058,Philadelphia Coll of Osteopathic Med,,,"255 W Lancaster Ave, Paoli, PA 19301"
267,410126, Pathways to Housing PA,https://freida.ama-assn.org/institution/410126,,,,"5201 Old York Rd, Philadelphia, PA 19141"
268,410024, Pediatric Ophthamology of Erie,https://freida.ama-assn.org/institution/410024,,,,"128 W 12th St, Erie, PA 16501"
269,410014, Penn Highlands Brookville,https://freida.ama-assn.org/institution/410014,,,,"100 Highland Rd, Brookville, PA 15825"
270,419603, Penn Highlands DuBois,https://freida.ama-assn.org/institution/419603,,,Pacific Northwest Univ of Health Sciences Coll of Osteopathic Med,"204 Hospital Ave, DuBois, PA 15801"
271,419040, Penn Home Care and Hospice Services,https://freida.ama-assn.org/institution/419040,,,Raymond and Ruth Perelman Sch of Med at the Univ of Pennsylvania,"150 Monument Rd, Bala Cynwyd, PA 19004"
272,419084, Penn Medicine at Radnor,https://freida.ama-assn.org/institution/419084,,,Raymond and Ruth Perelman Sch of Med at the Univ of Pennsylvania,"250 King of Prussia Rd, Radnor, PA 19087"
273,418059, Penn State Health Holy Spirit,https://freida.ama-assn.org/institution/418059,Penn State Coll of Med,,,"503 N 21st St, Camp Hill, PA 17011"
274,410485, Penn State Health St Joseph Medical Center,https://freida.ama-assn.org/institution/410485,['Penn State Coll of Med'],"['Kansas City Univ of Med and Biosciences Coll of Osteopathic Med', 'West Virginia Sch of Osteopathic Med']",,"2500 Bernville Rd, Reading, PA 19605"
275,410108, Penn State Hershey Bone and Joint Institute,https://freida.ama-assn.org/institution/410108,,,,"30 Hope Dr, Hershey, PA 17033"
276,410109, Penn State Hershey Medical Group Fishburn Road,https://freida.ama-assn.org/institution/410109,,,,"845 Fishburn Rd, Hershey, PA 17032"
277,419539, Penn State Hershey Rehabilitation Hospital,https://freida.ama-assn.org/institution/419539,Penn State Coll of Med,,,"1135 Old West Chocolate Ave, Hummelstown, PA 17036"
278,410528, Penn State Milton S Hershey Medical Center,https://freida.ama-assn.org/institution/410528,['Penn State Coll of Med'],"['Midwestern Univ Arizona Coll of Osteopathic Med', 'Univ of New England Coll of Osteopathic Med']",['Lewis Katz Sch of Med at Temple Univ'],"500 University Dr, Hershey, PA 17033-0850"
279,410111, Penn State Sports Medicine,https://freida.ama-assn.org/institution/410111,,,,"1850 E Park Ave, State College, PA 16803"
280,410235, Pennsylvania Hospital (UPHS),https://freida.ama-assn.org/institution/410235,['Raymond and Ruth Perelman Sch of Med at the Univ of Pennsylvania'],['Univ of New England Coll of Osteopathic Med'],['Drexel Univ Coll of Med'],"800 Spruce St, Philadelphia, PA 19107"
281,419036, Pennsylvania Psychiatric Institute,https://freida.ama-assn.org/institution/419036,Penn State Coll of Med,,,"2501 N Third St, Harrisburg, PA 17110-2908"
282,410127, Philadelphia Child Guidance Center,https://freida.ama-assn.org/institution/410127,,,,"34th St & Civic Center Blvd, Philadelphia, PA 19104-4322"
283,419002, Philadelphia College of Osteopathic Medicine,https://freida.ama-assn.org/institution/419002,,"['Univ of New England Coll of Osteopathic Med', 'Kansas City Univ of Med and Biosciences Coll of Osteopathic Med', 'West Virginia Sch of Osteopathic Med']",['Drexel Univ Coll of Med'],"4170 City Ave, Philadelphia, PA 19131"
284,419530, Philadelphia Court of Common Pleas Criminal Justice Center,https://freida.ama-assn.org/institution/419530,,,Raymond and Ruth Perelman Sch of Med at the Univ of Pennsylvania,"1301 Filbert St, Philadelphia, PA 19107"
285,419516, Philadelphia Court of Common Pleas-Family Division,https://freida.ama-assn.org/institution/419516,,,,"1501 Arch St, Philadelphia, PA 19102"
286,419073, Philadelphia Department Health-Division of Disease Control,https://freida.ama-assn.org/institution/419073,,,"['Raymond and Ruth Perelman Sch of Med at the Univ of Pennsylvania', 'Drexel Univ Coll of Med']","500 S Broad St, Philadelphia, PA 19146"
287,419532, Philadelphia Dept of Human Services Youth Study Center,https://freida.ama-assn.org/institution/419532,,,Raymond and Ruth Perelman Sch of Med at the Univ of Pennsylvania,"26 S 40th St, Philadelphia, PA 19104"
288,419688, Philadelphia Mental Health Care Corporation-Behavioral Health Forensic Evaluation Center,https://freida.ama-assn.org/institution/419688,,,,"123 S Broad St, Philadelphia, PA 19109"
289,419050, Philadelphia Poison Control Center,https://freida.ama-assn.org/institution/419050,,,,"3400 Civic Center Blvd, Philadelphia, PA 19104"
290,419065, Philadelphia Prison System,https://freida.ama-assn.org/institution/419065,,,,"7901 State Rd, Philadelphia, PA 19136"
291,419695, Philadelphia Women's Center,https://freida.ama-assn.org/institution/419695,,,Lewis Katz Sch of Med at Temple Univ,"777 Appletree St, Philadelphia, PA 19106"
292,410098, Phildealphia Fire Department,https://freida.ama-assn.org/institution/410098,,,Raymond and Ruth Perelman Sch of Med at the Univ of Pennsylvania,"240 Spring Garden St, Philadelphia, PA 19123"
293,419584, Phoenixville Medicine at Limerick,https://freida.ama-assn.org/institution/419584,,,,"420 W Linfield-Trappe Rd, Linfield, PA 19468"
294,419650, Pinnacle ENT Associates LLC,https://freida.ama-assn.org/institution/419650,,,,"994 Old Eagle School Rd, Wayne, PA 19087"
295,410197, Pinnacle Health Center for Addiction Recovery,https://freida.ama-assn.org/institution/410197,,,,"2501 N 3rd St, Harrisburg, PA 17110"
296,419708, Pinnacle Physicians Group LLC,https://freida.ama-assn.org/institution/419708,,West Virginia Sch of Osteopathic Med,,"3998 Red Lion Rd, Philadelphia, PA 19114"
297,410165, PinnacleHealth CardioVascular Institute Outpatient Clinic,https://freida.ama-assn.org/institution/410165,,,,"1000 N Fron St, Wormleysburg, PA 17043"
298,419572, Pittsburgh AIDS Center for Treatment,https://freida.ama-assn.org/institution/419572,,,,"3601 Fifth Ave, Pittsburgh, PA 15213"
299,418051, Pittsburgh Poison Center,https://freida.ama-assn.org/institution/418051,,,,"3705 Fifth Ave, Pittsburgh, PA 15213"
300,410158, Planned Parenthood of Western Pennsylvania,https://freida.ama-assn.org/institution/410158,,,,"933 Liberty Ave, Pittsburgh, PA 15222"
301,410105, Plymouth Community Ambulance Association,https://freida.ama-assn.org/institution/410105,,,,"902 Germantown Pike, Plymouth Meeting, PA 19462"
302,419625, PMA Medical Specialists,https://freida.ama-assn.org/institution/419625,,,,"824 Main St, Phoenixville, PA 19460"
303,410065, Pottstown Hospital-Tower Health,https://freida.ama-assn.org/institution/410065,,,,"1600 E High St, Pottstown, PA 19464"
304,410054, Pottstown Medical Specialists LLC,https://freida.ama-assn.org/institution/410054,,,,"1591 Medical Dr, Pottstown, PA 19464"
305,410323, Presbyterian Medical Center (UPHS),https://freida.ama-assn.org/institution/410323,Raymond and Ruth Perelman Sch of Med at the Univ of Pennsylvania,,,"51 N 39th St, Philadelphia, PA 19104-2699"
306,410265, Prevention Point Philadelphia Primary Care,https://freida.ama-assn.org/institution/410265,,,,"2913-15 Kensington Ave, Philadelphia, PA 19134"
307,419738, Progressive Gynecology,https://freida.ama-assn.org/institution/419738,,,,"2603 Dekalb Pike, East Norriton, PA 19401"
308,419760, Psychology Associates of Bethlehem PC,https://freida.ama-assn.org/institution/419760,,,,"264 E Broad St, Bethlehem, PA 18018"
309,410036, Pyramid Healthcare-Ridgeview,https://freida.ama-assn.org/institution/410036,,,,"4447 Gibsonia Rd, Gibsonia, PA 15044"
310,419074, Quality Vascular Access Center,https://freida.ama-assn.org/institution/419074,,,,"8120 Old York Rd, Elkins Park, PA 19027"
311,419028, REA Dialysis Center of Pittsburgh,https://freida.ama-assn.org/institution/419028,,,,"2030 Ardmore Blvd, Pittsburgh, PA 15221"
312,410305, Reading Hospital,https://freida.ama-assn.org/institution/410305,"['Sidney Kimmel Med Coll at Thomas Jefferson Univ', 'Drexel Univ Coll of Med', 'Philadelphia Coll of Osteopathic Med']","['Midwestern Univ Arizona Coll of Osteopathic Med', 'Univ of New England Coll of Osteopathic Med', 'Raymond and Ruth Perelman Sch of Med at the Univ of Pennsylvania', 'Lewis Katz Sch of Med at Temple Univ', 'Univ of California Davis Sch of Med', 'Kansas City Univ of Med and Biosciences Coll of Osteopathic Med', 'West Virginia Sch of Osteopathic Med', 'Lincoln Memorial Univ DeBusk Coll of Osteopathic Med']",['Pacific Northwest Univ of Health Sciences Coll of Osteopathic Med'],"6th Ave & Spruce St, West Reading, PA 19612-6052"
313,410159, Reading Hospital SurgiCenter at Spring Ridge,https://freida.ama-assn.org/institution/410159,,,,"2603 Keiser Blvd, Wyomissing, PA 19610"
314,418026, Reading Rehabilitation Hospital,https://freida.ama-assn.org/institution/418026,,,,"Morgantown Rd RR 1, Reading, PA 19607"
315,419091, RedPath Integrated Pathology Inc,https://freida.ama-assn.org/institution/419091,,,,"2515 Liberty Ave, Pittsburgh, PA 15222"
316,419680, Regional Cancer Center-Erie,https://freida.ama-assn.org/institution/419680,,,,"2500 W 12th St, Erie, PA 16505"
317,410717, Regional Hospital of Scranton,https://freida.ama-assn.org/institution/410717,Geisinger Commonwealth Sch of Med,,,"746 Jefferson Ave, Scranton, PA 18501"
318,419535, Renaissance Healthcare & Rehabilitation Center,https://freida.ama-assn.org/institution/419535,,,Raymond and Ruth Perelman Sch of Med at the Univ of Pennsylvania,"4712 Chester Ave, Philadelphia, PA 19143"
319,419048, Reproductive Health Specialists Inc,https://freida.ama-assn.org/institution/419048,,,,"419 Rodi Rd, Penn Hills, PA 15235"
320,419696, Reproductive Medicine Associates of Philadelphia and Central Pennsylvania,https://freida.ama-assn.org/institution/419696,,,Lewis Katz Sch of Med at Temple Univ,"2025 Technology Pkwy, Mechanicsburg, PA 17050"
321,419742, Richard E Johnson DO-Dermatology Office,https://freida.ama-assn.org/institution/419742,,,,"90 Beaver Dr, DuBois, PA 15801"
322,419030, Richard Laube Cancer Center,https://freida.ama-assn.org/institution/419030,,,,"1 Nolte Dr, Kittanning, PA 16201"
323,419617, Rittenhouse Eye Associates,https://freida.ama-assn.org/institution/419617,,Drexel Univ Coll of Med,,"2000 Hamilton St, Philadelphia, PA 19130"
324,410352, Robert Packer Hospital,https://freida.ama-assn.org/institution/410352,"['Lake Erie Coll of Osteopathic Med-Bradenton', 'Lake Erie Coll of Osteopathic Med-Erie']","['Univ of New England Coll of Osteopathic Med', 'Lincoln Memorial Univ DeBusk Coll of Osteopathic Med']",['Pacific Northwest Univ of Health Sciences Coll of Osteopathic Med'],"One Guthrie Sq, Sayre, PA 18840"
325,419655, Rothman Institute,https://freida.ama-assn.org/institution/419655,,,,"925 Chestnut St, Philadelphia, PA 19107"
326,419537, Rothman Specialty Hospital,https://freida.ama-assn.org/institution/419537,,,,"3300 Tillman Dr, Bensalem, PA 19020"
327,419611, Roxborough Memorial Hospital,https://freida.ama-assn.org/institution/419611,,"['Midwestern Univ Arizona Coll of Osteopathic Med', 'Lincoln Memorial Univ DeBusk Coll of Osteopathic Med']","['Philadelphia Coll of Osteopathic Med', 'New York Med Coll']","5800 Ridge Ave, Philadelphia, PA 19128"
328,410179, Sacred Heart Hospital (Allentown),https://freida.ama-assn.org/institution/410179,,"['Univ of New England Coll of Osteopathic Med', 'Lewis Katz Sch of Med at Temple Univ']",,"421 W Chew St, Allentown, PA 18102-3490"
329,410030, Sarah A Reed Children's Center,https://freida.ama-assn.org/institution/410030,,,,"2445 W 34th St, Erie, PA 16506"
330,419675, Saucon Valley High School,https://freida.ama-assn.org/institution/419675,,,,"2100 Polk Valley Rd, Hellertown, PA 18055"
331,410532, Scheie Eye Institute,https://freida.ama-assn.org/institution/410532,,,,"51 N 39th St, Philadelphia, PA 19104"
332,419679, Scott J M Lim DO-Dermatology Office,https://freida.ama-assn.org/institution/419679,,,,"3243 W 26th St, Erie, PA 16506"
333,419601, Scranton Counseling Center,https://freida.ama-assn.org/institution/419601,,,,"326 Adams St, Scranton, PA 18503"
334,419534, Scranton Primary Health Care,https://freida.ama-assn.org/institution/419534,,,,"959 Wyoming Ave, Scranton, PA 18509"
335,410132, Seton Manor Nursing and Rehabilitation Center,https://freida.ama-assn.org/institution/410132,,,,"1000 Seton Dr, Orwigsburg, PA 17961"
336,410279, Sewickley Valley Hospital,https://freida.ama-assn.org/institution/410279,,,,"720 Blackburn Rd, Sewickly, PA 15143"
337,419712, Sharon Regional Medical Center,https://freida.ama-assn.org/institution/419712,,,,"740 E State St, Sharon, PA 16146"
338,410526, Shriners Hospitals for Children (Erie),https://freida.ama-assn.org/institution/410526,,,,"1645 W 8th St, Erie, PA 16505"
339,410110, Shriners Hospitals for Children (Philadelphia),https://freida.ama-assn.org/institution/410110,,['Univ of North Carolina Sch of Med'],"['Raymond and Ruth Perelman Sch of Med at the Univ of Pennsylvania', 'Lewis Katz Sch of Med at Temple Univ']","3551 N Broad St, Philadelphia, PA 19140-4105"
340,419053, Shuman Center,https://freida.ama-assn.org/institution/419053,,,,"7150 Highland Dr, Pittsburgh, PA 15206"
341,419510, Sidney Kimmel Medical College at Thomas Jefferson University,https://freida.ama-assn.org/institution/419510,['Sidney Kimmel Med Coll at Thomas Jefferson Univ'],"['Univ of New England Coll of Osteopathic Med', 'George Washington Univ Sch of Med and Health Sci']",,"1025 Walnut St, Philadelphia, PA 19107-5083"
342,419756, Silver Lake Nursing and Rehabilitation Center,https://freida.ama-assn.org/institution/419756,,,,"905 Tower Rd, Bristol, PA 19007"
343,419041, Skin & Laser Surgery Center of PA,https://freida.ama-assn.org/institution/419041,,,,"1528 Walnut St, Philadelphia, PA 19102"
344,419580, Southern Lehigh High School Athletic Department,https://freida.ama-assn.org/institution/419580,,,,"5800 Main St, Center Valley, PA 18034"
345,410009, Specialty Physician Associates,https://freida.ama-assn.org/institution/410009,,,,"2851 Baglyos Cir, Bethlehem, PA 18020"
346,419594, Spring Creek Rehabilitation and Health Care Center,https://freida.ama-assn.org/institution/419594,,,,"1205 S 28th St, Harrisburg, PA 17111"
347,419005, Springfield Hospital,https://freida.ama-assn.org/institution/419005,,,Philadelphia Coll of Osteopathic Med,"190 W Sproul Rd, Springfield, PA 19064"
348,410223, St Agnes Medical Center,https://freida.ama-assn.org/institution/410223,,,,"1900 S Broad St, Philadelphia, PA 19145-3089"
349,410380, St Christopher's Hospital for Children,https://freida.ama-assn.org/institution/410380,"['Lewis Katz Sch of Med at Temple Univ', 'Drexel Univ Coll of Med']",['Univ of New England Coll of Osteopathic Med'],['Philadelphia Coll of Osteopathic Med'],"3601 A St, Philadelphia, PA 19134"
350,419504, St Clair Hospital,https://freida.ama-assn.org/institution/419504,,,,"1000 Bower Hill Rd, Pittsburgh, PA 15243"
351,418001, St Francis Central Hospital,https://freida.ama-assn.org/institution/418001,,,,"1200 Centre Ave, Pittsburgh, PA 15219-3594"
352,410271, St Francis Medical Center,https://freida.ama-assn.org/institution/410271,,,,"400 45th St, Pittsburgh, PA 15201"
353,419744, St Ignatius Nursing Home,https://freida.ama-assn.org/institution/419744,,,"['Raymond and Ruth Perelman Sch of Med at the Univ of Pennsylvania', 'Lewis Katz Sch of Med at Temple Univ']","4401 Haverford Ave, Philadelphia, PA 19104"
354,419517, St Joseph's Hospital/NPHS,https://freida.ama-assn.org/institution/419517,,,,"1600 W Girard Ave, Philadelphia, PA 19130"
355,419015, St Luke's Hospital (Allentown),https://freida.ama-assn.org/institution/419015,,,,"1736 Hamilton St, Allentown, PA 18104"
356,419754, St Luke's Hospital Miners Campus,https://freida.ama-assn.org/institution/419754,,,,"360 W Ruddle St, Coaldale, PA 18218"
357,419713, St Luke's Hospital Quakertown Campus,https://freida.ama-assn.org/institution/419713,,,,"1021 Park Ave, Quakertown, PA 18951"
358,419604, St Luke's Hospital-Anderson Campus,https://freida.ama-assn.org/institution/419604,,Lewis Katz Sch of Med at Temple Univ,,"1872 St Luke's Blvd, Easton, PA 18045"
359,410420, St Luke's Hospital-Easton Campus,https://freida.ama-assn.org/institution/410420,"['Drexel Univ Coll of Med', 'Philadelphia Coll of Osteopathic Med']",,,"250 S 21st St, Easton, PA 18042-3892"
360,419590, St Luke's Hospital-Lehighton Campus,https://freida.ama-assn.org/institution/419590,,,,"211 N 12th St, Lehighton, PA 18235"
361,410234, St Luke's University Hospital,https://freida.ama-assn.org/institution/410234,"['Lewis Katz Sch of Med at Temple Univ', 'Philadelphia Coll of Osteopathic Med']","['Univ of New England Coll of Osteopathic Med', 'Kansas City Univ of Med and Biosciences Coll of Osteopathic Med', 'West Virginia Sch of Osteopathic Med', 'California Northstate Univ Coll of Med']",,"801 Ostrum St, Bethlehem, PA 18015"
362,419522, St Mary Medical Center,https://freida.ama-assn.org/institution/419522,['Philadelphia Coll of Osteopathic Med'],['Drexel Univ Coll of Med'],,"1201 Langhorne-Newtown Rd, Langhorne, PA 19047"
363,410191, St Vincent Health Center,https://freida.ama-assn.org/institution/410191,['Lake Erie Coll of Osteopathic Med-Erie'],['Lewis Katz Sch of Med at Temple Univ'],,"232 W 25th St, Erie, PA 16544"
364,419678, Stairways Behavioral Health,https://freida.ama-assn.org/institution/419678,,,,"2185 W 8th St, Erie, PA 16506"
365,410042, Star Community Health Inc,https://freida.ama-assn.org/institution/410042,,,,"511 E 3rd St, Bethlehem, PA 18015"
366,410125, Stephen Klein Wellness Center,https://freida.ama-assn.org/institution/410125,,,,"2144 Cecil B Moore Ave, Philadelphia, PA 19121"
367,419023, Suburban Community Hospital,https://freida.ama-assn.org/institution/419023,['Philadelphia Coll of Osteopathic Med'],"['Univ of New England Coll of Osteopathic Med', 'Kansas City Univ of Med and Biosciences Coll of Osteopathic Med', 'Lincoln Memorial Univ DeBusk Coll of Osteopathic Med']",,"2701 DeKalb Pike, Norristown, PA 19401"
368,410147, Susquehanna Health System,https://freida.ama-assn.org/institution/410147,"['Geisinger Commonwealth Sch of Med', 'Philadelphia Coll of Osteopathic Med']",,,"777 Rural Ave, Williamsport, PA 17701"
369,418045, Temple University Children's Medical Center,https://freida.ama-assn.org/institution/418045,,,,"3509 N Broad St, Philadelphia, PA 19140"
370,410413, Temple University Hospital,https://freida.ama-assn.org/institution/410413,['Lewis Katz Sch of Med at Temple Univ'],"['Univ of New England Coll of Osteopathic Med', 'Drexel Univ Coll of Med', 'West Virginia Sch of Osteopathic Med']","['Raymond and Ruth Perelman Sch of Med at the Univ of Pennsylvania', 'Philadelphia Coll of Osteopathic Med']","3401 N Broad St, Philadelphia, PA 19140"
371,419684, The Orthopedic Group,https://freida.ama-assn.org/institution/419684,,,,"104 Delaware Ave, Uniontown, PA 15401"
372,419560, The Philadelphia Hand Center PC,https://freida.ama-assn.org/institution/419560,,,Lewis Katz Sch of Med at Temple Univ,"700 S Henderson Rd, King of Prussia, PA 19406"
373,419558, The Village at Penn State,https://freida.ama-assn.org/institution/419558,,,,"260 Lions Hill Rd, State College, PA 16803"
374,410224, Thomas Jefferson University Hospital,https://freida.ama-assn.org/institution/410224,['Sidney Kimmel Med Coll at Thomas Jefferson Univ'],"['Univ of New England Coll of Osteopathic Med', 'Lincoln Memorial Univ DeBusk Coll of Osteopathic Med']","['Raymond and Ruth Perelman Sch of Med at the Univ of Pennsylvania', 'Lewis Katz Sch of Med at Temple Univ']","111 S 11th St, Philadelphia, PA 19107-5096"
375,418016, Thomas Jefferson University Hospital-Ford Road Campus,https://freida.ama-assn.org/institution/418016,,,,"3905 Ford Rd, Philadelphia, PA 19131"
376,419556, TMA Vascular Access Center,https://freida.ama-assn.org/institution/419556,,,,"1597 Washington Pike, Bridgeville, PA 15017"
377,410162, Tower Behavioral Health,https://freida.ama-assn.org/institution/410162,,,,"201 Wellness Way, Reading, PA 19605"
378,410063, Tower Health,https://freida.ama-assn.org/institution/410063,Drexel Univ Coll of Med,,,"420 S 5th Ave, West Reading, PA 19611"
379,410106, University of Pennsylvania Health System,https://freida.ama-assn.org/institution/410106,['Raymond and Ruth Perelman Sch of Med at the Univ of Pennsylvania'],"['Univ of New England Coll of Osteopathic Med', 'Univ of Virginia Sch of Med', 'Univ of Washington Sch of Med']","['Mayo Clinic Alix Sch of Med', 'Lewis Katz Sch of Med at Temple Univ', 'Drexel Univ Coll of Med', 'New York Med Coll']","3400 Spruce St, Philadelphia, PA 19104-4283"
380,419531, University of Pennsylvania Law School Forensic Department,https://freida.ama-assn.org/institution/419531,,,Raymond and Ruth Perelman Sch of Med at the Univ of Pennsylvania,"3501 Sansom St, Philadelphia, PA 19104"
381,419085, University of Pittsburgh Cancer Institute,https://freida.ama-assn.org/institution/419085,,,,"5150 Centre Ave, Pittsburgh, PA 15213"
382,410118, University of Pittsburgh Graduate School of Public Health,https://freida.ama-assn.org/institution/410118,,,,"130 DeSoto St, Pittsburgh, PA 15261"
383,419059, University of Pittsburgh Law School (Civil Law Clinic),https://freida.ama-assn.org/institution/419059,,,,"3900 Forbes Ave, Pittsburgh, PA 15260"
384,410364, University of Pittsburgh School of Medicine,https://freida.ama-assn.org/institution/410364,,,,"121 Meyran Ave, Pittsburgh, PA 15260"
385,419614, University Orthopedics,https://freida.ama-assn.org/institution/419614,,,,"3000 Fairway Dr, Altoona, PA 16602"
386,410220, UPMC Altoona,https://freida.ama-assn.org/institution/410220,['Philadelphia Coll of Osteopathic Med'],"['Univ of Pittsburgh Sch of Med', 'Kansas City Univ of Med and Biosciences Coll of Osteopathic Med', 'West Virginia Sch of Osteopathic Med']",['Pacific Northwest Univ of Health Sciences Coll of Osteopathic Med'],"620 Howard Ave, Altoona, PA 16601-4899"
387,419685, UPMC at Oxford Drive,https://freida.ama-assn.org/institution/419685,,,,"400 Oxford Dr, Monroeville, PA 15146"
388,410064, UPMC Carlisle,https://freida.ama-assn.org/institution/410064,,,,"361 Alexander Spring Rd, Carlisle, PA 17015"
389,419545, UPMC Center for Sports Medicine,https://freida.ama-assn.org/institution/419545,,West Virginia Sch of Osteopathic Med,,"3200 S Water St, Pittsburgh, PA 15203"
390,410161, UPMC Children's Hospital of Pittsburgh,https://freida.ama-assn.org/institution/410161,['Univ of Pittsburgh Sch of Med'],"['Midwestern Univ Arizona Coll of Osteopathic Med', 'Kansas City Univ of Med and Biosciences Coll of Osteopathic Med']",,"45th & Penn Ave, Pittsburgh, PA 15201"
391,419664, UPMC Community Osteopathic,https://freida.ama-assn.org/institution/419664,,['Kansas City Univ of Med and Biosciences Coll of Osteopathic Med'],['Pacific Northwest Univ of Health Sciences Coll of Osteopathic Med'],"4300 Londonderry Rd, Harrisburg, PA 17109"
392,419669, UPMC Comprehensive Movement Disorders Clinic,https://freida.ama-assn.org/institution/419669,,,,"3471 Fifth Ave, Pittsburgh, PA 15213"
393,410452, UPMC Hamot,https://freida.ama-assn.org/institution/410452,,"['Midwestern Univ Arizona Coll of Osteopathic Med', 'Univ of Pittsburgh Sch of Med', 'Kansas City Univ of Med and Biosciences Coll of Osteopathic Med']",['Pacific Northwest Univ of Health Sciences Coll of Osteopathic Med'],"201 State St, Erie, PA 16550-0001"
394,410119, UPMC Hamot,https://freida.ama-assn.org/institution/410119,,"['Kansas City Univ of Med and Biosciences Coll of Osteopathic Med', 'Lincoln Memorial Univ DeBusk Coll of Osteopathic Med']",,"201 State St, Erie, PA 16550-0001"
395,410356, UPMC Harrisburg,https://freida.ama-assn.org/institution/410356,,"['Kansas City Univ of Med and Biosciences Coll of Osteopathic Med', 'Lincoln Memorial Univ DeBusk Coll of Osteopathic Med']",,"111 S Front St, Harrisburg, PA 17105-8700"
396,419657, UPMC Horizon,https://freida.ama-assn.org/institution/419657,,Kansas City Univ of Med and Biosciences Coll of Osteopathic Med,,"2200 Memorial Dr, Farrell, PA 16121"
397,410248, UPMC Integrated Health Services-Harrisburg,https://freida.ama-assn.org/institution/410248,,,,"8012 Bretz Dr, Harrisburg, PA 17112"
398,419676, UPMC Jameson,https://freida.ama-assn.org/institution/419676,,,,"1211 Wilmington Ave, New Castle, PA 16105"
399,419683, UPMC Lemieux Sports Complex,https://freida.ama-assn.org/institution/419683,,,,"8000 Cranberry Springs Dr, Cranberry Township, PA 16066"
400,419595, UPMC Lititz,https://freida.ama-assn.org/institution/419595,,"['Univ of New England Coll of Osteopathic Med', 'Kansas City Univ of Med and Biosciences Coll of Osteopathic Med']",,"1500 Highlands Dr, Lititz, PA 17543"
401,410497, UPMC McKeesport,https://freida.ama-assn.org/institution/410497,['Univ of Pittsburgh Sch of Med'],['Kansas City Univ of Med and Biosciences Coll of Osteopathic Med'],,"1500 Fifth Ave, McKeesport, PA 15132-2483"
402,418024, UPMC Medical Education,https://freida.ama-assn.org/institution/418024,"['Univ of Pittsburgh Sch of Med', 'Philadelphia Coll of Osteopathic Med', 'Lake Erie Coll of Osteopathic Med-Erie']","['Univ of New England Coll of Osteopathic Med', 'Geisel Sch of Med at Dartmouth', 'Midwestern Univ Arizona Coll of Osteopathic Med', 'George Washington Univ Sch of Med and Health Sci', 'Burrell Coll of Osteopathic Med']","['Univ of California Davis Sch of Med', 'Drexel Univ Coll of Med']","3600 Forbes Ave, Pittsburgh, PA 15213"
403,410062, UPMC Memorial,https://freida.ama-assn.org/institution/410062,,,,"1701 Innovation Dr, York, PA 17408"
404,410196, UPMC Mercy,https://freida.ama-assn.org/institution/410196,['Univ of Pittsburgh Sch of Med'],"['Midwestern Univ Arizona Coll of Osteopathic Med', 'Kansas City Univ of Med and Biosciences Coll of Osteopathic Med', 'Lincoln Memorial Univ DeBusk Coll of Osteopathic Med']",,"1400 Locust St, Pittsburgh, PA 15219-5166"
405,418062, UPMC Mercy Outpatient Center,https://freida.ama-assn.org/institution/418062,,West Virginia Sch of Osteopathic Med,,"200 Mary St, Pittsburgh, PA 15203"
406,419025, UPMC Muncy,https://freida.ama-assn.org/institution/419025,,,,"215 E Water St, Muncy, PA 17756"
407,419613, UPMC Northwest,https://freida.ama-assn.org/institution/419613,,,,"100 Fairfield Dr, Seneca, PA 16346"
408,419035, UPMC Passavant,https://freida.ama-assn.org/institution/419035,,Univ of Pittsburgh Sch of Med,,"9100 Babcock Blvd, Pittsburgh, PA 15237-5842"
409,410463, UPMC Pinnacle Hospitals,https://freida.ama-assn.org/institution/410463,"['Penn State Coll of Med', 'Drexel Univ Coll of Med']","['Univ of New England Coll of Osteopathic Med', 'Midwestern Univ Arizona Coll of Osteopathic Med', 'Kansas City Univ of Med and Biosciences Coll of Osteopathic Med']",,"111 S Front St, Harrisburg, PA 17105-8700"
410,410247, UPMC Pinnacle Surgery Optimization Clinic,https://freida.ama-assn.org/institution/410247,,,,"2501 N 3rd St, Harrisburg, PA 17110"
411,410349, UPMC Presbyterian,https://freida.ama-assn.org/institution/410349,,,,"Desoto at O'Hara Sts, Pittsburgh, PA 15213"
412,418048, UPMC Presbyterian,https://freida.ama-assn.org/institution/418048,,Kansas City Univ of Med and Biosciences Coll of Osteopathic Med,,"5230 Centre Ave, Pittsburgh, PA 15232"
