,AMC_No,AMC_Name,URLS,Affiliation_Major,Affiliation_Limited,Affiliation_Graduate,Medical_Center_Address
0,428064, Acevedo MD Neurology Office,https://freida.ama-assn.org/institution/428064,,,,"13 N del Rio, Mayaguez, PR 00680"
1,428026, Advanced Cardiology Center Corp/Ponce SOM Consortium,https://freida.ama-assn.org/institution/428026,,,,
2,429514, American Telemedicine Center,https://freida.ama-assn.org/institution/429514,,,,"62 Calle Jose Marti, San Juan, PR 00917"
3,420007, APS Health Care,https://freida.ama-assn.org/institution/420007,,,,"PO Box 71474, San Juan, PR 00936"
4,429535, Ashford Presbyterian Community Hospital,https://freida.ama-assn.org/institution/429535,,,,"1451 Ave Dr Ashford, San Juan, PR 00907"
5,428066, Ashford Presbyterian Community Hospital,https://freida.ama-assn.org/institution/428066,,,,"1451 Ave Dr Ashford, San Juan, PR 00902"
6,420002, ASSMCA,https://freida.ama-assn.org/institution/420002,,,,
7,428042, ASSMCA (Mayaguez),https://freida.ama-assn.org/institution/428042,,,,"410 Ave de Hostos, Mayaguez, PR 00680"
8,428028, Auxilio Mutuo Hospital,https://freida.ama-assn.org/institution/428028,,Univ of Puerto Rico Sch of Med,,"Ponce de Leon Ave, San Juan, PR 00918"
9,429522, Barbara Rosado MD-Gastroenterology/Hepatology Office,https://freida.ama-assn.org/institution/429522,,,,
10,420476, Bayamon Regional Hospital,https://freida.ama-assn.org/institution/420476,,,,
11,428022, Bella Vista Hospital,https://freida.ama-assn.org/institution/428022,,,,
12,428029, Cardiovascular Center of Puerto Rico and the Caribbean,https://freida.ama-assn.org/institution/428029,,,,
13,429518, Caribbean Cancer Care,https://freida.ama-assn.org/institution/429518,,,,
14,429532, Carlos Berrios Rosado MD-Neurology Office,https://freida.ama-assn.org/institution/429532,,,,
15,420003, Casa la Providencia,https://freida.ama-assn.org/institution/420003,,,,
16,429519, Centro de Hematologia y Oncologia del Sur,https://freida.ama-assn.org/institution/429519,,,,
17,428056, COSSMA Inc (Cidra),https://freida.ama-assn.org/institution/428056,,,,
18,428051, CT Radiology Complex,https://freida.ama-assn.org/institution/428051,,,,
19,420289, Damas Hospital,https://freida.ama-assn.org/institution/420289,,,,
20,428062, Doris Iturrino MD-Primary Medicine Geriatrics Office,https://freida.ama-assn.org/institution/428062,,,,
21,428020, Dr Jose Ramos Lebron Hospital,https://freida.ama-assn.org/institution/428020,,,,
22,427016, Dr Pila Hospital,https://freida.ama-assn.org/institution/427016,,,,
23,429523, Edwin Peguero MD-Clinical Neurophysiology Office,https://freida.ama-assn.org/institution/429523,,,,
24,428024, Encompass Health Rehabilitation Hospital,https://freida.ama-assn.org/institution/428024,,,,
25,429533, Fanny R Lopez Gomez MD-Adolescent Medicine Office,https://freida.ama-assn.org/institution/429533,,,,
26,428021, First Hospital Panamericano,https://freida.ama-assn.org/institution/428021,,,,
27,428040, Head Start Program,https://freida.ama-assn.org/institution/428040,,,,
28,428053, Health Image Diagnostics Senos PR,https://freida.ama-assn.org/institution/428053,,,,
29,429530, HIMA San Pablo/Centro Medico del Turabo Inc,https://freida.ama-assn.org/institution/429530,,,,
30,428050, Hospicio del Oeste,https://freida.ama-assn.org/institution/428050,,,,
31,420478, Hospital de la Concepcion,https://freida.ama-assn.org/institution/420478,,,,
32,428016, Hospital Dr Alejandro Otero Lopez,https://freida.ama-assn.org/institution/428016,,,,
33,428027, Hospital Episcopal Cristo Redentor,https://freida.ama-assn.org/institution/428027,,,,
34,420194, Hospital Episcopal San Lucas,https://freida.ama-assn.org/institution/420194,,,,
35,427018, Hospital Episcopal San Lucas I,https://freida.ama-assn.org/institution/427018,,,,
36,428059, Hospital Espanol Auxilio Mutuo,https://freida.ama-assn.org/institution/428059,,,,
37,429527, Hospital Hermanos Melendez,https://freida.ama-assn.org/institution/429527,,,,
38,420473, Hospital HIMA San Pablo,https://freida.ama-assn.org/institution/420473,,,,
39,429513, Hospital Metropolitano,https://freida.ama-assn.org/institution/429513,,,,
40,429529, Hospital Metropolitano de la Montana,https://freida.ama-assn.org/institution/429529,,,,
41,420474, Hospital Oncologico Andres Grillasca,https://freida.ama-assn.org/institution/420474,,,,
42,428031, Hospital San Cristobal,https://freida.ama-assn.org/institution/428031,,,,
43,427019, Hospital Universitario Dr Ramon Ruiz Arnau,https://freida.ama-assn.org/institution/427019,,,,
44,429507, Hospital UPR Dr Federico Trilla,https://freida.ama-assn.org/institution/429507,,,,
45,420205, I Gonzalez Martinez Oncologic Hospital,https://freida.ama-assn.org/institution/420205,,,,
46,420005, Iniciatice Comunitaria,https://freida.ama-assn.org/institution/420005,,,,
47,420461, Institute of Forensic Sciences of Puerto Rico,https://freida.ama-assn.org/institution/420461,,,,
48,429520, Instituto de Otorrinolaringologia del Caribe,https://freida.ama-assn.org/institution/429520,,,,
49,429515, Instituto de Podiatria y Pie Diabetico,https://freida.ama-assn.org/institution/429515,,,,
50,428065, Janice Justiniano MD-Medical Ophtalmology Office,https://freida.ama-assn.org/institution/428065,,,,
51,428036, Jose S Belaval Centro de Diagnostico Tratamiento,https://freida.ama-assn.org/institution/428036,,,,
52,428048, La Casa del Vetarano,https://freida.ama-assn.org/institution/428048,,,,
53,429512, La Clinica de la Escuela de Medicina,https://freida.ama-assn.org/institution/429512,,,,
54,428033, Loiza Community Health Center,https://freida.ama-assn.org/institution/428033,,,,
55,428054, M & P Radiologos SRL,https://freida.ama-assn.org/institution/428054,,,,
56,429517, Maria E Justiniano MD-Rheumatology Office,https://freida.ama-assn.org/institution/429517,,,,
57,427006, Metro Pavia Hato Rey,https://freida.ama-assn.org/institution/427006,,,,
58,428038, Migrant Health Center (Mayaguez),https://freida.ama-assn.org/institution/428038,,,,
59,429521, Miguel Magraner MD-Internal Medicine Office,https://freida.ama-assn.org/institution/429521,,,,
60,428061, Nefrologos Asosiados del Oeste Clinica de Transplante,https://freida.ama-assn.org/institution/428061,,,,
61,428063, Norma Arciniegas MD-Adolescent Medicine Office,https://freida.ama-assn.org/institution/428063,,,,
62,428055, Orlando Torres MD Neurological Pediatrician Office,https://freida.ama-assn.org/institution/428055,,,,
63,428030, Playa Medical Center,https://freida.ama-assn.org/institution/428030,,,,
64,429505, Ponce Health Sciences University,https://freida.ama-assn.org/institution/429505,,,,
65,428039, Ponce School Mental Health Clinics (Mayaguez),https://freida.ama-assn.org/institution/428039,,,,
66,420179, Puerto Rico Children's Hospital,https://freida.ama-assn.org/institution/420179,,,,
67,420387, Puerto Rico Institute of Psychiatry,https://freida.ama-assn.org/institution/420387,,,,
68,428046, Puerto Rico Medical Center Trauma Hospital,https://freida.ama-assn.org/institution/428046,,,,
69,428044, Rafael Velez Dermatology Office,https://freida.ama-assn.org/institution/428044,,,,
70,420467, Ramon E Betances Hospital-Mayaguez Medical Center,https://freida.ama-assn.org/institution/420467,,,,
71,429510, Reliable Ambulatory Surgical Center (RASC),https://freida.ama-assn.org/institution/429510,,,,
72,428041, Residential Ctr of Educative Opportunities of Mayaguez CROEM,https://freida.ama-assn.org/institution/428041,,,,
73,429524, Roberto Leon-Perez MD-Reumatology Office,https://freida.ama-assn.org/institution/429524,,,,
74,420024, Salud Integral de la Montana,https://freida.ama-assn.org/institution/420024,,,,
75,429516, Samuel Sostre-Castillo MD-Nuclear Med & Ultrasound Office,https://freida.ama-assn.org/institution/429516,,,,
76,428052, San Jorge Children and Women's Hospital,https://freida.ama-assn.org/institution/428052,,,,
77,420470, San Juan Bautista Medical Center/Caguas Regional Hospital,https://freida.ama-assn.org/institution/420470,,,,
78,429508, San Juan Bautista School of Medicine,https://freida.ama-assn.org/institution/429508,,,,
79,420320, San Juan City Hospital,https://freida.ama-assn.org/institution/420320,,,,
80,428058, Sleep Lab,https://freida.ama-assn.org/institution/428058,,,,
81,428057, Somnos Comprehensive Sleep Clinic,https://freida.ama-assn.org/institution/428057,,,,
82,428019, State Psychiatric Hospital,https://freida.ama-assn.org/institution/428019,,,,
83,429531, Technonuclear Laboratory,https://freida.ama-assn.org/institution/429531,,,,
84,429501, Universidad Central del Caribe School of Medicine,https://freida.ama-assn.org/institution/429501,,,,
85,420178, University Hospital,https://freida.ama-assn.org/institution/420178,,,,
86,420464, University of Puerto Rico School of Medicine,https://freida.ama-assn.org/institution/420464,,,,
87,420477, University Pediatric Hospital,https://freida.ama-assn.org/institution/420477,,,,
88,420006, UPR RCM Research Lab-Dr Carlos Jimenez,https://freida.ama-assn.org/institution/420006,,,,
89,428032, VA Caribbean Health Care System-Ponce Outpatient Clinic,https://freida.ama-assn.org/institution/428032,,,,
90,420265, VA Caribbean Healthcare System,https://freida.ama-assn.org/institution/420265,,,,
91,420469, Vocational Rehabilitation Center,https://freida.ama-assn.org/institution/420469,,,,
92,429509, Xyrion Medical Institute,https://freida.ama-assn.org/institution/429509,,,,
