,AMC_No,AMC_Name,URLS,Affiliation_Major,Affiliation_Limited,Affiliation_Graduate,Medical_Center_Address
0,438026, Affinity Physicians at Kent Hospital-Sports Medicine,https://freida.ama-assn.org/institution/438026,,,,"5750 Post Rd, East Greenwich, RI 02818"
1,438047, Brennan Cronin and Peters DO-Internal Medicine Office,https://freida.ama-assn.org/institution/438047,,,,"2358 S County Trail, East Greenwich, RI 02818"
2,430281, Brown University/Rhode Island Hospital-Lifespan,https://freida.ama-assn.org/institution/430281,['Warren Alpert Med Sch of Brown Univ'],"['Univ of New England Coll of Osteopathic Med', 'Univ of Massachusetts T H Chan Sch of Med']",,"593 Eddy St, Providence, RI 02903"
3,430483, Butler Hospital,https://freida.ama-assn.org/institution/430483,['Warren Alpert Med Sch of Brown Univ'],['Univ of New England Coll of Osteopathic Med'],,"345 Blackstone Blvd, Providence, RI 02906"
4,438042, City of Providence Department of Public Safety/Providence Fire Department Rescue Division,https://freida.ama-assn.org/institution/438042,,,,"25 Dorrance St, Providence, RI 02903"
5,438058, Continuum-Meadows Edge Recovery Center,https://freida.ama-assn.org/institution/438058,,,,"580 Ten Rod Rd, North Kingstown, RI 02852"
6,438049, Coventry Skilled Nursing and Rehab,https://freida.ama-assn.org/institution/438049,,,,"10 Woodland Dr, Coventry, RI 02816"
7,438032, Cranston Fire Department,https://freida.ama-assn.org/institution/438032,,,,"301 Pontiac Ave, Cranston, RI 02910"
8,438053, Cumberland Rescue Service,https://freida.ama-assn.org/institution/438053,,,,"1512 Mendon Rd, Cumberland, RI 02865"
9,438021, Dermatology Professionals Inc,https://freida.ama-assn.org/institution/438021,,,Univ of Massachusetts T H Chan Sch of Med,"1672 S Country Trail, East Greenwich, RI 02818"
10,438031, East Providence Fire Department,https://freida.ama-assn.org/institution/438031,,,,"750 Waterman Ave, East Providence, RI 02914"
11,438012, Eleanor Slater Hospital,https://freida.ama-assn.org/institution/438012,,,,"111 Howard Ave, Cranston, RI 02920"
12,430432, Emma Pendleton Bradley Hospital,https://freida.ama-assn.org/institution/430432,Warren Alpert Med Sch of Brown Univ,,,"1011 Veterans Memorial Pkwy, East Providence, RI 02915-5099"
13,438017, Gateway Healthcare Inc,https://freida.ama-assn.org/institution/438017,,,,"249 Roosevelt Ave, Pawtucket, RI 02860"
14,438020, Hasbro Children's Hospital,https://freida.ama-assn.org/institution/438020,Warren Alpert Med Sch of Brown Univ,,,"593 Eddy St, Providence, RI 02903"
15,438019, Home and Hospice Care of Rhode Island,https://freida.ama-assn.org/institution/438019,,Warren Alpert Med Sch of Brown Univ,,"1085 N Main St, Providence, RI 02904"
16,438043, Johnson and Wales University Athletic Department,https://freida.ama-assn.org/institution/438043,,,,"8 Abbott Park Pl, Providence, RI 02903"
17,438041, Kent Hospital,https://freida.ama-assn.org/institution/438041,"['Univ of New England Coll of Osteopathic Med', 'Warren Alpert Med Sch of Brown Univ']","['Midwestern Univ Arizona Coll of Osteopathic Med', 'Kansas City Univ of Med and Biosciences Coll of Osteopathic Med', 'Burrell Coll of Osteopathic Med', 'West Virginia Sch of Osteopathic Med', 'Lincoln Memorial Univ DeBusk Coll of Osteopathic Med']",,"455 Tollgate Rd, Warwick, RI 02886"
18,438050, Kent Regency,https://freida.ama-assn.org/institution/438050,,West Virginia Sch of Osteopathic Med,,"660 Commonwealth Ave, Warwick, RI 02886"
19,438052, Landmark Medical Center,https://freida.ama-assn.org/institution/438052,New York Med Coll,,,"115 Cass Ave, Woonsocket, RI 02895"
20,430436, Memorial Hospital of Rhode Island,https://freida.ama-assn.org/institution/430436,,Univ of New England Coll of Osteopathic Med,,"111 Brewster St, Pawtucket, RI 02860"
21,430232, Miriam Hospital-Lifespan,https://freida.ama-assn.org/institution/430232,Warren Alpert Med Sch of Brown Univ,,,"164 Summit Ave, Providence, RI 02906"
22,438040, New England Ambulance Service,https://freida.ama-assn.org/institution/438040,,,,"37 Manuel Rd, Johnston, RI 02919"
23,438018, Newport Hospital,https://freida.ama-assn.org/institution/438018,,Warren Alpert Med Sch of Brown Univ,,"11 Friendship St, Newport, RI 02840"
24,438051, North Main Radiation Oncology,https://freida.ama-assn.org/institution/438051,,,,"825 N Main St, Providence, RI 02904"
25,430001, Phoenix House,https://freida.ama-assn.org/institution/430001,,,,"205 Waterman St, Providence, RI 02906"
26,438028, Providence College,https://freida.ama-assn.org/institution/438028,,,,"1 Cunningham Sq, Providence, RI 02908"
27,438014, Providence Community Health Center,https://freida.ama-assn.org/institution/438014,,,,"375 Allens Ave, Providence, RI 02905-5010"
28,438038, Providence Emergency Management Agency,https://freida.ama-assn.org/institution/438038,,,,"591 Charles St, Providence, RI 02904"
29,438037, Rhode Island Airport Corporation,https://freida.ama-assn.org/institution/438037,,,,"2000 Post Rd, Warnick, RI 02886"
30,438057, Rhode Island Department of Corrections,https://freida.ama-assn.org/institution/438057,,,,"40 Howard Ave, Cranston, RI 02920"
31,438022, Rhode Island Department of Health,https://freida.ama-assn.org/institution/438022,,,,"3 Capitol Hill, Providence, RI 02908"
32,438035, Rhode Island Disaster Medical Assistance Team,https://freida.ama-assn.org/institution/438035,,,,"50 Barnett Ln, West Greenwich, RI 02817"
33,438015, Rhode Island Foundation for Colon and Rectal Diseases,https://freida.ama-assn.org/institution/438015,,,,"334 East Ave, Pawtucket, RI 02860"
34,438016, Rhode Island Medical Imaging,https://freida.ama-assn.org/institution/438016,,,,"690 Eddy St, Providence, RI 02903"
35,430485, Rhode Island Office of State Medical Examiners,https://freida.ama-assn.org/institution/430485,,,,"48 Orms St, Providence, RI 02904"
36,438023, Rhode Island Training School,https://freida.ama-assn.org/institution/438023,,,,"300 New London Ave, Cranston, RI 02920"
37,430438, Roger Williams Medical Center,https://freida.ama-assn.org/institution/430438,,"['Univ of New England Coll of Osteopathic Med', 'Boston Univ Aram V Chobanian & Edward Avedisian Sch of Med']",,"825 Chalkstone Ave, Providence, RI 02908-4735"
38,438024, Roger Williams University School of Law,https://freida.ama-assn.org/institution/438024,,,,"10 Metacom Ave, Bristol, RI 02809"
39,438033, Safer Institute,https://freida.ama-assn.org/institution/438033,,,,"12 Bassett St, Providence, RI 02903"
40,438027, South County Orthopedics,https://freida.ama-assn.org/institution/438027,,,,"One High St, Wakefield, RI 02879"
41,438039, South Kingstown Emergency Medical Services,https://freida.ama-assn.org/institution/438039,,,,"1790 Kingstown Rd, Wakefield, RI 02879"
42,438046, St Joseph Health Center,https://freida.ama-assn.org/institution/438046,,,,"21 Peace St, Providence, RI 02907"
43,438044, Thundermist Health Center of West Warwick,https://freida.ama-assn.org/institution/438044,,,,"186 Providence St, West Warwick, RI 02893"
44,438054, University Gastroenterology-East Greenwich,https://freida.ama-assn.org/institution/438054,,,,"1407 S County Trail, East Greenwich, RI 02818"
45,438056, University Gastroenterology-Staniford Providence,https://freida.ama-assn.org/institution/438056,,,,"33 Staniford St, Providence, RI 02905"
46,438029, University of Rhode Island,https://freida.ama-assn.org/institution/438029,,,,"45 Upper College Rd, Kingston, RI 02881"
47,438025, University Pulmonary Associates,https://freida.ama-assn.org/institution/438025,,,,"1408 S County Trail, East Greenwich, RI 02818"
48,438036, US Coast Guard Station Castle Hill,https://freida.ama-assn.org/institution/438036,,,,"75 Ridge Rd, Newport, RI 02840"
49,430439, Veterans Affairs Medical Center (Providence),https://freida.ama-assn.org/institution/430439,Warren Alpert Med Sch of Brown Univ,,,"830 Chalkstone Ave, Providence, RI 02908-4799"
50,430334, Women and Infants Hospital of Rhode Island,https://freida.ama-assn.org/institution/430334,['Warren Alpert Med Sch of Brown Univ'],"['Univ of New England Coll of Osteopathic Med', 'Univ of Washington Sch of Med']",,"101 Dudley St, Providence, RI 02905-2401"
