,AMC_No,AMC_Name,URLS,Affiliation_Major,Affiliation_Limited,Affiliation_Graduate,Medical_Center_Address
0,459556, Advanced Cosmetic Surgery,https://freida.ama-assn.org/institution/459556,,,,"29 Rocky Slope Rd, Greenville, SC 29607"
1,459559, Aiken Regional Medical Centers,https://freida.ama-assn.org/institution/459559,,Edward Via Coll of Osteopathic Med-Carolinas,,"302 University Pkwy, Aiken, SC 29801"
2,450732, AnMed Health,https://freida.ama-assn.org/institution/450732,['Edward Via Coll of Osteopathic Med-Carolinas'],['Univ of South Carolina Sch of Med Columbia'],,"800 N Fant St, Anderson, SC 29621"
3,450055, Atlantic Coast Pain Specialists,https://freida.ama-assn.org/institution/450055,,,,"1500 Main St, Conway, SC 29526"
4,458041, Berkeley County Probate Court,https://freida.ama-assn.org/institution/458041,,,,"300 California Ave, Moncks Corner, SC 28461"
5,458019, BlueCross and BlueShield (Columbia SC),https://freida.ama-assn.org/institution/458019,,,,"200 Arbor Lake Dr, Columbia, SC 29223"
6,459547, Bogan Sleep Consultants LLC,https://freida.ama-assn.org/institution/459547,,,,"1333 Taylor St, Columbia, SC 29201"
7,459532, Bon Secours St Francis Health System-McCall House,https://freida.ama-assn.org/institution/459532,,,,"1836 W Georgia Rd, Simpsonville, SC 29680"
8,450030, Bradshaw Institute for Community Child Health & Advocacy,https://freida.ama-assn.org/institution/450030,,,,"255 Enterprise Blvd, Greenville, SC 29615"
9,459504, Carolina Eyecare Physicians LLC (Mt Pleasant),https://freida.ama-assn.org/institution/459504,,,,"1280 Johnnie Dodds Blvd, Mount Pleasant, SC 29464"
10,459549, Carolina Regional Cancer Center LLC,https://freida.ama-assn.org/institution/459549,,,,"4708 Oleander Dr, Myrtle Beach, SC 29577"
11,459557, Carolina's Dermatology Group PA,https://freida.ama-assn.org/institution/459557,,,,"1706 St Julian Pl, Columbia, SC 29204"
12,458034, Charleston Center of Charleston County,https://freida.ama-assn.org/institution/458034,,,,"5 Charleston Center Dr, Charleston, SC 29401"
13,458042, Charleston County Probate Court,https://freida.ama-assn.org/institution/458042,,,,"100 Broad St, Charleston, SC 29401"
14,450483, Charleston Memorial Hospital,https://freida.ama-assn.org/institution/450483,,,,"326 Calhoun St, Charleston, SC 29401"
15,459536, Charleston Pathology PA,https://freida.ama-assn.org/institution/459536,,,,"316 Calhoun St, Charleston, SC 29401"
16,458020, Charleston/Dorchester Community Mental Health Center,https://freida.ama-assn.org/institution/458020,,,,"2090 Executive Hall Rd, Charleston, SC 29403"
17,458828, Children's Garden,https://freida.ama-assn.org/institution/458828,,,,"4801 Colonial Dr, Columbia, SC 29203"
18,458014, Coastal Fertility Specialists (Mount Pleasant),https://freida.ama-assn.org/institution/458014,Med Univ of South Carolina Coll of Med,,,"1375 Hospital Dr, Mount Pleasant, SC 29464"
19,458030, Coastal Pediatrics Associates,https://freida.ama-assn.org/institution/458030,,,,"2051 Charlie Hall Blvd, Charleston, SC 29414"
20,450009, Colleton Medical Center,https://freida.ama-assn.org/institution/450009,,,,"501 Robertson Blvd, Walterboro, SC 29488"
21,458022, Columbia Area Mental Health Center,https://freida.ama-assn.org/institution/458022,,,,"2715 Colonial Dr, Columbia, SC 29203"
22,450735, Columbia VA Health Care System,https://freida.ama-assn.org/institution/450735,Univ of South Carolina Sch of Med Columbia,,,"6439 Garners Ferry Rd, Columbia, SC 29209"
23,450021, Compass,https://freida.ama-assn.org/institution/450021,,,,"2320 US-378, Conway, SC 29527"
24,450026, Conway Emergency Group,https://freida.ama-assn.org/institution/450026,,,,"300 Singleton Ridge Rd, Conway, SC 29526"
25,450018, Conway Medical Center,https://freida.ama-assn.org/institution/450018,['Campbell Univ Jerry M Wallace Sch of Osteopathic Med'],['Burrell Coll of Osteopathic Med'],,"300 Singleton Ridge Rd, Conway, SC 29526"
26,459522, Cutler Jewish Day School (CJDS),https://freida.ama-assn.org/institution/459522,,,,"5827 Trenholm Rd, Columbia, SC 29206"
27,458037, Dee Norton Lowcountry Children's Center,https://freida.ama-assn.org/institution/458037,Med Univ of South Carolina Coll of Med,,,"1061 King St, Charleston, SC 29403"
28,478070, Dialysis Clinic Incorporated (Charleston),https://freida.ama-assn.org/institution/478070,,,,"1411 King St, Charleston, SC 29403"
29,459506, Dorchester Children's Center,https://freida.ama-assn.org/institution/459506,,,,"303 E Richardson Ave, Summerville, SC 29483"
30,459541, Eagle Hospitalists-Waccamaw Hospital,https://freida.ama-assn.org/institution/459541,,,,"606 Black River Rd, Georgetown, SC 29440"
31,458840, Earle E Morris Jr Alcohol & Drug Addiction Treatment Center,https://freida.ama-assn.org/institution/458840,,,,"610 Faison Dr, Columbia, SC 29203"
32,459551, East Cooper Medical Center,https://freida.ama-assn.org/institution/459551,,,,"2000 Hospital Dr, Mount Pleasant, SC 29464"
33,459523, Eau Claire Cooperative Health Centers Inc,https://freida.ama-assn.org/institution/459523,,,,"1228 Harden St, Columbia, SC 29204"
34,458011, Encompass Health Rehabilitation Hospital of Charleston,https://freida.ama-assn.org/institution/458011,,,,"9181 Medcom St, North Charleston, SC 29406"
35,450025, Friendship Clinic,https://freida.ama-assn.org/institution/450025,,,,"1396 SC-544, Conway, SC 29526"
36,459517, Grand Strand Medical Center,https://freida.ama-assn.org/institution/459517,['Edward Via Coll of Osteopathic Med-Carolinas'],"['Univ of South Carolina Sch of Med Columbia', 'Midwestern Univ Arizona Coll of Osteopathic Med', 'West Virginia Sch of Osteopathic Med', 'Burrell Coll of Osteopathic Med', 'Lincoln Memorial Univ DeBusk Coll of Osteopathic Med']",,"809 82nd Pkwy, Myrtle Beach, SC 29572"
37,459512, Greenville Mental Health Center,https://freida.ama-assn.org/institution/459512,,,,"124 Mallard St, Greenville, SC 29601"
38,458004, Greenwood Genetic Center,https://freida.ama-assn.org/institution/458004,,,Univ of South Carolina Sch of Med Columbia,"106 Gregor Mendal Circle, Greenwood, SC 29646"
39,459560, Hands of Hope,https://freida.ama-assn.org/institution/459560,,,,"3955 Southeastern Way, West Columbia, SC 29169"
40,458025, Hollings Cancer Center-Mt Pleasant,https://freida.ama-assn.org/institution/458025,,,,"1200 B Johnnie Dodds Ave, Mount Pleasant, SC 29464"
41,459528, Hospice of Charleston,https://freida.ama-assn.org/institution/459528,,,,"4975 Lacross Rd, North Charleston, SC 29406"
42,459534, Inlet Cardiopulmonary and Associates,https://freida.ama-assn.org/institution/459534,,,,"4057 Hwy 17 Bypass, Murrells Inlet, SC 29576"
43,459543, Inlet Pediatrics,https://freida.ama-assn.org/institution/459543,,,,"140 Bandage Ct, Murrells Inlet, SC 29576"
44,458829, Lexington County Community Mental Health Center,https://freida.ama-assn.org/institution/458829,,,,"305 Palmetto Park Blvd, Lexington, SC 29072"
45,450061, Lexington Medical Center,https://freida.ama-assn.org/institution/450061,,,,"2720 Sunset Blvd, West Columbia, SC 29169"
46,450136, Lexington Medical Center-Occupational Health,https://freida.ama-assn.org/institution/450136,,,,"3799 12th St, Cayce, SC 29033"
47,458837, Lexington Richland Alcohol and Drug Abuse Center (LRADAC),https://freida.ama-assn.org/institution/458837,,,,"2711 Colonial Dr, Columbia, SC 29203"
48,459526, LifeNet South Carolina,https://freida.ama-assn.org/institution/459526,,,,"3955 Southeastern Way, West Columbia, SC 29169"
49,450022, Lighthouse Behavioral Health Hospital,https://freida.ama-assn.org/institution/450022,,,,"152 Waccamaw Medical Park Cir, Conway, SC 29526"
50,458836, Mary Black Memorial Hospital,https://freida.ama-assn.org/institution/458836,,,,"1700 Skylyn Dr, Spartanburg, SC 29301"
51,450037, McLeod Health Cheraw,https://freida.ama-assn.org/institution/450037,,,,"711 Chesterfield Hwy, Cheraw, SC 29520"
52,450036, McLeod Health Clarendon,https://freida.ama-assn.org/institution/450036,,,,"10 E Hospital St, Manning, SC 29102"
53,450239, McLeod Regional Medical Center,https://freida.ama-assn.org/institution/450239,"['Univ of South Carolina Sch of Med Columbia', 'Edward Via Coll of Osteopathic Med-Carolinas']",,,"555 E Cheves St, Florence, SC 29506-2617"
54,458043, Medical University of South Carolina Children's Hospital,https://freida.ama-assn.org/institution/458043,,,,"171 Ashley Ave, Charleston, SC 29425"
55,459501, Medical University of South Carolina College of Medicine,https://freida.ama-assn.org/institution/459501,['Med Univ of South Carolina Coll of Med'],"['Kansas City Univ of Med and Biosciences Coll of Osteopathic Med', 'West Virginia Sch of Osteopathic Med', 'Lincoln Memorial Univ DeBusk Coll of Osteopathic Med']",,"169 Ashley Ave, Charleston, SC 29425"
56,459555, Midlands Oral & Maxillofacial Surgery PA,https://freida.ama-assn.org/institution/459555,,,,"1755 St Julian Pl, Columbia, SC 29204"
57,458003, Moncrief Army Community Hospital,https://freida.ama-assn.org/institution/458003,,Univ of South Carolina Sch of Med Columbia,,"Box 207, Fort Jackson, SC 29207"
58,459537, Moore Orthopaedics Outpatient Surgery Center,https://freida.ama-assn.org/institution/459537,,,,"104 Saluda Pointe Dr, Lexington, SC 29072"
59,458834, MUSC Charleston Hand Group,https://freida.ama-assn.org/institution/458834,,,,"1483 Tobias Gadsden Blvd, Charleston, SC 29407"
60,450051, MUSC Children's Health After Hours Care-Mount Pleasant,https://freida.ama-assn.org/institution/450051,,,,"2705 N Hwy 17, Mount Pleasant, SC 29466"
61,450050, MUSC Children's Health R Keith Summey Medical Pavilion,https://freida.ama-assn.org/institution/450050,,,,"2250 Mall Dr, North Charleston, SC 29506"
62,458023, MUSC Health East Cooper,https://freida.ama-assn.org/institution/458023,Med Univ of South Carolina Coll of Med,,,"1200 Johnnie Dodds Blvd, Mount Pleasant, SC 29464-3294"
63,450052, MUSC Health Pulmonary Allergy and Sleep Medicine-Dantzler,https://freida.ama-assn.org/institution/450052,,,,"2750 Dantzler Dr, North Charleston, SC 29406"
64,450152, MUSC Medical Center,https://freida.ama-assn.org/institution/450152,['Med Univ of South Carolina Coll of Med'],['Univ of South Carolina Sch of Med Columbia'],,"171 Ashley Ave, Charleston, SC 29425-0950"
65,450035, MUSC Shawn Jenkins Children's Hospital,https://freida.ama-assn.org/institution/450035,,,,"10 McClennan Banks Dr, Charleston, SC 29425"
66,458033, MUSC Specialty Care North,https://freida.ama-assn.org/institution/458033,,,,"8992 University Blvd, North Charleston, SC 29406"
67,458039, MUSC Specialty Care West Ashley,https://freida.ama-assn.org/institution/458039,,,,"2125 Charlie Hall Blvd, Charleston, SC 29407"
68,459539, National Health Care Garden City,https://freida.ama-assn.org/institution/459539,,,,"9405 Frontage Rd, Murrells Inlet, SC 29576"
69,450134, Naval Hospital (Charleston),https://freida.ama-assn.org/institution/450134,,,,"3600 Rivers Ave, North Charleston, SC 29405-7744"
70,450016, Neuroscience Associates-Greenville,https://freida.ama-assn.org/institution/450016,,,,"200 Patewood Dr, Greenville, SC 29615"
71,459513, New Horizon Family Health Services,https://freida.ama-assn.org/institution/459513,,,,"130 Mallard St, Greenville, SC 29602"
72,450008, North Strand Free Standing Emergency Department,https://freida.ama-assn.org/institution/450008,,,,"806 Hwy 17 S, North Myrtle Beach, SC 29582"
73,459553, Northeast Dermatology,https://freida.ama-assn.org/institution/459553,,,,"220 Graces Way, Columbia, SC 29229"
74,459515, O'Neill Plastic Surgery PA,https://freida.ama-assn.org/institution/459515,,,,"245 Seven Farms Dr, Daniel Island, SC 29492"
75,450023, OrthoSC,https://freida.ama-assn.org/institution/450023,,,,"2376 Cypress Cir, Conway, SC 29526"
76,459558, Pain Management Associates,https://freida.ama-assn.org/institution/459558,,,,"4600 Oleander Dr, Myrtle Beach, SC 29577"
77,459542, Palmetto Emergency Physicians of Georgetown,https://freida.ama-assn.org/institution/459542,,,,"4070 Hwy 17, Murrells Inlet, SC 29576"
78,458841, Palmetto Poison Center-USC,https://freida.ama-assn.org/institution/458841,,,,"715 Sumter St, Columbia, SC 29208"
79,459510, Patrick B Harris Psychiatric Hospital,https://freida.ama-assn.org/institution/459510,,,Univ of South Carolina Sch of Med Greenville,"130 SC-252, Anderson, SC 29621"
80,459514, Pavillon Greenville Outpatient Center,https://freida.ama-assn.org/institution/459514,,,,"117 Pelham Commons Blvd, Greenville, SC 29615"
81,450029, Phoenix Center,https://freida.ama-assn.org/institution/450029,,,,"1400 Cleveland St, Greenville, SC 29607"
82,459511, Piedmont Center for Mental Health Services,https://freida.ama-assn.org/institution/459511,,,,"20 Powderhorn Rd, Simpsonville, SC 29681"
83,458005, Prisma Health,https://freida.ama-assn.org/institution/458005,['Univ of South Carolina Sch of Med Columbia'],['Edward Via Coll of Osteopathic Med-Carolinas'],,"PO Box 2266, Columbia, SC 29202-2266"
84,458006, Prisma Health Baptist Hospital,https://freida.ama-assn.org/institution/458006,Univ of South Carolina Sch of Med Columbia,,,"Taylor at Marion St, Columbia, SC 29220"
85,459552, Prisma Health Baptist Parkridge Hospital,https://freida.ama-assn.org/institution/459552,,,,"400 Palmetto Health Pkwy, Columbia, SC 29212"
86,459567, Prisma Health Greer Memorial Hospital,https://freida.ama-assn.org/institution/459567,Univ of South Carolina Sch of Med Greenville,,,"830 S Buncombe Rd, Greer, SC 29650"
87,459509, Prisma Health Marshall I Pickens Hospital,https://freida.ama-assn.org/institution/459509,Univ of South Carolina Sch of Med Greenville,,,"701 Grove Rd, Greenville, SC 29605"
88,458007, Prisma Health Oconee Memorial Hospital,https://freida.ama-assn.org/institution/458007,Univ of South Carolina Sch of Med Greenville,,,"298 Memorial Dr, Seneca, SC 29672"
89,450366, Prisma Health Richland Hospital,https://freida.ama-assn.org/institution/450366,Univ of South Carolina Sch of Med Columbia,,,"5 Richland Medical Pk, Columbia, SC 29203"
90,459564, Prisma Health Tuomey Hospital,https://freida.ama-assn.org/institution/459564,,Edward Via Coll of Osteopathic Med-Carolinas,,"129 N Washington St, Sumter, SC 29150"
91,450031, Prisma Health-Upstate Child Psychiatry and Psychological Services,https://freida.ama-assn.org/institution/450031,,,,"200 Patewood Dr, Greenville, SC 29615"
92,450367, Prisma Health-Upstate/University of South Carolina School of Medicine Greenville,https://freida.ama-assn.org/institution/450367,['Univ of South Carolina Sch of Med Greenville'],"['Midwestern Univ Arizona Coll of Osteopathic Med', 'Med Coll of Georgia at Augusta Univ', 'Univ of South Carolina Sch of Med Columbia', 'West Virginia Sch of Osteopathic Med', 'California Northstate Univ Coll of Med', 'Lincoln Memorial Univ DeBusk Coll of Osteopathic Med']",,"701 Grove Rd, Greenville, SC 29605"
93,458028, Prisma Health-USC Medical Group-Family Medicine Center,https://freida.ama-assn.org/institution/458028,,,,"3209 Colonial Dr, Columbia, SC 29203"
94,458835, Prisma Health-USC Medical Group-Neurology,https://freida.ama-assn.org/institution/458835,,,,"8 Medical Park, Columbia, SC 29203"
95,459529, Prisma Health-USC Medical Group-Pediatric Neurology,https://freida.ama-assn.org/institution/459529,,,,"4 Medical Park Rd, Columbia, SC 29203"
96,458021, Prisma Health-USC Medical Group-USC Psychiatry,https://freida.ama-assn.org/institution/458021,,,,"15 Medical Park, Columbia, SC 29203"
97,450485, Ralph H Johnson VA Medical Center (Charleston),https://freida.ama-assn.org/institution/450485,Med Univ of South Carolina Coll of Med,,,"109 Bee St, Charleston, SC 29401-5799"
98,459525, Richland County Emergency Services Division,https://freida.ama-assn.org/institution/459525,,,,"1410 Laurens St, Columbia, SC 29204"
99,458830, Richland County School District Two,https://freida.ama-assn.org/institution/458830,,,,"6831 Brookfield Rd, Columbia, SC 29206"
100,459544, Riverside Pediatrics,https://freida.ama-assn.org/institution/459544,,,,"435 Marina Dr, Georgetown, SC 29440"
101,457002, Roper Hospital,https://freida.ama-assn.org/institution/457002,Med Univ of South Carolina Coll of Med,,,"316 Calhoun St, Charleston, SC 29401-1125"
102,450067, Rural Health Services Inc-Clyburn Center,https://freida.ama-assn.org/institution/450067,,,,"1000 Clyburn Pl, Aiken, SC 29801"
103,458839, Santee-Wateree Mental Health Center,https://freida.ama-assn.org/institution/458839,,,,"215 N Magnolia St, Sumter, SC 29151"
104,458024, SCDMH CM Tucker Nursing Care Center,https://freida.ama-assn.org/institution/458024,,George Washington Univ Sch of Med and Health Sci,,"2200 Harden St, Columbia, SC 29203"
105,459535, Seaside Dermatology,https://freida.ama-assn.org/institution/459535,,,,"4027 US Hwy 17, Murrells Inlet, SC 29576"
106,457024, Self Regional Healthcare,https://freida.ama-assn.org/institution/457024,,"['Univ of South Carolina Sch of Med Columbia', 'George Washington Univ Sch of Med and Health Sci', 'Lincoln Memorial Univ DeBusk Coll of Osteopathic Med']",,"1325 Spring St, Greenwood, SC 29646"
107,450174, Shriners Hospitals for Children (Greenville),https://freida.ama-assn.org/institution/450174,,,,"950 W Faris Rd, Greenville, SC 29605-4277"
108,458026, South Carolina Department of Mental Health (SCDMH),https://freida.ama-assn.org/institution/458026,Univ of South Carolina Sch of Med Columbia,,,"7901 Farrow Rd, Columbia, SC 29203"
109,459562, South Carolina Oncology Associates,https://freida.ama-assn.org/institution/459562,,,,"166 Stoneridge Dr, Columbia, SC 29210"
110,459546, South Strand Free Standing Emergency Department,https://freida.ama-assn.org/institution/459546,,,,"5050 US Hwy 17 Bypass S, Myrtle Beach, SC 29588"
111,459548, South Strand Internists and Urgent Care LLC,https://freida.ama-assn.org/institution/459548,,,,"185 Fresh Dr, Myrtle Beach, SC 29579"
112,459503, Southeastern Facial Plastic/Cosmetic Surgery Center PA,https://freida.ama-assn.org/institution/459503,,,,"247 Calhoun St, Charleston, SC 29401"
113,450006, Spartanburg Area Mental Health Center,https://freida.ama-assn.org/institution/450006,,,,"250 Dewey Ave, Spartanburg, SC 29303"
114,450162, Spartanburg Regional Healthcare System,https://freida.ama-assn.org/institution/450162,['Edward Via Coll of Osteopathic Med-Carolinas'],"['Univ of South Carolina Sch of Med Columbia', 'West Virginia Sch of Osteopathic Med']",,"101 E Wood St, Spartanburg, SC 29303-3072"
115,458013, Spartanburg Regional Hospital,https://freida.ama-assn.org/institution/458013,,,,"853 N Church St, Spartanburg, SC 29303"
116,458027, Steadman Hawkins Clinic of the Carolinas,https://freida.ama-assn.org/institution/458027,,,,"1650 Skylyn Dr, Spartanburg, SC 29307"
117,459561, Still Hopes,https://freida.ama-assn.org/institution/459561,,,,"1 Still Hopes Dr, West Columbia, SC 29169"
118,458015, Summerville Medical Center,https://freida.ama-assn.org/institution/458015,,,,"295 Midland Pkwy, Summerville, SC 29485"
119,459565, Sumter Family Health Center,https://freida.ama-assn.org/institution/459565,,,,"1278 N Lafayette Dr, Sumter, SC 29150"
120,458032, Sweetgrass Pediatrics LLC,https://freida.ama-assn.org/institution/458032,,,,"2713 Dantzler Dr, North Charleston, SC 29406"
121,450019, Tandem Health,https://freida.ama-assn.org/institution/450019,,,,"1278 N Lafayette Dr, Sumter, SC 29150"
122,450027, Team Health,https://freida.ama-assn.org/institution/450027,,,,"300 Singleton Ridge Rd, Conway, SC 29526"
123,450007, The Carolina Center for Behavioral Health,https://freida.ama-assn.org/institution/450007,,,,"2700 E Phillips Ave, Greer, SC 29650"
124,459519, The Hearth,https://freida.ama-assn.org/institution/459519,,,,"1154 Sunnyside Dr, Columbia, SC 29204"
125,450042, The Village at Summerville,https://freida.ama-assn.org/institution/450042,,,,"201 W 9th N St, Summerville, SC 29483"
126,459563, Three Rivers Midlands (Residential Treatment Facility),https://freida.ama-assn.org/institution/459563,,,,"200 Ermine Rd, West Columbia, SC 29170"
127,459545, Tidelands Community Care Network,https://freida.ama-assn.org/institution/459545,,,,"1101 Highmarket St, Georgetown, SC 29440"
128,458035, Tidelands Georgetown Memorial Hospital,https://freida.ama-assn.org/institution/458035,Med Univ of South Carolina Coll of Med,,,"606 Black River Rd, Georgetown, SC 29440"
129,459527, Tidelands Health,https://freida.ama-assn.org/institution/459527,,,,"606 Black River Rd, Georgetown, SC 29440"
130,459540, Tidelands Health Group,https://freida.ama-assn.org/institution/459540,,,,"4070 Hwy 17, Murrells Inlet, SC 29576"
131,459530, Tidelands Waccamaw Community Hospital,https://freida.ama-assn.org/institution/459530,,,,"4070 Hwy 17 Bypass S, Murrells Inlet, SC 29576"
132,450071, Tri-County Commission on Alcohol and Drug Abuse,https://freida.ama-assn.org/institution/450071,,,,"910 Cook Rd, Orangeburg, SC 29118"
133,459518, Trident Dermatology,https://freida.ama-assn.org/institution/459518,,,,"9295 Medical Plaza Dr, Charleston, SC 29406"
134,458009, Trident Medical Center,https://freida.ama-assn.org/institution/458009,Med Univ of South Carolina Coll of Med,,,"9330 Medical Plaza Dr, Charleston, SC 29406-9195"
135,458001, University of South Carolina School of Medicine,https://freida.ama-assn.org/institution/458001,,,,"6439 Garners Ferry Rd, Columbia, SC 29208"
136,458832, USC Child Development & Research,https://freida.ama-assn.org/institution/458832,,,,"1530 Wheat St, Columbia, SC 29201"
137,458838, USC Counseling & Human Development Center of Student Health Services,https://freida.ama-assn.org/institution/458838,,,,"901 Sumter St, Columbia, SC 29208"
138,458036, Wildewoood Downs Retirement Community,https://freida.ama-assn.org/institution/458036,,,,"7321 Polo Rd, Columbia, SC 29223"
139,450484, William S Hall Psychiatric Institute,https://freida.ama-assn.org/institution/450484,,,,"1800 Colonial Dr, Columbia, SC 29202"
140,459550, Wm Jennings Bryan VA Medical Center/Greenville Outpatient Clinic,https://freida.ama-assn.org/institution/459550,,,,"41 Park Creek Dr, Greenville, SC 29605"
