,AMC_No,AMC_Name,URLS,Affiliation_Major,Affiliation_Limited,Affiliation_Graduate,Medical_Center_Address
0,460125, Avera McKennan Hospital and University Health Center,https://freida.ama-assn.org/institution/460125,['Univ of South Dakota Sanford Sch of Med'],['Kansas City Univ of Med and Biosciences Coll of Osteopathic Med'],,"800 E 21st St, Sioux Falls, SD 57117-5045"
1,469503, Avera Sacred Heart Hospital,https://freida.ama-assn.org/institution/469503,,,,"501 Summit St, Yankton, SD 57078"
2,469504, Avera St Mary's Hospital,https://freida.ama-assn.org/institution/469504,,,,"801 E Sioux Ave, Pierre, SD 57501"
3,468003, Brookings Hospital,https://freida.ama-assn.org/institution/468003,,,,"300 22nd Ave, Brookings, SD 57006"
4,460219, Center for Family Medicine,https://freida.ama-assn.org/institution/460219,,,Univ of South Dakota Sanford Sch of Med,"1115 E 20th St, Sioux Falls, SD 57105"
5,468002, Charter Hospital of Sioux Falls,https://freida.ama-assn.org/institution/468002,,,,"2812 S Louise Ave, Sioux Falls, SD 57106"
6,468008, Children's Home Society,https://freida.ama-assn.org/institution/468008,,Univ of South Dakota Sanford Sch of Med,,"801 N Sycamore Ave, Sioux Falls, SD 57110"
7,469502, Falls Community Health,https://freida.ama-assn.org/institution/469502,,,,"521 N Main Ave, Sioux Falls, SD 57104"
8,468007, North Central Heart Institute,https://freida.ama-assn.org/institution/468007,,,Mayo Clinic Alix Sch of Med,"4520 W 69th St, Sioux Falls, SD 57108"
9,468004, Prairie Lakes Health Care Center,https://freida.ama-assn.org/institution/468004,,,,"400 Tenth Ave NW, Watertown, SD 57201"
10,468005, Rapid City Hospital,https://freida.ama-assn.org/institution/468005,['Univ of South Dakota Sanford Sch of Med'],['Midwestern Univ Arizona Coll of Osteopathic Med'],,"353 Fairmont Blvd, Rapid City, SD 57709"
11,460218, Royal C Johnson Veterans Affairs Medical Center,https://freida.ama-assn.org/institution/460218,Univ of South Dakota Sanford Sch of Med,,,"2501 W 22nd St, Sioux Falls, SD 57117-5046"
12,469505, Sanford Clinic-Pierre,https://freida.ama-assn.org/institution/469505,,,,"521 E Sioux Ave, Pierre, SD 57501"
13,468006, Sanford USD Medical Center Sioux Falls,https://freida.ama-assn.org/institution/468006,['Univ of South Dakota Sanford Sch of Med'],['Kansas City Univ of Med and Biosciences Coll of Osteopathic Med'],['Mayo Clinic Alix Sch of Med'],"1305 W 18th St, Sioux Falls, SD 57117"
14,460212, Sioux Valley Hospital Univ of South Dakota Medical Center,https://freida.ama-assn.org/institution/460212,,,,"1305 W 18th St, Sioux Falls, SD 57117-5039"
15,468001, Southeastern Behavioral Healthcare,https://freida.ama-assn.org/institution/468001,,,,"2000 S Summit Ave, Sioux Falls, SD 57105"
16,469501, University of South Dakota Sanford School of Medicine,https://freida.ama-assn.org/institution/469501,['Univ of South Dakota Sanford Sch of Med'],"['Kansas City Univ of Med and Biosciences Coll of Osteopathic Med', 'Burrell Coll of Osteopathic Med']",['Pacific Northwest Univ of Health Sciences Coll of Osteopathic Med'],"1400 W 22nd St, Sioux Falls, SD 57105-1570"
