,AMC_No,AMC_Name,URLS,Affiliation_Major,Affiliation_Limited,Affiliation_Graduate,Medical_Center_Address
0,479534, AdamsPlace,https://freida.ama-assn.org/institution/479534,,,,"1925 Memorial Blvd, Murfreesboro, TN 37129"
1,478055, Alexian Brothers Health System,https://freida.ama-assn.org/institution/478055,,,,"425 Cumberland St, Chattanooga, TN 37403"
2,478054, Alive Hospice,https://freida.ama-assn.org/institution/478054,,,,"1718 Patterson St, Nashville, TN 37203"
3,478076, Allergy Asthma & Sinus Center,https://freida.ama-assn.org/institution/478076,,,,"801 Weisgarber Rd, Knoxville, TN 37909"
4,470501, Alvin C York Veterans Affairs Medical Center,https://freida.ama-assn.org/institution/470501,['Meharry Med Coll Sch of Med'],"['Univ of Tennessee Health Science Ctr Coll of Med', 'Vanderbilt Univ Sch of Med']",,"3400 Lebanon Rd, Murfreesboro, TN 37139"
5,478020, American Red Cross Blood Services-Tennessee Valley Region,https://freida.ama-assn.org/institution/478020,,,,"2201 Charlotte Ave, Nashville, TN 37202-3917"
6,479566, Appalachian Orthopaedic Associates,https://freida.ama-assn.org/institution/479566,,,,"1 Medical Park Blvd, Bristol, TN 37620"
7,479560, Arthritis Associates of Kingsport,https://freida.ama-assn.org/institution/479560,,,,"3 Sheridan Sq, Kingsport, TN 37660"
8,470163, Ascension St Thomas Hospital Midtown,https://freida.ama-assn.org/institution/470163,['Univ of Tennessee Health Science Ctr Coll of Med'],"['Vanderbilt Univ Sch of Med', 'Meharry Med Coll Sch of Med', 'West Virginia Sch of Osteopathic Med']",,"2000 Church St, Nashville, TN 37236-0001"
9,470262, Ascension St Thomas Hospital West,https://freida.ama-assn.org/institution/470262,['Univ of Tennessee Health Science Ctr Coll of Med'],['Vanderbilt Univ Sch of Med'],,"4220 Harding Rd, Nashville, TN 37205"
10,478035, Ascension St Thomas Rutherford,https://freida.ama-assn.org/institution/478035,['Univ of Tennessee Health Science Ctr Coll of Med'],"['Meharry Med Coll Sch of Med', 'Lincoln Memorial Univ DeBusk Coll of Osteopathic Med']",,"400 N Highland Ave, Murfreesboro, TN 37130-3854"
11,470045, Associated Neurologists,https://freida.ama-assn.org/institution/470045,,,,"8 Sheridan Sq, Kingsport, TN 37660"
12,478073, Athens Regional Medical Center,https://freida.ama-assn.org/institution/478073,,Univ of Tennessee Health Science Ctr Coll of Med,,"1114 W Madison Ave, Athens, TN 37303"
13,479513, Australus Physiotherapy,https://freida.ama-assn.org/institution/479513,,,,"2210 8th Ave S, Nashville, TN 37204"
14,479508, Baptist Memorial Hospital-Collierville,https://freida.ama-assn.org/institution/479508,,Univ of Tennessee Health Science Ctr Coll of Med,,"1500 W Poplar Ave, Collierville, TN 38017"
15,470382, Baptist Memorial Medical Education,https://freida.ama-assn.org/institution/470382,"['Univ of Tennessee Health Science Ctr Coll of Med', 'New York Inst of Technology Coll of Osteopathic Med Arkansas State']",['West Virginia Sch of Osteopathic Med'],,"6019 Walnut Grove Rd, Memphis, TN 38120"
16,470008, Behavioral Health Group-Midtown,https://freida.ama-assn.org/institution/470008,,,,"1734 Madison Ave, Memphis, TN 38104"
17,470007, Behavioral Health Group-North,https://freida.ama-assn.org/institution/470007,,,,"2165 Spicer Cove, Memphis, TN 38134"
18,470025, Bradford Health Services-Germantown,https://freida.ama-assn.org/institution/470025,,,,"8566 Cordes Cir, Germantown, TN 38139"
19,470491, Bristol Regional Medical Center/Ballard Health System,https://freida.ama-assn.org/institution/470491,"['East Tennessee State Univ James H Quillen Coll of Med', 'Edward Via Coll of Osteopathic Med-Virginia']",,,"1 Medical Park Blvd, Bristol, TN 37620"
20,479520, Campbell Clinic & Surgery Center-Germantown,https://freida.ama-assn.org/institution/479520,,,,"1400 S Germantown Rd, Germantown, TN 38138"
21,470401, Campbell Clinics & Surgery Center,https://freida.ama-assn.org/institution/470401,,,Univ of Tennessee Health Science Ctr Coll of Med,"1211 Union Ave, Memphis, TN 38104"
22,470046, Cherokee Health Systems-Knox County-Center City,https://freida.ama-assn.org/institution/470046,,,,"2018 Western Ave, Knoxville, TN 37921"
23,478032, Cherokee Park Youth Center,https://freida.ama-assn.org/institution/478032,,,,"332 Hospital Rd, Mountain City, TN 37683"
24,470313, Children's Hospital at Erlanger,https://freida.ama-assn.org/institution/470313,Univ of Tennessee Health Science Ctr Coll of Med,,,"910 Blackford St, Chattanooga, TN 37403"
25,470049, Choices-Memphis Center for Reproductive Health,https://freida.ama-assn.org/institution/470049,,,,"1203 Poplar Ave, Memphis, TN 38104"
26,479525, Christ Community Health Services,https://freida.ama-assn.org/institution/479525,,,,"2595 Central Ave, Memphis, TN 38104"
27,479526, Christ Community Health Services-University Family Medicine Center,https://freida.ama-assn.org/institution/479526,,,,"1211 Union Ave, Memphis, TN 38104"
28,479571, Church Health,https://freida.ama-assn.org/institution/479571,,,,"1350 Concourse Ave, Memphis, TN 38104"
29,478045, Comprehensive Care Center,https://freida.ama-assn.org/institution/478045,,,,"345 24th Ave N, Nashville, TN 37203"
30,479543, Consolidated Nuclear Security LLC,https://freida.ama-assn.org/institution/479543,,,,"PO Box 2009, Oak Ridge, TN 37831"
31,478060, Cool Springs Surgery Center,https://freida.ama-assn.org/institution/478060,,,,"2009 Mallory Ln, Franklin, TN 37067"
32,470009, Crestwyn Behavioral Health,https://freida.ama-assn.org/institution/470009,,,,"9485 Creatwyn Hills Dr, Memphis, TN 38125"
33,479550, Delta Medical Center,https://freida.ama-assn.org/institution/479550,,,,"3000 Getwell Rd, Memphis, TN 38118"
34,479565, Dermatology Associates of Tri Cities,https://freida.ama-assn.org/institution/479565,,,,"2300 W Stone Dr, Kingsport, TN 37660"
35,479533, Dermatology Associates-Nashville,https://freida.ama-assn.org/institution/479533,,,,"1900 Patterson St, Nashville, TN 37203"
36,479522, Dermatopathology Partners PC,https://freida.ama-assn.org/institution/479522,,,,"139 Fox Rd, Knoxville, TN 37922"
37,478061, Downtown Clinic for the Homeless,https://freida.ama-assn.org/institution/478061,,,,"526 8th Ave S, Nashville, TN 37203"
38,478036, East Tennessee Children's Hospital (Knoxville),https://freida.ama-assn.org/institution/478036,['Lincoln Memorial Univ DeBusk Coll of Osteopathic Med'],['Univ of Tennessee Health Science Ctr Coll of Med'],,"2018 Clinch Ave, Knoxville, TN 37916"
39,470055, East Tennessee Recovery,https://freida.ama-assn.org/institution/470055,,,,"2408 Susannah St, Johnson City, TN 37601"
40,470492, East Tennessee State University/Quillen College of Medicine,https://freida.ama-assn.org/institution/470492,['East Tennessee State Univ James H Quillen Coll of Med'],"['Lincoln Memorial Univ DeBusk Coll of Osteopathic Med', 'West Virginia Sch of Osteopathic Med']",,"PO Box 70694, Johnson City, TN 37614-1704"
41,479531, Elite Sports Medicine and Orthopaedic Center PLC,https://freida.ama-assn.org/institution/479531,,,,"2021 Church St, Nashville, TN 37203"
42,479511, Encompass Health Rehabilitation Hospital of Memphis,https://freida.ama-assn.org/institution/479511,,,,"1282 Union Ave, Memphis, TN 38104"
43,478083, Endocrinology Consultants of East Tennessee,https://freida.ama-assn.org/institution/478083,,,,"1450 Dowell Springs Blvd, Knoxville, TN 37909"
44,470330, Erlanger Health System,https://freida.ama-assn.org/institution/470330,Univ of Tennessee Health Science Ctr Coll of Med,,,"975 E Third St, Chattanooga, TN 37403"
45,478082, Faculty Internal Medicine PLLC,https://freida.ama-assn.org/institution/478082,,,,"11440 Parkside Dr, Knoxville, TN 37934"
46,470047, Fertility Associates of Memphis,https://freida.ama-assn.org/institution/470047,,,,"80 Humphreys Center Dr, Memphis, TN 38120"
47,479515, Fisk University Athletic Department,https://freida.ama-assn.org/institution/479515,,,,"1000 17th Ave N, Nashville, TN 37208"
48,470034, Focus Treatment Center,https://freida.ama-assn.org/institution/470034,,,,"7429 Shallowford Rd, Chattanooga, TN 37421"
49,479516, Franklin Woods Community Hospital,https://freida.ama-assn.org/institution/479516,,,,"300 MedTech Pkwy, Johnson City, TN 37604"
50,470012, Frontier Health,https://freida.ama-assn.org/institution/470012,,,,"PO Box 9054, Gray, TN 37615"
51,478050, Genetics Associates Inc,https://freida.ama-assn.org/institution/478050,,,,"1916 Patterson St, Nashville, TN 37203"
52,479580, HCA Healthcare/TriStar Nashville,https://freida.ama-assn.org/institution/479580,,,,"1000 HealthPark Dr, Brentwood, TN 37027"
53,479581, HCA Healthcare/TriStar Southern Hills Medical Center,https://freida.ama-assn.org/institution/479581,,,,"391 Wallace Rd, Nashville, TN 37211"
54,470075, Health Education Services,https://freida.ama-assn.org/institution/470075,,,,"4000 Meridian Blvd, Franklin, TN 37067"
55,470068, Healthquest,https://freida.ama-assn.org/institution/470068,,,,"8130 Country Village Dr, Cordova, TN 38016"
56,470051, Henry County Medical Center,https://freida.ama-assn.org/institution/470051,,,,"301 Tyson Ave, Paris, TN 38242"
57,470011, High Point Clinic,https://freida.ama-assn.org/institution/470011,,,,"203 High Point Dr, Johnson City, TN 37601"
58,479577, Holston Medical Group Endocrinology at Sapling Grove,https://freida.ama-assn.org/institution/479577,,,,"240 Medical Park Blvd, Bristol, TN 37620"
59,479575, Holston Medical Group Orthopedics,https://freida.ama-assn.org/institution/479575,,,,"105 W Stone Dr, Kingsport, TN 37660"
60,470379, Holston Valley Medical Center/Ballard Health System,https://freida.ama-assn.org/institution/470379,"['East Tennessee State Univ James H Quillen Coll of Med', 'Edward Via Coll of Osteopathic Med-Virginia']",,,"130 W Ravine Rd, Kingsport, TN 37662-0224"
61,479555, Holston Valley Surgery Center LLC,https://freida.ama-assn.org/institution/479555,,,,"103 W Stone Dr, Kingsport, TN 37660"
62,478052, Hospice of Chattanooga,https://freida.ama-assn.org/institution/478052,,,,"4411 Oakwood Dr, Chattanooga, TN 37426"
63,478033, Indian Path Medical Center/Ballard Health System,https://freida.ama-assn.org/institution/478033,['Lincoln Memorial Univ DeBusk Coll of Osteopathic Med'],['Edward Via Coll of Osteopathic Med-Virginia'],,"2300 Pavilion Dr, Kingsport, TN 37660"
64,470480, Jackson-Madison County General Hospital,https://freida.ama-assn.org/institution/470480,['Univ of Tennessee Health Science Ctr Coll of Med'],['Lincoln Memorial Univ DeBusk Coll of Osteopathic Med'],,"708 W Forest Ave, Jackson, TN 38305"
65,470499, Johnson City Medical Center/Ballad Health System,https://freida.ama-assn.org/institution/470499,['East Tennessee State Univ James H Quillen Coll of Med'],['West Virginia Sch of Osteopathic Med'],,"400 N State, Johnson City, TN 37604-6094"
66,478075, Johnson City Specialty Hospital,https://freida.ama-assn.org/institution/478075,,,,"203 E Watauga Ave, Johnson City, TN 37601"
67,479503, Knoxville Dermatopathology Laboratory,https://freida.ama-assn.org/institution/479503,,,,"315 Erin Dr, Knoxville, TN 37919"
68,478022, Knoxville Orthopedic Clinic,https://freida.ama-assn.org/institution/478022,,,,"1128 Weisgarber Rd, Knoxville, TN 37909"
69,479539, Lakeside Behavioral Health System,https://freida.ama-assn.org/institution/479539,,,Univ of Tennessee Health Science Ctr Coll of Med,"2911 Brunswick Rd, Memphis, TN 38133"
70,470186, Le Bonheur Children's Hospital,https://freida.ama-assn.org/institution/470186,Univ of Tennessee Health Science Ctr Coll of Med,,,"50 N Dunlap Ave, Memphis, TN 38103-2893"
71,470016, Loden Vision Centers,https://freida.ama-assn.org/institution/470016,,,,"2501 21st Ave S, Nashville, TN 37212"
72,479530, Mathew Walker Comprehensive Health Center Inc,https://freida.ama-assn.org/institution/479530,,,,"1035 14th Ave N, Nashville, TN 37208"
73,470006, Mays and Schnapp Pain Clinic and Rehabilitation Center,https://freida.ama-assn.org/institution/470006,,,,"55 Humphreys Center, Memphis, TN 38120"
74,479504, Medic Regional Blood Center,https://freida.ama-assn.org/institution/479504,,,,"1601 Ailor Ave, Knoxville, TN 37921"
75,478058, Medicos Para La Familia,https://freida.ama-assn.org/institution/478058,,,,"4536 Nolensville Pike, Nashville, TN 37211"
76,479546, Meharry Family Medicine Center at Skyline,https://freida.ama-assn.org/institution/479546,,,,"3443 Dickerson Pike, Nashville, TN 37207"
77,479545, Meharry Medical Clinic,https://freida.ama-assn.org/institution/479545,,,,"1818 Albion St, Nashville, TN 37208"
78,479501, Meharry Medical College School of Medicine,https://freida.ama-assn.org/institution/479501,,['East Tennessee State Univ James H Quillen Coll of Med'],"['Raymond and Ruth Perelman Sch of Med at the Univ of Pennsylvania', 'Meharry Med Coll Sch of Med']","1005 Dr D B Todd Jr Blvd, Nashville, TN 37208"
79,477001, Memorial Hospital,https://freida.ama-assn.org/institution/477001,,"['Univ of Tennessee Health Science Ctr Coll of Med', 'West Virginia Sch of Osteopathic Med']",,"2525 de Sales Ave, Chattanooga, TN 37404"
80,478068, Memphis City Schools,https://freida.ama-assn.org/institution/478068,,,,"2930 Airways Blvd, Memphis, TN 38116"
81,478069, Memphis Dermatology Clinic,https://freida.ama-assn.org/institution/478069,,,,"1455 Union Ave, Memphis, TN 38104"
82,470155, Memphis Mental Health Institute,https://freida.ama-assn.org/institution/470155,,Univ of Tennessee Health Science Ctr Coll of Med,,"865 Poplar Ave, Memphis, TN 39174"
83,470050, Memphis Obstetrics and Gynecological Association PC,https://freida.ama-assn.org/institution/470050,,,,"6215 Humphreys Blvd, Memphis, TN 38120"
84,478062, Mental Health Cooperative Inc,https://freida.ama-assn.org/institution/478062,,,,"275 Cumberland Bend Dr, Nashville, TN 37228"
85,470106, Methodist Alliance Hospice,https://freida.ama-assn.org/institution/470106,,,,"6423 Shelby View Dr, Memphis, TN 38134"
86,470113, Methodist Healthcare-Memphis Hospitals,https://freida.ama-assn.org/institution/470113,Univ of Tennessee Health Science Ctr Coll of Med,,,"1265 Union Ave, Memphis, TN 38104"
87,470105, Methodist Hospice Residence,https://freida.ama-assn.org/institution/470105,,,,"6416 Quince Rd, Memphis, TN 38119"
88,478030, Methodist Medical Center of Oak Ridge,https://freida.ama-assn.org/institution/478030,,Univ of Tennessee Health Science Ctr Coll of Med,,"990 Oak Ridge Turnpike, Oak Ridge, TN 37831-2529"
89,479528, Methodist South Hospital,https://freida.ama-assn.org/institution/479528,,,,"1300 Wesley Dr, Memphis, TN 38116"
90,470502, Middle Tennessee Mental Health Institute,https://freida.ama-assn.org/institution/470502,['Meharry Med Coll Sch of Med'],['Vanderbilt Univ Sch of Med'],,"221 Stewarts Ferry Pike, Nashville, TN 37214"
91,478085, Middle Tennessee Occupational and Environmental Medicine,https://freida.ama-assn.org/institution/478085,,,,"936 Murfreesboro Rd, Lebanon, TN 37090"
92,479505, Molecular Pathology Laboratory Network Inc,https://freida.ama-assn.org/institution/479505,,,,"250 E Broadway, Maryville, TN 37804"
93,478037, Monroe Carell Jr Children's Hospital at Vanderbilt,https://freida.ama-assn.org/institution/478037,Vanderbilt Univ Sch of Med,,,"2200 Children's Way, Nashville, TN 37232"
94,478044, Morristown-Hamblen Healthcare System,https://freida.ama-assn.org/institution/478044,,Univ of Tennessee Health Science Ctr Coll of Med,,"908 W Fourth St N, Morristown, TN 37814"
95,519602, Mountain Empire Neurological Associates,https://freida.ama-assn.org/institution/519602,,,,"3183 W State St, Bristol, TN 37620"
96,479554, Mountain Empire Surgery Center,https://freida.ama-assn.org/institution/479554,,,,"601 Med Tech Pkwy, Johnson City, TN 37604"
97,470107, Nashville Fertility Center,https://freida.ama-assn.org/institution/470107,,,,"345 23rd Ave, Nashville, TN 37203"
98,478063, Nashville Fire/EMS,https://freida.ama-assn.org/institution/478063,,,,"1417 Murfreesboro Pike, Nashville, TN 37217"
99,470408, Nashville General Hospital at Meharry,https://freida.ama-assn.org/institution/470408,['Meharry Med Coll Sch of Med'],['Vanderbilt Univ Sch of Med'],,"1818 Albion St, Nashville, TN 37208"
100,478064, Nashville Surgery Center (Tennessee),https://freida.ama-assn.org/institution/478064,,,,"1717 Patterson St, Nashville, TN 37203"
101,478077, NHC Healthcare (Fort Sanders),https://freida.ama-assn.org/institution/478077,Lincoln Memorial Univ DeBusk Coll of Osteopathic Med,,,"2120 Highland Ave, Knoxville, TN 37916"
102,478056, NHC Parkwood Nursing Home,https://freida.ama-assn.org/institution/478056,,,,"2700 Parkwood Ave, Chattanooga, TN 37404"
103,479578, Niswonger Children's Hospital,https://freida.ama-assn.org/institution/479578,,,,"400 N State of Franklin Rd, Johnson City, TN 37604"
104,470021, Oak Ridge National Laboratory,https://freida.ama-assn.org/institution/470021,,,,"1 Bethel Valley Rd, Oak Ridge, TN 37830"
105,478042, Oak Street Health-Overton Park,https://freida.ama-assn.org/institution/478042,,,,"2714 Union Ave, Memphis, TN 38112"
106,478029, Office of the Chief Medical Examiner (Tennessee),https://freida.ama-assn.org/institution/478029,,,"['Vanderbilt Univ Sch of Med', 'Meharry Med Coll Sch of Med']","850 R S Gass Blvd, Nashville, TN 37216"
107,470004, OrthoSouth Memphis-Briarcrest,https://freida.ama-assn.org/institution/470004,,,,"6286 Briarcrest Ave, Memphis, TN 38120"
108,470010, Overmountain Recovery Center,https://freida.ama-assn.org/institution/470010,,,,"203 Gray Commons Cir, Johnson City, TN 37615"
109,478038, Parkridge Medical Center,https://freida.ama-assn.org/institution/478038,,Univ of Tennessee Health Science Ctr Coll of Med,,"2333 McCallie Ave, Chattanooga, TN 37404"
110,479509, Premier Orthopaedics & Sports Medicine PLC,https://freida.ama-assn.org/institution/479509,,,,"2400 Patterson St, Nashville, TN 37203"
111,478021, Psychiatric Hospital at Vanderbilt,https://freida.ama-assn.org/institution/478021,Vanderbilt Univ Sch of Med,,,"1601 23rd Ave S, Nashville, TN 37212"
112,479552, Regional Forensic Center,https://freida.ama-assn.org/institution/479552,,,,"2761 Sullins St SW, Knoxville, TN 37919"
113,478089, Regional Hospital of Jackson,https://freida.ama-assn.org/institution/478089,,,,"367 Hospital Blvd, Jackson, TN 38305"
114,470033, Regional Obstetrics Consultants,https://freida.ama-assn.org/institution/470033,,,,"902 McCallie Ave, Chattanooga, TN 37403"
115,470241, Regional One Medical Center at Memphis,https://freida.ama-assn.org/institution/470241,Univ of Tennessee Health Science Ctr Coll of Med,,,"877 Jefferson Ave, Memphis, TN 38103-9999"
116,479547, Resurrection Health,https://freida.ama-assn.org/institution/479547,,,,"3960 Knight Arnold Rd, Memphis, TN 38118"
117,478084, School of Graduate Studies and Research,https://freida.ama-assn.org/institution/478084,,,,"1005 Dr D B Todd Jr Blvd, Nashville, TN 37208"
118,478057, Semmes-Murphey Neurologic and Spine Institute,https://freida.ama-assn.org/institution/478057,,,Univ of Tennessee Health Science Ctr Coll of Med,"6325 Humphreys Blvd, Memphis, TN 38120"
119,479502, Siskin Children's Institute,https://freida.ama-assn.org/institution/479502,,,,"1101 Carter St, Chattanooga, TN 37402"
120,478025, Siskin Hospital for Physical Rehabilitation,https://freida.ama-assn.org/institution/478025,,,,"One Siskin Plaza, Chattanooga, TN 37403"
121,479524, SkyRidge Medical Center (Community Health Systems),https://freida.ama-assn.org/institution/479524,,,,"2305 Chambliss Ave, Cleveland, TN 37311"
122,478027, Southern Sports Medicine and Orthopaedic Center,https://freida.ama-assn.org/institution/478027,,,,"2021 Church St, Nashville, TN 37203"
123,479517, Southern Tennessee Medical Center,https://freida.ama-assn.org/institution/479517,,,,"185 Hospital Rd, Winchester, TN 37398"
124,470015, Spence and Becky Wilson Baptist Children's Hospital,https://freida.ama-assn.org/institution/470015,,,,"6225 Humphreys Blvd, Memphis, TN 38120"
125,478086, Sports Medicine Center,https://freida.ama-assn.org/institution/478086,,,,"1642 Westgate Circle, Brentwood, TN 37027"
126,478040, Sports Orthopedics and Spine Educational Foundation,https://freida.ama-assn.org/institution/478040,,,,"569 Skyline Dr, Jackson, TN 38301"
127,470478, St Francis Hospital,https://freida.ama-assn.org/institution/470478,Univ of Tennessee Health Science Ctr Coll of Med,,,"5959 Park Ave, Memphis, TN 38187"
128,470482, St Jude Children's Research Hospital,https://freida.ama-assn.org/institution/470482,['Univ of Tennessee Health Science Ctr Coll of Med'],"['Loyola Univ Chicago Stritch Sch of Med', 'West Virginia Sch of Osteopathic Med']",['Mayo Clinic Alix Sch of Med'],"262 Danny Thomas Pl, Memphis, TN 38105"
129,470104, St Mary's Health System,https://freida.ama-assn.org/institution/470104,,,,"900 E Oak Hill Ave, Knoxville, TN 37917"
130,470037, St Thomas Medical Partners-Nashville,https://freida.ama-assn.org/institution/470037,,,,"300 20th Ave N, Nashville, TN 37203"
131,470044, State of Franklin Healthcare Associates,https://freida.ama-assn.org/institution/470044,,,,"301 Med Tech Pkwy, Johnson City, TN 37604"
132,479561, Sullivan Digestive Center,https://freida.ama-assn.org/institution/479561,,,,"2204 Pavilion Dr, Kingsport, TN 37660"
133,478078, Summit Medical Group of Oak Ridge,https://freida.ama-assn.org/institution/478078,,,,"801 Oak Ridge Turnpike, Oak Ridge, TN 37830"
134,478065, Sumner Regional Medical Center,https://freida.ama-assn.org/institution/478065,,,,"555 Hartsville Pike, Gallatin, TN 37066"
135,470060, Tanenbaum Dermatology Center,https://freida.ama-assn.org/institution/470060,,,,"760 E Brookhaven Cir, Memphis, TN 38117"
136,478039, Tennessee Department of Health,https://freida.ama-assn.org/institution/478039,,,,"425 Fifth Ave N, Nashville, TN 37243"
137,479562, Tennessee Fertility Institute,https://freida.ama-assn.org/institution/479562,,,,"9160 Carothers Pkwy, Franklin, TN 37067"
138,479557, Tennessee Health Management Inc-Behavioral Health Center,https://freida.ama-assn.org/institution/479557,,,,"1505 N Second St, Memphis, TN 38107"
139,478088, Tennessee Occupational Safety and Health Administration,https://freida.ama-assn.org/institution/478088,,,,"220 French Landing Dr, Nashville, TN 37243"
140,479510, Tennessee Orthopaedic Alliance,https://freida.ama-assn.org/institution/479510,,,,"3443 Dickerson Pike, Nashville, TN 37201"
141,479538, Tennessee Orthopaedic Clinics,https://freida.ama-assn.org/institution/479538,,,,"1819 W Clinch Ave, Knoxville, TN 37916"
142,479506, Tennessee Regional Laboratory,https://freida.ama-assn.org/institution/479506,,,,"1522 Cherokee Trail, Knoxville, TN 37920"
143,479514, Tennessee State University Department of Human Performance/Sport Science,https://freida.ama-assn.org/institution/479514,,,,"3500 John A Merritt Blvd, Nashville, TN 37209"
144,479536, Tennessee State Veterans' Home Board,https://freida.ama-assn.org/institution/479536,,,,"345 Compton Rd, Murfreesboro, TN 37130"
145,479532, Tennessee Valley Health System,https://freida.ama-assn.org/institution/479532,,,,"1310 24th Ave S, Nashville, TN 37212"
146,478079, Tennessee Valley Medical Group,https://freida.ama-assn.org/institution/478079,,,,"120 Hospital Dr, Jeferson City, TN 37760"
147,470001, Total Health Medical and Dental Care,https://freida.ama-assn.org/institution/470001,,,,"5352 Hickory Hollow Pkwy, Antioch, TN 37013"
148,478066, Trevecca Health and Rehabilitation Center,https://freida.ama-assn.org/institution/478066,,,,"329 Murfreesboro Pike, Nashville, TN 37210"
149,479567, TriCities Gastroenterology,https://freida.ama-assn.org/institution/479567,,,,"10461 Wallace Alley St, Kingsport, TN 37663"
150,478028, TriStar Centennial Medical Center,https://freida.ama-assn.org/institution/478028,Meharry Med Coll Sch of Med,,,"2300 Patterson St, Nashville, TN 37203"
151,479582, TriStar Hendersonville Medical Center,https://freida.ama-assn.org/institution/479582,,,,"355 New Shackle Island Rd, Hendersonville, TN 37075"
152,470035, TriStar Skyline Madison Campus,https://freida.ama-assn.org/institution/470035,,,,"500 Hospital Dr, Madison, TN 37115"
153,479540, TriStar Skyline Medical Center,https://freida.ama-assn.org/institution/479540,,,,"3441 Dickerson Pike, Nashville, TN 37207"
154,470036, TriStar StoneCrest Medical Center,https://freida.ama-assn.org/institution/470036,,,,"200 StoneCrest Blvd, Smyrna, TN 37167"
155,479583, TriStar Summit Medical Center,https://freida.ama-assn.org/institution/479583,,,,"5655 First Blvd, Hermitage, TN 37076"
156,479537, United Neighborhood Health Services Inc,https://freida.ama-assn.org/institution/479537,,,,"711 Main St, Nashville, TN 37206"
157,470474, University of Tennessee College of Medicine,https://freida.ama-assn.org/institution/470474,['Univ of Tennessee Health Science Ctr Coll of Med'],['West Virginia Sch of Osteopathic Med'],['Pacific Northwest Univ of Health Sciences Coll of Osteopathic Med'],"910 Madison Ave, Memphis, TN 38163"
158,470490, University of Tennessee College of Medicine-Chattanooga,https://freida.ama-assn.org/institution/470490,['Univ of Tennessee Health Science Ctr Coll of Med'],['Lincoln Memorial Univ DeBusk Coll of Osteopathic Med'],,"960 E Third St, Chattanooga, TN 37403"
159,470448, University of Tennessee Graduate School of Medicine,https://freida.ama-assn.org/institution/470448,['Univ of Tennessee Health Science Ctr Coll of Med'],,['Pacific Northwest Univ of Health Sciences Coll of Osteopathic Med'],"1924 Alcoa Hwy, Knoxville, TN 37920-6999"
160,470269, University of Tennessee Medical Center,https://freida.ama-assn.org/institution/470269,,"['Midwestern Univ Arizona Coll of Osteopathic Med', 'Burrell Coll of Osteopathic Med', 'Lincoln Memorial Univ DeBusk Coll of Osteopathic Med']",,"1924 Alcoa Hwy, Memphis, TN 37920"
161,478023, University of Tennessee Memorial Hospital,https://freida.ama-assn.org/institution/478023,['Univ of Tennessee Health Science Ctr Coll of Med'],['Lincoln Memorial Univ DeBusk Coll of Osteopathic Med'],,"1924 Alcoa Hwy, Knoxville, TN 37920-6999"
162,478051, University of Tennessee Student Health Services Clinic,https://freida.ama-assn.org/institution/478051,,,,"1818 Andy Holt Dr, Knoxville, TN 37996-2800"
163,479521, University of Tennessee-St Francis Family Practice Center,https://freida.ama-assn.org/institution/479521,,,,"1301 Primacy Pkwy, Memphis, TN 38119"
164,479527, Vanderbilt Dermatology/Vanderbilt Health-One Hundred Oaks,https://freida.ama-assn.org/institution/479527,,,,"719 Thompson Ln, Nashville, TN 37204"
165,478046, Vanderbilt Stallworth Rehabilitation Hospital,https://freida.ama-assn.org/institution/478046,,"['Vanderbilt Univ Sch of Med', 'Midwestern Univ Arizona Coll of Osteopathic Med']",,"2201 Childrens Way, Nashville, TN 37212-3165"
166,470467, Vanderbilt University Medical Center,https://freida.ama-assn.org/institution/470467,"['Vanderbilt Univ Sch of Med', 'Meharry Med Coll Sch of Med']","['Midwestern Univ Arizona Coll of Osteopathic Med', 'Univ of California Davis Sch of Med', 'Univ of Kentucky Coll of Med', 'Univ of Tennessee Health Science Ctr Coll of Med', 'East Tennessee State Univ James H Quillen Coll of Med', 'Lincoln Memorial Univ DeBusk Coll of Osteopathic Med']",['Mayo Clinic Alix Sch of Med'],"1161 21st Ave S, Nashville, TN 37232-2104"
167,470280, Veterans Affairs Medical Center (Memphis),https://freida.ama-assn.org/institution/470280,Univ of Tennessee Health Science Ctr Coll of Med,,,"1030 Jefferson Ave, Memphis, TN 38104"
168,470498, Veterans Affairs Medical Center (Mountain Home),https://freida.ama-assn.org/institution/470498,East Tennessee State Univ James H Quillen Coll of Med,,,"Lamont & Veterans Way, Mountain Home, TN 37684"
169,470461, Veterans Affairs Medical Center (Nashville),https://freida.ama-assn.org/institution/470461,Vanderbilt Univ Sch of Med,,,"1310 24th Ave S, Nashville, TN 37212-2637"
170,479568, Watauga Orthopaedics,https://freida.ama-assn.org/institution/479568,,,,"875 Larry Neil Way, Kingsport, TN 37660"
171,479573, Wellmont CVA Heart Institute,https://freida.ama-assn.org/institution/479573,,,,"2050 Meadowview Pkwy, Kingsport, TN 37660"
172,479564, Wellmont Medical Associates,https://freida.ama-assn.org/institution/479564,,,,"109 Meadow View Rd, Bristol, TN 37620"
173,479519, West Clinic,https://freida.ama-assn.org/institution/479519,,,,"100 N Humphreys Blvd, Memphis, TN 38120"
174,478048, West Tennessee Regional Forensic Center,https://freida.ama-assn.org/institution/478048,,Univ of Tennessee Health Science Ctr Coll of Med,,"1060 Madison Ave, Memphis, TN 38104"
175,470090, Westmoreland Care and Rehabilitation Center,https://freida.ama-assn.org/institution/470090,,,,"1559 New Highway 52 E, Westmoreland, TN 37186"
176,479559, Williamson Medical Center,https://freida.ama-assn.org/institution/479559,,Univ of Tennessee Health Science Ctr Coll of Med,,"4321 Carothers Pkwy, Franklin, TN 37067"
177,478016, Willie D Miller Eye Center,https://freida.ama-assn.org/institution/478016,,,,"975 E Third St, Chattanooga, TN 37403"
178,470493, Woodridge Hospital/Mountain States Health Alliance,https://freida.ama-assn.org/institution/470493,East Tennessee State Univ James H Quillen Coll of Med,,,"403 State of Franklin Rd, Johnson City, TN 37604"
