,AMC_No,AMC_Name,URLS,Affiliation_Major,Affiliation_Limited,Affiliation_Graduate,Medical_Center_Address
0,499508, 75th Medical Group,https://freida.ama-assn.org/institution/499508,,,,"7321 Balmer Ave, Hills AFB, UT 84056"
1,490002, ARUP Laboratories,https://freida.ama-assn.org/institution/490002,,,,"500 Chipeta Way, Salt Lake City, UT 84108"
2,498016, Associated Regional and University Pathologists,https://freida.ama-assn.org/institution/498016,,,,"500 Chipeta Way, Salt Lake City, UT 84108"
3,499533, Blanding Family Practice,https://freida.ama-assn.org/institution/499533,,,,"802 S 200 W, Blanding, UT 84511"
4,499502, Brookdale Salt Lake City,https://freida.ama-assn.org/institution/499502,,,,"76 S 500 E, Salt Lake City, UT 84102"
5,498027, Central Utah Clinic,https://freida.ama-assn.org/institution/498027,,Midwestern Univ Arizona Coll of Osteopathic Med,,"1055 N 500 W, Provo, UT 84604"
6,490448, Children's Center,https://freida.ama-assn.org/institution/490448,,,,"1855 Medical Circle, Salt Lake City, UT 84112"
7,499511, Community Nursing Services,https://freida.ama-assn.org/institution/499511,,,,"2830 S Redwood Rd, West Valley City, UT 84119"
8,498023, Cottonwood Hospital,https://freida.ama-assn.org/institution/498023,,,,"5770 S 250 E, Murray, UT 84124"
9,498024, Craniofacial Foundation of Utah,https://freida.ama-assn.org/institution/498024,,,,"5089 S 900 E, Salt Lake City, UT 84117"
10,499516, Davis Behavioral Health,https://freida.ama-assn.org/institution/499516,,,,"934 S Main St, Layton, UT 84041"
11,499504, Davis Hospital and Medical Center,https://freida.ama-assn.org/institution/499504,,,,"1600 W Antelope Dr, Layton, UT 84041"
12,499503, HCA Healthcare/St Mark's Hospital,https://freida.ama-assn.org/institution/499503,Rocky Vista Coll of Osteopathic Med-Southern Utah,,,"1250 E 3900 S, Salt Lake City, UT 84124"
13,490001, Heber Valley Hospital,https://freida.ama-assn.org/institution/490001,,,,"1485 S Highway 40, Heber City, UT 84032"
14,490011, Huntsman Cancer Institute and Hospital,https://freida.ama-assn.org/institution/490011,Spencer Fox Eccles Sch of Med at the Univ of Utah,,,"2000 Circle of Hope Dr, Salt Lake City, UT 84112"
15,498025, Intermountain Medical Center,https://freida.ama-assn.org/institution/498025,,['Kansas City Univ of Med and Biosciences Coll of Osteopathic Med'],['Spencer Fox Eccles Sch of Med at the Univ of Utah'],"5121 S Cottonwood St, Murray, UT 84107"
16,499524, Jordan School District-Psychologist Department,https://freida.ama-assn.org/institution/499524,,West Virginia Sch of Osteopathic Med,,"7905 S Redwood Rd, West Jordan, UT 84088"
17,499520, Lakeview Medical Center,https://freida.ama-assn.org/institution/499520,,Pacific Northwest Univ of Health Sciences Coll of Osteopathic Med,,"630 Medical Dr, Bountiful, UT 84010"
18,490340, LDS Hospital,https://freida.ama-assn.org/institution/490340,,,Spencer Fox Eccles Sch of Med at the Univ of Utah,"8th Ave & C St, Salt Lake City, UT 84143-1001"
19,490304, McKay-Dee Hospital Center,https://freida.ama-assn.org/institution/490304,,"['Midwestern Univ Arizona Coll of Osteopathic Med', 'Kansas City Univ of Med and Biosciences Coll of Osteopathic Med']",,"4403 Harrison Blvd, Ogden, UT 84403"
20,490003, Mountain West Ambulance,https://freida.ama-assn.org/institution/490003,,,,"2055 N Main St, Tooele, UT 84074"
21,498022, Odyssey House,https://freida.ama-assn.org/institution/498022,,,,"344 E 100 S, Salt Lake City, UT 84111"
22,498026, Office of the Medical Examiner,https://freida.ama-assn.org/institution/498026,,,,"48 N Mario Capecchi Dr, Salt Lake City, UT 84113"
23,499519, Ogden Regional Medical Center,https://freida.ama-assn.org/institution/499519,,,,"5475 S 500 E, Ogden, UT 84405"
24,498017, Paracelsus Healthcare Corporation,https://freida.ama-assn.org/institution/498017,,,,"35 W Broadway, Salt Lake City, UT 84101"
25,498018, PHC Regional Hospital and Medical Center,https://freida.ama-assn.org/institution/498018,,,,"2490 S State, Salt Lake City, UT 84115"
26,490017, Planned Parenthood Association of Utah,https://freida.ama-assn.org/institution/490017,,,,"654 S 900 E, Salt Lake City, UT 84102"
27,490151, Primary Children's Hospital,https://freida.ama-assn.org/institution/490151,['Spencer Fox Eccles Sch of Med at the Univ of Utah'],['Univ of Missouri-Columbia Sch of Med'],,"100 N Mario Capecchi Dr, Salt Lake City, UT 84113"
28,499523, Recovery Ways,https://freida.ama-assn.org/institution/499523,,,,"385 W 4800 S, Murray, UT 84123"
29,499506, Riverton Hospital,https://freida.ama-assn.org/institution/499506,,,,"3741 W 12600 S, Riverton, UT 84065"
30,499536, Rocky Mountain Dermatology,https://freida.ama-assn.org/institution/499536,,,,"1760 N 200 E, North Logan, UT 84341"
31,490004, Salt Lake City Fire Department,https://freida.ama-assn.org/institution/490004,,,,"475 S 300 E, Salt Lake City, UT 84111"
32,490297, Salt Lake Regional Medical Center,https://freida.ama-assn.org/institution/490297,,['Kansas City Univ of Med and Biosciences Coll of Osteopathic Med'],['Spencer Fox Eccles Sch of Med at the Univ of Utah'],"1050 E South Temple, Salt Lake City, UT 84102"
33,490331, Shriners Hospitals for Children-Salt Lake City,https://freida.ama-assn.org/institution/490331,,,"['Univ of Arizona Coll of Med-Tucson', 'Spencer Fox Eccles Sch of Med at the Univ of Utah']","1275 E Fairfax Rd, Salt Lake City, UT 84103"
34,490441, St Mark's Hospital,https://freida.ama-assn.org/institution/490441,,Midwestern Univ Arizona Coll of Osteopathic Med,,"3900 S 12000 E, Salt Lake City, UT 84124"
35,490445, State of Utah Department of Health,https://freida.ama-assn.org/institution/490445,,,,"288 N 1460 W, Salt Lake City, UT 84116"
36,490008, Sugar House Health Center,https://freida.ama-assn.org/institution/490008,,,,"1280 E Stringham Ave, Salt Lake City, UT 84106"
37,499539, University of Utah Community Clinics/Madsen Clinic and Suger House Clinic,https://freida.ama-assn.org/institution/499539,,,,"555 S Foothill Blvd, Salt Lake City, UT 84112"
38,498015, University of Utah Counseling Center,https://freida.ama-assn.org/institution/498015,,,,"100 Presidents Circle, Salt Lake City, UT 84112"
39,499517, University of Utah Farmington Healthcare,https://freida.ama-assn.org/institution/499517,,,,"165 N University Ave, Farmington, UT 84025"
40,490247, University of Utah Health,https://freida.ama-assn.org/institution/490247,['Spencer Fox Eccles Sch of Med at the Univ of Utah'],"['Midwestern Univ Arizona Coll of Osteopathic Med', 'Univ of California Davis Sch of Med', 'West Virginia Sch of Osteopathic Med']",,"50 N Medical Dr, Salt Lake City, UT 84132"
41,499505, University of Utah Health Care South Jordan Health Center,https://freida.ama-assn.org/institution/499505,,,,"5126 Daybreak Pkwy, South Jordan, UT 84095"
42,498014, University of Utah Neuropsychiatric Institute,https://freida.ama-assn.org/institution/498014,Spencer Fox Eccles Sch of Med at the Univ of Utah,,,"501 Chipeta Way, Salt Lake City, UT 84108"
43,499518, University of Utah Pediatric Department,https://freida.ama-assn.org/institution/499518,,,,"295 Chipeta Way, Salt Lake City, UT 48108"
44,499501, University of Utah School of Medicine,https://freida.ama-assn.org/institution/499501,,,,"50 N Medical Dr, Salt Lake City, UT 84132"
45,498021, Utah HealthCare Institute/St Mark's,https://freida.ama-assn.org/institution/498021,,,,"1250 E 3900 S, Salt Lake City, UT 84124"
46,490443, Utah State Hospital,https://freida.ama-assn.org/institution/490443,,,,"1300 E Center St, Provo, UT 84603"
47,499507, Utah State Veterans Nursing Home,https://freida.ama-assn.org/institution/499507,,,,"700 Foothill Dr, Salt Lake City, UT 84113"
48,498019, Utah Valley Hospital,https://freida.ama-assn.org/institution/498019,,"['Midwestern Univ Arizona Coll of Osteopathic Med', 'Kansas City Univ of Med and Biosciences Coll of Osteopathic Med']",['Pacific Northwest Univ of Health Sciences Coll of Osteopathic Med'],"1034 N 500 W, Provo, UT 84604-3337"
49,490140, Valley Mental Health,https://freida.ama-assn.org/institution/490140,,,,"5965 S 900 E, Murray, UT 84121"
50,490251, Veterans Affairs Medical Center (Salt Lake City),https://freida.ama-assn.org/institution/490251,,,Spencer Fox Eccles Sch of Med at the Univ of Utah,"500 Foothill Dr, Salt Lake City, UT 84148-0001"
