,AMC_No,AMC_Name,URLS,Affiliation_Major,Affiliation_Limited,Affiliation_Graduate,Medical_Center_Address
0,507017, Bayada Hospice Upper Valley of VT/NH,https://freida.ama-assn.org/institution/507017,,,Geisel Sch of Med at Dartmouth,"316 S Main St, Norwich, VT 05055"
1,507002, Brattleboro Retreat,https://freida.ama-assn.org/institution/507002,,,,"75 Linden St, Brattleboro, VT 05301"
2,507005, Central Vermont Medical Center,https://freida.ama-assn.org/institution/507005,,"['Robert Larner MD Coll of Med at the Univ of Vermont', 'West Virginia Sch of Osteopathic Med']",,"130 Fisher Rd, Berlin, VT 05602"
3,507009, Child Development Clinic,https://freida.ama-assn.org/institution/507009,,,,"108 Cherry St, Burlington, VT 05401"
4,500485, Fanny Allen Hospital,https://freida.ama-assn.org/institution/500485,,,,"101 College Pkwy, Colchester, VT 05446-3035"
5,507010, Howard Center,https://freida.ama-assn.org/institution/507010,,Robert Larner MD Coll of Med at the Univ of Vermont,,"1138 Pine St, Burlington, VT 05401"
6,507011, Northeastern Family Institute,https://freida.ama-assn.org/institution/507011,,,,"100 Allen Rd, South Burlington, VT 05403"
7,507016, Planned Parenthood of Northern New England,https://freida.ama-assn.org/institution/507016,,,Geisel Sch of Med at Dartmouth,"128 Lakeside Ave, Burlington, VT 05401"
8,500002, Porter Medical Center,https://freida.ama-assn.org/institution/500002,,,,"115 Porter Dr, Middlebury, VT 05753"
9,507007, Spectrum Youth and Family Services,https://freida.ama-assn.org/institution/507007,,,,"177 Pearl St, Burlington, VT 05401"
10,507008, Stern Center for Language and Learning,https://freida.ama-assn.org/institution/507008,,,,"135 Allen Brook Ln, Williston, VT 05495"
11,500480, University of Vermont Medical Center,https://freida.ama-assn.org/institution/500480,['Robert Larner MD Coll of Med at the Univ of Vermont'],"['Univ of New England Coll of Osteopathic Med', 'Kansas City Univ of Med and Biosciences Coll of Osteopathic Med', 'West Virginia Sch of Osteopathic Med']",['Geisel Sch of Med at Dartmouth'],"111 Colchester Ave, Burlington, VT 05401"
12,500003, UVM Health Network Home Health & Hospice,https://freida.ama-assn.org/institution/500003,,,,"1110 Prim Rd, Colchester, VT 05446"
13,507012, Valley Vista,https://freida.ama-assn.org/institution/507012,,,Geisel Sch of Med at Dartmouth,"23 Upper Plain, Bradford, VT 05033"
14,507006, Vermont Department of Health,https://freida.ama-assn.org/institution/507006,,,,"108 Cherry St, Burlington, VT 05402"
15,500249, Veterans Affairs Medical Center (White River Junction),https://freida.ama-assn.org/institution/500249,Geisel Sch of Med at Dartmouth,,,"163 Veterans Dr, White River Junction, VT 05009"
16,507003, VNA Visiting Nurse and Hospice of Vermont and New Hampshire,https://freida.ama-assn.org/institution/507003,,,Geisel Sch of Med at Dartmouth,"331 Olcott Dr, White River Junction, VT 05001"
