,AMC_No,AMC_Name,URLS,Affiliation_Major,Affiliation_Limited,Affiliation_Graduate,Medical_Center_Address
0,518066, 1st Medical Group,https://freida.ama-assn.org/institution/518066,,,,"45 Pine St, Langley AFB, VA 23665"
1,510024, Addiction Recovery System,https://freida.ama-assn.org/institution/510024,,Univ of Virginia Sch of Med,,"103 S Pantops Dr, Charlottesville, VA 22911"
2,519541, Advanced Orthopaedic Center,https://freida.ama-assn.org/institution/519541,,,,"7858 Shrader Rd, Richmond, VA 23294"
3,519513, Air Force Medical Support Agency,https://freida.ama-assn.org/institution/519513,,,,"1500 Wilson Blvd, Arlington, VA 22209"
4,519607, Alexandria Health Department,https://freida.ama-assn.org/institution/519607,,,,"4480 King St, Alexandria, VA 22302"
5,510412, Alexandria Hospital,https://freida.ama-assn.org/institution/510412,,,,"4320 Seminary Rd, Alexandria, VA 22304"
6,518119, American Institute of Radiologic Pathology,https://freida.ama-assn.org/institution/518119,,,Geisel Sch of Med at Dartmouth,"1891 Preston White Dr, Reston, VA 20191"
7,519514, American Red Cross Blood Services-Mid Atlantic Region,https://freida.ama-assn.org/institution/519514,,,Univ of Virginia Sch of Med,"611 W Brambleton Ave, Norfolk, VA 23510"
8,518037, Augusta Health Care Inc,https://freida.ama-assn.org/institution/518037,,"['Edward Via Coll of Osteopathic Med-Virginia', 'West Virginia Sch of Osteopathic Med']",['Univ of Virginia Sch of Med'],"96 Medical Center Dr, Fishersville, VA 22939"
9,518076, Berger Goldrich Home at Beth Sholom Village,https://freida.ama-assn.org/institution/518076,,,Eastern Virginia Med Sch,"6401 Auburn Dr, Virginia Beach, VA 23464"
10,518001, Blackstone Family Practice Center,https://freida.ama-assn.org/institution/518001,,,,"920 S Main St, Blackstone, VA 23824"
11,510004, Blue Ridge Associates in Neurology,https://freida.ama-assn.org/institution/510004,,,,"125 Akers Farm Rd NW, Christiansburg, VA 24073"
12,518057, Blue Ridge Behavioral Healthcare,https://freida.ama-assn.org/institution/518057,,,,"301 Elm Ave SW, Roanoke, VA 24016"
13,519539, Blue Ridge Behavioral Healthcare-Burrell Center,https://freida.ama-assn.org/institution/519539,,,,"611 McDowell Ave, Roanoke, VA 24016"
14,519538, Blue Ridge Behavioral Healthcare-Hollins Road Recovery Center,https://freida.ama-assn.org/institution/519538,,,,"3003 A Hollins Rd NE, Roanoke, VA 24012"
15,518041, Blue Ridge Poison Control Center,https://freida.ama-assn.org/institution/518041,,,,"Box 800774, Charlottesville, VA 22908-0774"
16,519591, Blue Ridge Surgery Center,https://freida.ama-assn.org/institution/519591,,,,"1802 Braeburn Dr, Salem, VA 24153"
17,519508, Bon Secours Blackstone Family Practice Center,https://freida.ama-assn.org/institution/519508,,,,"213 N Main St, Blackstone, VA 23824"
18,518039, Bon Secours Memorial Regional Medical Center,https://freida.ama-assn.org/institution/518039,,,,"8260 Atlee Rd, Mechanicsville, VA 23116"
19,518048, Bon Secours Richmond Community Hospital,https://freida.ama-assn.org/institution/518048,,,,"1400 N 28th St, Richmond, VA 23223"
20,518047, Bon Secours Richmond Health System,https://freida.ama-assn.org/institution/518047,,,Virginia Commonwealth Univ Sch of Med,"13710 St Francis Blvd, Midlothian, VA 23114"
21,519510, Bon Secours St Francis Family Medicine Center,https://freida.ama-assn.org/institution/519510,,,,"13540 Hull Street Rd, Midlothian, VA 23112"
22,519507, Bon Secours St Francis Medical Center,https://freida.ama-assn.org/institution/519507,,,Univ of Virginia Sch of Med,"13710 St Francis Blvd, Midlothian, VA 23114"
23,518017, Bon Secours St Mary's Hospital,https://freida.ama-assn.org/institution/518017,"['Univ of Virginia Sch of Med', 'Virginia Commonwealth Univ Sch of Med']",,,"5801 Bremo Rd, Richmond, VA 23226-1999"
24,519553, Botetourt County Public Schools,https://freida.ama-assn.org/institution/519553,,,,"143 Poor Farm Rd, Fincastle, VA 24090"
25,510017, Brock Hughes Free Clinic,https://freida.ama-assn.org/institution/510017,,,,"450 W Monroe St, Wytheville, VA 24382"
26,519562, Capital Caring (Alexandria),https://freida.ama-assn.org/institution/519562,,,,"5845 Richmond Hwy, Alexandria, VA 22303"
27,519506, Capital Caring (Falls Church),https://freida.ama-assn.org/institution/519506,,,,"2900 Telestar Ct, Falls Church, VA 22042"
28,518081, Capital Caring (Halquist Memorial Inpatient Center),https://freida.ama-assn.org/institution/518081,,"['George Washington Univ Sch of Med and Health Sci', 'Uniformed Services Univ of the Hlth Sci F Edward Hebert Sch of Med']",,"4715 N 15th St, Arlington, VA 22205"
29,519509, Capital Caring (Leesburg),https://freida.ama-assn.org/institution/519509,,,,"209 Gibson St NW, Leesburg, VA 20176"
30,510012, Carilion Clinic Cardiology-Christiansburg,https://freida.ama-assn.org/institution/510012,,,,"1201 Elm St NE, Christiansburg, VA 24073"
31,510032, Carilion Clinic Neurosurgery,https://freida.ama-assn.org/institution/510032,,,,"2331 Franklin Rd SW, Roanoke, VA 24014"
32,510013, Carilion Clinic Orthopaedic Surgery-Blacksburg,https://freida.ama-assn.org/institution/510013,,,,"215 Gilbert St, Blacksburg, VA 24060"
33,510033, Carilion Clinic Orthopaedic Surgery-New River Valley,https://freida.ama-assn.org/institution/510033,,,,"2900 Lamb Cir, Christiansburg, VA 24073"
34,519559, Carilion Clinic-Dominion Pathology Associates,https://freida.ama-assn.org/institution/519559,,West Virginia Sch of Osteopathic Med,,"1 Riverside Circle, Roanoke, VA 24016"
35,518024, Carilion Clinic-Virginia Tech Carilion School of Medicine,https://freida.ama-assn.org/institution/518024,"['Virginia Tech Carilion Sch of Med', 'Edward Via Coll of Osteopathic Med-Virginia']",['Univ of New England Coll of Osteopathic Med'],,"2 Riverside Circle, Roanoke, VA 24016"
36,519517, Carilion Franklin Memorial Hospital,https://freida.ama-assn.org/institution/519517,,California Northstate Univ Coll of Med,,"180 Floyd Ave, Rocky Mount, VA 24151"
37,510258, Carilion Medical Center-Carilion Roanoke Memorial Hospital,https://freida.ama-assn.org/institution/510258,,"['Kansas City Univ of Med and Biosciences Coll of Osteopathic Med', 'West Virginia Sch of Osteopathic Med', 'Edward Via Coll of Osteopathic Med-Virginia']",['Univ of Virginia Sch of Med'],"1906 Belleview St, Roanoke, VA 24014"
38,510197, Carilion Medical Center-Roanoke Community Hospital,https://freida.ama-assn.org/institution/510197,,"['Midwestern Univ Arizona Coll of Osteopathic Med', 'Kansas City Univ of Med and Biosciences Coll of Osteopathic Med']",,"101 Elm Ave SE, Roanoke, VA 24029"
39,518028, Catawba Hospital,https://freida.ama-assn.org/institution/518028,,West Virginia Sch of Osteopathic Med,,"5525 Catawba Hospital Dr, Catawba, VA 24070"
40,518105, Center for Pain Management,https://freida.ama-assn.org/institution/518105,,,,"3315 High St, Portsmouth, VA 23707"
41,510716, Centra Health Inc,https://freida.ama-assn.org/institution/510716,['Liberty Univ Coll of Osteopathic Med'],,['Univ of Virginia Sch of Med'],"1920 Atherholt Rd, Lynchburg, VA 24501"
42,510148, Central Virginia VA Health Care System (Richmond),https://freida.ama-assn.org/institution/510148,Virginia Commonwealth Univ Sch of Med,,,"1201 Broad Rock Rd, Richmond, VA 23249"
43,518088, Chesapeake General Hospital,https://freida.ama-assn.org/institution/518088,,,,"736 Battlefield Blvd, Chesapeake, VA 23332"
44,518074, Chesapeake Place,https://freida.ama-assn.org/institution/518074,,,,"1508 Volvo Pkwy, Chesapeake, VA 23320"
45,519561, Chesterfield Mental Health Support Services,https://freida.ama-assn.org/institution/519561,,,,"6801 Lucy Corr Blvd, Chesterfield, VA 23832"
46,510291, Children's Hospital,https://freida.ama-assn.org/institution/510291,Virginia Commonwealth Univ Sch of Med,,,"2924 Brook Rd, Richmond, VA 23220-1298"
47,510490, Children's Hospital of the King's Daughters,https://freida.ama-assn.org/institution/510490,['Eastern Virginia Med Sch'],,['Univ of Virginia Sch of Med'],"800 W Olney Rd, Norfolk, VA 23507"
48,510119, Chippenham and Johnston-Willis Hosp (Johnston-Willis Campus),https://freida.ama-assn.org/institution/510119,Virginia Commonwealth Univ Sch of Med,,,"1401 Johnston-Willis Dr, Richmond, VA 23235"
49,510721, Chippenham and Johnston-Willis Hospitals (Chippenham Campus),https://freida.ama-assn.org/institution/510721,['Virginia Commonwealth Univ Sch of Med'],,['Pacific Northwest Univ of Health Sciences Coll of Osteopathic Med'],"7101 Jahnke Rd, Richmond, VA 23225"
50,519526, Chippenham and Johnston-Willis Hospitals Inc,https://freida.ama-assn.org/institution/519526,,,,"7101 Jahnke Rd, Richmond, VA 23225"
51,519582, City of Charlottesville Fire Department,https://freida.ama-assn.org/institution/519582,,Univ of Virginia Sch of Med,,"203 Ridge St, Charlottesville, VA 22902"
52,519544, Colonial Orthopaedics (Midlothian),https://freida.ama-assn.org/institution/519544,,,,"6055 Harbour Park Dr, Midlothian, VA 23112"
53,518002, Commonwealth Center for Children & Adolescents,https://freida.ama-assn.org/institution/518002,,,Univ of Virginia Sch of Med,"1355 Richmond Ave, Staunton, VA 24401"
54,510184, Commonwealth of Virginia Department of Health,https://freida.ama-assn.org/institution/510184,,,,"Main St Station, Richmond, VA 23218"
55,519548, Commonwealth Orthopaedics (Alexandria Office),https://freida.ama-assn.org/institution/519548,,,,"2805 Duke St, Alexandria, VA 22314"
56,518094, Commonwealth Orthopedics & Rehabilitation (Arlington Office),https://freida.ama-assn.org/institution/518094,,,,"1635 N George Mason Dr, Arlington, VA 22205"
57,518118, Community Memorial Healthcenter,https://freida.ama-assn.org/institution/518118,,,,"125 Buena Vista Circle, South Hill, VA 23970"
58,518112, County of Roanoke Clerk of Juvenile & Domestic Relations,https://freida.ama-assn.org/institution/518112,,,,"305 E Main St, Salem, VA 24153"
59,518082, Crater Community Hospice,https://freida.ama-assn.org/institution/518082,,,,"840 W Rosylyn Rd, Colonial Heights, VA 23834"
60,518103, Culpeper Regional Hospital,https://freida.ama-assn.org/institution/518103,Univ of Virginia Sch of Med,,,"501 Sunset Ln, Culpeper, VA 22701"
61,518116, Department of Social Services (Roanoke City),https://freida.ama-assn.org/institution/518116,,,,"1510 Williamson Rd NE, Roanoke, VA 24012"
62,510242, DePaul Medical Center,https://freida.ama-assn.org/institution/510242,"['Eastern Virginia Med Sch', 'Liberty Univ Coll of Osteopathic Med']",,,"150 Kingsley Ln, Norfolk, VA 23505"
63,519560, District 19 Community Services Board,https://freida.ama-assn.org/institution/519560,,,,"20 W Bank St, Petersburg, VA 23803"
64,519611, Ear Nose Throat & Allergy Consultants PC,https://freida.ama-assn.org/institution/519611,,,,"26208 Lee Hwy, Abingdon, VA 24211"
65,510222, Eastern State Hospital,https://freida.ama-assn.org/institution/510222,,,"['Virginia Commonwealth Univ Sch of Med', 'Eastern Virginia Med Sch']","4601 Ironbound Rd, Williamsburg, VA 23187-8791"
66,510714, Eastern Virginia Medical School,https://freida.ama-assn.org/institution/510714,['Eastern Virginia Med Sch'],"['Univ of New England Coll of Osteopathic Med', 'George Washington Univ Sch of Med and Health Sci', 'West Virginia Sch of Osteopathic Med', 'Lincoln Memorial Univ DeBusk Coll of Osteopathic Med']",['Pacific Northwest Univ of Health Sciences Coll of Osteopathic Med'],"358 Mowbray Arch, Norfolk, VA 23501"
67,518045, Evergreene Nursing Care Center,https://freida.ama-assn.org/institution/518045,,,,"355 William Mills Dr, Stanardsville, VA 22973"
68,510019, Eye Physicians of Southwest Virginia,https://freida.ama-assn.org/institution/510019,,,,"328 Cummings St, Abingdon, VA 24210"
69,518067, Fairfax County Department of Health,https://freida.ama-assn.org/institution/518067,,Uniformed Services Univ of the Hlth Sci F Edward Hebert Sch of Med,,"10777 Main St, Fairfax, VA 22030"
70,518086, Fairfax Family Medicine,https://freida.ama-assn.org/institution/518086,,,,"3650 Joseph Seiwick Dr, Fairfax, VA 22033"
71,518111, Family Services of Roanoke Valley,https://freida.ama-assn.org/institution/518111,,,,"360 Campbell Ave SW, Roanoke, VA 24016"
72,519566, Farley Center at Williamsburg Place,https://freida.ama-assn.org/institution/519566,,,,"5477 Mooretown Rd, Williamsburg, VA 23188"
73,519565, Fauquier Hospital,https://freida.ama-assn.org/institution/519565,,,,"500 Hospital Dr, Warrenton, VA 20186"
74,518078, FBI-Center for Analysis of Violent Crime Forensic Psychiatry,https://freida.ama-assn.org/institution/518078,,Uniformed Services Univ of the Hlth Sci F Edward Hebert Sch of Med,,"FBI Academy, Quantico, VA 22135"
75,510037, Federal Burrau of Investigation Academy,https://freida.ama-assn.org/institution/510037,,,,"57 Bureau Pkwy, Stafford, VA 22556"
76,510038, Foot and Ankle Clinic of the Virginias,https://freida.ama-assn.org/institution/510038,,,,"3708 S Main St, Blacksburg, VA 24060"
77,510377, Fort Belvoir Community Hospital,https://freida.ama-assn.org/institution/510377,['Uniformed Services Univ of the Hlth Sci F Edward Hebert Sch of Med'],"['Midwestern Univ Arizona Coll of Osteopathic Med', 'George Washington Univ Sch of Med and Health Sci', 'Geisel Sch of Med at Dartmouth', 'West Virginia Sch of Osteopathic Med']",,"9300 DeWitt Loop, Fort Belvoir, VA 22060"
78,519655, Free Clinic of Pulaski County Inc,https://freida.ama-assn.org/institution/519655,,,,"25 4th St NW, Pulaski, VA 24301"
79,519609, Fresenius Kidney Center of Greater Norfolk,https://freida.ama-assn.org/institution/519609,,,,"1902 Omohundro Ave, Norfolk, VA 23517"
80,518052, Gardens at Warwick Forest,https://freida.ama-assn.org/institution/518052,,,,"1000 Denbigh Blvd, Newport News, VA 23602"
81,519627, Halifax Endocrinology Center,https://freida.ama-assn.org/institution/519627,,,,"2232 Wilborn Ave, South Boston, VA 24592"
82,519545, Hanover Family Physicians,https://freida.ama-assn.org/institution/519545,,,,"9376 Atlee Station Rd, Mechanicsville, VA 23116"
83,518075, Harbor's Edge,https://freida.ama-assn.org/institution/518075,,,,"One Colley Ave, Norfolk, VA 23510"
84,519577, HCA Healthcare LewisGale Hospital-Montgomery/VCOM,https://freida.ama-assn.org/institution/519577,"['Edward Via Coll of Osteopathic Med-Virginia', 'Edward Via Coll of Osteopathic Med-Monroe']",['Kansas City Univ of Med and Biosciences Coll of Osteopathic Med'],"['Edward Via Coll of Osteopathic Med-Auburn', 'Edward Via Coll of Osteopathic Med-Carolinas']","2265 Kraft Dr, Blacksburg, VA 24060"
85,518056, HCA Healthcare LewisGale Medical Center,https://freida.ama-assn.org/institution/518056,['Edward Via Coll of Osteopathic Med-Virginia'],,['Pacific Northwest Univ of Health Sciences Coll of Osteopathic Med'],"1900 Electric Rd, Salem, VA 24153"
86,518060, HCA Healthcare/Reston Hospital Center,https://freida.ama-assn.org/institution/518060,,,,"1850 Town Center Pkwy, Reston, VA 20190-3210"
87,519615, Health Wagon,https://freida.ama-assn.org/institution/519615,,,,"5626 Patriot Dr, Wise, VA 24293"
88,519598, Heritage Hall Healthcare and Rehabilitation Center,https://freida.ama-assn.org/institution/519598,,,,"65 Brickyard Dr, Dillwyn, VA 23936"
89,519626, Highlands Community Services,https://freida.ama-assn.org/institution/519626,,,,"610 Campus Dr, Abingdon, VA 24210"
90,519604, Highlands Pediatrics,https://freida.ama-assn.org/institution/519604,,,,"26210 Lee Hwy, Abingdon, VA 24211"
91,518109, Hopetree Family Services,https://freida.ama-assn.org/institution/518109,,,,"820 Mount Vernon Ln, Salem, VA 24153"
92,519568, Hospice of the Piedmont,https://freida.ama-assn.org/institution/519568,,,Univ of Virginia Sch of Med,"675 Peter Jefferson Pkwy, Charlottesville, VA 22911"
93,518100, Hospice of Virginia,https://freida.ama-assn.org/institution/518100,,,,"7231 Forest Ave, Richmond, VA 23226"
94,518083, Infectious Diseases Physicians Inc,https://freida.ama-assn.org/institution/518083,,,,"3289 Woodburn Rd, Annandale, VA 22003"
95,518036, Inova Fair Oaks Hospital,https://freida.ama-assn.org/institution/518036,Virginia Commonwealth Univ Sch of Med,,,"3600 Joseph Siewick Dr, Fairfax, VA 22033"
96,510492, Inova Fairfax Medical Campus,https://freida.ama-assn.org/institution/510492,"['George Washington Univ Sch of Med and Health Sci', 'Georgetown Univ Sch of Med', 'Virginia Commonwealth Univ Sch of Med']","['Howard Univ Coll of Med', 'Univ of New England Coll of Osteopathic Med', 'Uniformed Services Univ of the Hlth Sci F Edward Hebert Sch of Med', 'Univ of Virginia Sch of Med']",['Eastern Virginia Med Sch'],"3300 Gallows Rd, Falls Church, VA 22042-3300"
97,518092, Inova Mount Vernon Hospital,https://freida.ama-assn.org/institution/518092,,Uniformed Services Univ of the Hlth Sci F Edward Hebert Sch of Med,,"2501 Parkers Ln, Alexandria, VA 22306"
98,518117, Intercept,https://freida.ama-assn.org/institution/518117,,,,"5673 Airport Rd, Roanoke, VA 24012"
99,519576, Johnston Memorial Hospital,https://freida.ama-assn.org/institution/519576,['Lincoln Memorial Univ DeBusk Coll of Osteopathic Med'],['Edward Via Coll of Osteopathic Med-Virginia'],,"16000 Johnston Memorial Dr, Abingdon, VA 24211"
100,518063, Lake Taylor Transitional Care Hospital,https://freida.ama-assn.org/institution/518063,,,Eastern Virginia Med Sch,"1309 Kempsville Rd, Norfolk, VA 23502"
101,519515, Lakeview Medical Center,https://freida.ama-assn.org/institution/519515,,,,"2000 Meade Pkwy, Suffolk, VA 23435"
102,518085, Langley Air Force Base-1st Medical Group,https://freida.ama-assn.org/institution/518085,,,,"77 Nealy Ave, Hampton, VA 23665"
103,519504, Lasik Center of Virginia,https://freida.ama-assn.org/institution/519504,,,,"8700 Stony Point Pkwy, Richmond, VA 23235"
