,AMC_No,AMC_Name,URLS,Affiliation_Major,Affiliation_Limited,Affiliation_Graduate,Medical_Center_Address
0,548093, Activity Sports & Exercise Medicine Clinic,https://freida.ama-assn.org/institution/548093,,,,"5615 W Sunset Hwy, Spokane, WA 99210"
1,540064, All Women's Care,https://freida.ama-assn.org/institution/540064,,,,"9730 3rd Ave NE, Seattle, WA 98115"
2,548166, ATI Physical Therapy-Cabrini,https://freida.ama-assn.org/institution/548166,,,,"901 Boren Ave, Seattle, WA 98104"
3,548012, Bloodworks Northwest,https://freida.ama-assn.org/institution/548012,,,,"921 Terry Ave, Seattle, WA 98104-1256"
4,548050, Boeing,https://freida.ama-assn.org/institution/548050,,,,"PO Box 3703, Seattle, WA 98124"
5,540066, Bremerton Health and Rehabilitation,https://freida.ama-assn.org/institution/540066,,,,"2701 Clare Ave, Bremerton, WA 98310"
6,548110, Cavalon Place-The Doctor's Clinic,https://freida.ama-assn.org/institution/548110,,,,"2011 NW Myhre Rd, Silverdale, WA 98383"
7,548189, Cedar River Clinics,https://freida.ama-assn.org/institution/548189,,,,"509 Olive Way, Seattle, WA 98101"
8,548186, Central Washington Hospital & Clinics,https://freida.ama-assn.org/institution/548186,,Univ of Washington Sch of Med,,"1201 S Miller Dr, Wenatchee, WA 98801"
9,548199, CHI Franciscan Health St Anthony Hospital,https://freida.ama-assn.org/institution/548199,,,,"11567 Canterwood Blvd NW, Gig Harbor, WA 98332"
10,540001, CHI Franciscan Health St Francis Hospital,https://freida.ama-assn.org/institution/540001,,West Virginia Sch of Osteopathic Med,,"34515 9th Ave S, Federal Way, WA 98003"
11,548078, Child Study & Treatment Center,https://freida.ama-assn.org/institution/548078,,,,"8805 Steilacoom Blvd SW, Tacoma, WA 98498"
12,548125, Clark County Health Department,https://freida.ama-assn.org/institution/548125,,,,"1601 Plain Blvd, Vancouver, WA 98661"
13,540079, Columbia River Mental Health Services,https://freida.ama-assn.org/institution/540079,,,,"6926 NE Fourth Plain Blvd, Vancouver, WA 98661"
14,548180, Columbia Valley Community Health Center,https://freida.ama-assn.org/institution/548180,,"['Pacific Northwest Univ of Health Sciences Coll of Osteopathic Med', 'Univ of Washington Sch of Med']",,"600 Orondo Ave, Wenatchee, WA 98801"
15,548105, Community Health Association of Spokane (CHAS),https://freida.ama-assn.org/institution/548105,,,,"924 S Pines Rd, Spokane, WA 99206"
16,548115, Community Health Care,https://freida.ama-assn.org/institution/548115,['Pacific Northwest Univ of Health Sciences Coll of Osteopathic Med'],['Kansas City Univ of Med and Biosciences Coll of Osteopathic Med'],,"1202 Martin Luther King Jr Way, Tacoma, WA 98405"
17,548085, Community Health of Central Washington,https://freida.ama-assn.org/institution/548085,Pacific Northwest Univ of Health Sciences Coll of Osteopathic Med,,,"1806 W Lincoln Ave, Yakima, WA 98902"
18,548035, Country Doctor Community Clinic,https://freida.ama-assn.org/institution/548035,Univ of Washington Sch of Med,,,"500 19th Ave E, Seattle, WA 98112"
19,540060, Daybreak Youth Services-Brush Prairie,https://freida.ama-assn.org/institution/540060,,,,"11910 NE 154th St, Brush Prairie, WA 98606"
20,540302, Deaconess Hospital,https://freida.ama-assn.org/institution/540302,"['Univ of Washington Sch of Med', 'Washington State Univ Elson S Floyd Coll of Med']",['Pacific Northwest Univ of Health Sciences Coll of Osteopathic Med'],,"800 W Fifth Ave, Spokane, WA 99210-0248"
21,548061, Department of Adult & Juvenile Detention,https://freida.ama-assn.org/institution/548061,,,,"1211 E Alder, Seattle, WA 98122"
22,548029, Department of Health (Seattle & King County),https://freida.ama-assn.org/institution/548029,,,,"999 3rd Ave, Seattle, WA 98104"
23,548148, DermaHealth Dermatology & Dermasurgery,https://freida.ama-assn.org/institution/548148,,,,"1305 Fowler St, Richland, WA 99352"
24,548084, Eastern State Hospital,https://freida.ama-assn.org/institution/548084,,,,"850 Maple St, Medical Lake, WA 99022"
25,540007, Edgewood Seattle,https://freida.ama-assn.org/institution/540007,,,,"1200 Westlake Ave, Seattle, WA 98109"
26,548201, Elson S Floyd College of Medicine Washington State University,https://freida.ama-assn.org/institution/548201,,,,"412 E Spokane Falls Blvd, Spokane, WA 99202"
27,548066, Everett Clinic,https://freida.ama-assn.org/institution/548066,"['Univ of Washington Sch of Med', 'Washington State Univ Elson S Floyd Coll of Med']",,,"3901 Hoyt Ave, Everett, WA 98201"
28,548040, Evergreen Hospital Medical Center,https://freida.ama-assn.org/institution/548040,Univ of Washington Sch of Med,,,"12040 NE 128th St, Kirkland, WA 98034"
29,548039, Evergreen Hospital Medical Center (Seattle),https://freida.ama-assn.org/institution/548039,,,,"C-314 Health Sciences Ctr, Seattle, WA 98195-6350"
30,548164, Evergreen Radia Imaging Center,https://freida.ama-assn.org/institution/548164,,,,"11521 NE 128th St, Kirkland, WA 98034"
31,540006, Evergreen Treatment Services,https://freida.ama-assn.org/institution/540006,,Univ of Washington Sch of Med,,"1700 Airport Way S, Seattle, WA 98134"
32,548092, Family Medicine Spokane,https://freida.ama-assn.org/institution/548092,,Pacific Northwest Univ of Health Sciences Coll of Osteopathic Med,,"104 W 5th Ave, Spokane, WA 99204"
33,540065, First Hill Surgery Center,https://freida.ama-assn.org/institution/540065,,,,"1101 Madison St, Seattle, WA 98104"
34,548167, Foot and Ankle Center of Washington,https://freida.ama-assn.org/institution/548167,,,,"600 Broadway, Seattle, WA 98122"
35,540067, Forest Ridge,https://freida.ama-assn.org/institution/540067,,,,"140 S Marion Ave, Bremerton, WA 98312"
36,540021, Franciscan Medical Group ObGyn,https://freida.ama-assn.org/institution/540021,,,,"1800 NW Myhre Rd, Silverdale, WA 98383"
37,540056, Franciscan Urology Associates,https://freida.ama-assn.org/institution/540056,,,,"450 S Kitsap Blvd, Port Orchard, WA 98366"
38,548001, Fred Hutchinson Cancer Research Center,https://freida.ama-assn.org/institution/548001,,,,"1100 Fairview Ave N, Seattle, WA 98109-1024"
39,548083, Frontier Behavioral Health,https://freida.ama-assn.org/institution/548083,Univ of Washington Sch of Med,,,"107 S Division, Spokane, WA 99202"
40,548116, Gonzaga University Counseling Center,https://freida.ama-assn.org/institution/548116,,,,"324 E Sharp Ave, Spokane, WA 99258"
41,548146, Grace Clinic,https://freida.ama-assn.org/institution/548146,,,,"800 W Canal Dr, Kennewick, WA 99336"
42,540405, Harborview Medical Center,https://freida.ama-assn.org/institution/540405,Univ of Washington Sch of Med,,,"325 Ninth Ave, Seattle, WA 98104-2499"
43,548141, Harrison Medical Center,https://freida.ama-assn.org/institution/548141,,Pacific Northwest Univ of Health Sciences Coll of Osteopathic Med,,"2520 Cherry Ave, Bremerton, WA 98310"
44,548048, Healthy Worker Clinic,https://freida.ama-assn.org/institution/548048,,Univ of Washington Sch of Med,,"206 S 11th Ave, Yakima, WA 98902"
45,548020, Hope Heart Institute,https://freida.ama-assn.org/institution/548020,,,,"528 18th Ave, Seattle, WA 98122"
46,540516, Inland Empire Hospital Services Association,https://freida.ama-assn.org/institution/540516,,,,"101 W 8th Ave, Spokane, WA 99220-2555"
47,540062, Inland Orthopaedic Surgery & Sports Medicine Clinic,https://freida.ama-assn.org/institution/540062,,,,"825 SE Bishop Blvd, Pullman, WA 99163"
48,548073, Internal Medicine Residency Clinic,https://freida.ama-assn.org/institution/548073,,,,"104 W 5th Ave, Spokane, WA 99204"
49,548143, Kadlec Family Medicine Residency Clinic,https://freida.ama-assn.org/institution/548143,,,,"780 Swift Blvd, Richland, WA 99352"
50,548114, Kadlec Regional Medical Center,https://freida.ama-assn.org/institution/548114,['Washington State Univ Elson S Floyd Coll of Med'],['Kansas City Univ of Med and Biosciences Coll of Osteopathic Med'],['Pacific Northwest Univ of Health Sciences Coll of Osteopathic Med'],"888 Swift Blvd, Richland, WA 99352"
51,540498, Kaiser Permanente Washington,https://freida.ama-assn.org/institution/540498,Univ of Washington Sch of Med,,,"320 Westlake Ave N, Seattle, WA 98109"
52,548113, King County Emergency Medical Services,https://freida.ama-assn.org/institution/548113,,,,"401 5th Ave, Seattle, WA 98104"
53,540515, King County Medical Examiner's Office,https://freida.ama-assn.org/institution/540515,,Univ of Washington Sch of Med,,"325 9th Ave, Seattle, WA 98104-2499"
54,540024, King County Public Health-Downtown Clinic,https://freida.ama-assn.org/institution/540024,,,,"2124 4th Ave, Seattle, WA 98121"
55,540055, Kitsap Children's Clinic,https://freida.ama-assn.org/institution/540055,,,,"9951 Mickelberry Rd, Silverdale, WA 98383"
56,540017, Kitsap General Surgery,https://freida.ama-assn.org/institution/540017,,,,"9927 Mickelberry Rd, Silverdale, WA 98383"
57,548154, Kitsap Mental Health Services,https://freida.ama-assn.org/institution/548154,,,,"5455 Almira Dr NE, Bremerton, WA 98311"
58,540058, Kitsap Ob/Gyn Associates,https://freida.ama-assn.org/institution/540058,,,,"9750 Levin Rd NW, Silverdale, WA 98383"
59,548009, Kittitas Valley Community Hospital,https://freida.ama-assn.org/institution/548009,,,,"603 S Chestnut St, Ellensburg, WA 98926"
60,548098, Kittitas Valley Community Hospital,https://freida.ama-assn.org/institution/548098,,Pacific Northwest Univ of Health Sciences Coll of Osteopathic Med,,"611 S Chestnut St, Ellensburg, WA 98926"
61,548010, Klickitat Valley Hospital,https://freida.ama-assn.org/institution/548010,,,,"310 Roosevelt St, Goldendale, WA 98620"
62,548179, Lake Chelan Community Hospital,https://freida.ama-assn.org/institution/548179,,,,"503 E Highland Ave, Chelan, WA 98816"
63,540027, Legacy Salmon Creek Medical Center,https://freida.ama-assn.org/institution/540027,Washington State Univ Elson S Floyd Coll of Med,,,"2211 NE 139th St, Vancouver, WA 98686"
64,548183, Life Care of Cottesmore,https://freida.ama-assn.org/institution/548183,,,,"2909 14th Ave NW, Gig Harbor, WA 98335"
65,540078, Lifeline Connections-Vancouver,https://freida.ama-assn.org/institution/540078,,,,"1601 E 4th Plain Blvd, Vancouver, WA 98661"
66,548145, Lourdes Counseling Center,https://freida.ama-assn.org/institution/548145,,Pacific Northwest Univ of Health Sciences Coll of Osteopathic Med,,"1175 Carondelet Dr, Richland, WA 99354"
67,540023, Lourdes Medical Center,https://freida.ama-assn.org/institution/540023,,,,"520 N 4th St, Pasco, WA 99301"
68,540393, Madigan Army Medical Center,https://freida.ama-assn.org/institution/540393,"['Uniformed Services Univ of the Hlth Sci F Edward Hebert Sch of Med', 'Univ of Washington Sch of Med']","['Midwestern Univ Arizona Coll of Osteopathic Med', 'George Washington Univ Sch of Med and Health Sci', 'Geisel Sch of Med at Dartmouth', 'Kansas City Univ of Med and Biosciences Coll of Osteopathic Med', 'West Virginia Sch of Osteopathic Med', 'California Northstate Univ Coll of Med', 'Mayo Clinic Alix Sch of Med']",['Pacific Northwest Univ of Health Sciences Coll of Osteopathic Med'],"9040 Jackson Ave, Tacoma, WA 98431"
69,548132, Mark C Valentine MD-Dermatology Office,https://freida.ama-assn.org/institution/548132,,,,"3327 Colby Ave, Everett, WA 98201"
70,540513, Mary Bridge Children's Hospital and Health Center,https://freida.ama-assn.org/institution/540513,['Univ of Washington Sch of Med'],['Pacific Northwest Univ of Health Sciences Coll of Osteopathic Med'],,"317 S K St, Tacoma, WA 98415-0299"
71,548011, Mid-Valley Hospital,https://freida.ama-assn.org/institution/548011,,,,"810 Valley Way, Omak, WA 98841"
72,548008, Mount Carmel Hospital,https://freida.ama-assn.org/institution/548008,,,,"982 E Columbia St, Colville, WA 99114"
73,548163, MTI Physical Therapy,https://freida.ama-assn.org/institution/548163,,,,"1325 Sixth Ave, Seattle, WA 98101"
74,548136, MultiCare Auburn Medical Center,https://freida.ama-assn.org/institution/548136,,,,"202 N Division St, Auburn, WA 98001"
75,548025, MultiCare Good Samaritan Hospital,https://freida.ama-assn.org/institution/548025,,,Pacific Northwest Univ of Health Sciences Coll of Osteopathic Med,"407-14th Ave SE, Puyallup, WA 98372"
76,548135, MultiCare Health System,https://freida.ama-assn.org/institution/548135,['Pacific Northwest Univ of Health Sciences Coll of Osteopathic Med'],['Univ of Washington Sch of Med'],,"315 Martin Luther King Jr Way, Tacoma, WA 98405"
77,548013, MultiCare Medical Center,https://freida.ama-assn.org/institution/548013,,,,"PO Box 5299, Tacoma, WA 98415"
78,547003, Naval Hospital (Bremerton),https://freida.ama-assn.org/institution/547003,"['Univ of California Davis Sch of Med', 'Uniformed Services Univ of the Hlth Sci F Edward Hebert Sch of Med']",,['Pacific Northwest Univ of Health Sciences Coll of Osteopathic Med'],"1 Boone Rd, Bremerton, WA 98312-1898"
79,548097, Neighborcare Health,https://freida.ama-assn.org/institution/548097,,['Pacific Northwest Univ of Health Sciences Coll of Osteopathic Med'],['Univ of Washington Sch of Med'],"1200 12th Ave S, Seattle, WA 98144"
80,540020, North Kitsap ENT,https://freida.ama-assn.org/institution/540020,,,,"22180 NW Olympic College Way, Poulsbo, WA 98370"
81,540005, North Sound Emergency Medicine,https://freida.ama-assn.org/institution/540005,,,,"1716 W Marine View Dr, Everett, WA 98201"
82,548041, Northwest Asthma & Allergy Center,https://freida.ama-assn.org/institution/548041,,,,"4540 Sandpoint Way NE, Seattle, WA 98105"
83,548005, Northwest Colon and Rectal Clinic,https://freida.ama-assn.org/institution/548005,,,,"1101 Madison, Seattle, WA 98104"
84,548155, Northwest Orthopedic & Sports Medicine,https://freida.ama-assn.org/institution/548155,,,,"875 Swift Blvd, Richland, WA 99352"
85,548074, Northwest Surgical Group,https://freida.ama-assn.org/institution/548074,,,,"3920 Capitol Mall Dr SW, Olympia, WA 98502"
86,548162, Nutrition in Action,https://freida.ama-assn.org/institution/548162,,,,"6523 21st Ave NE, Seattle, WA 98115"
87,548196, O'Connor Family Medicine,https://freida.ama-assn.org/institution/548196,,,,"309 E Farwell Rd, Spokane, WA 92218"
88,540003, Olympia Orthopedic Associates,https://freida.ama-assn.org/institution/540003,,,,"3901 Capital Mall Dr SW, Olympia, WA 98502"
89,548137, Olympic Medical Center,https://freida.ama-assn.org/institution/548137,,,,"939 Caroline St, Port Angeles, WA 98362"
90,548036, Overlake Hospital Medical Center,https://freida.ama-assn.org/institution/548036,,,,"1035 116th Ave NE, Bellevue, WA 98004"
91,548182, Pace Dermatology,https://freida.ama-assn.org/institution/548182,,,,"5901 Steilacoom Blvd SW, Lakewood, WA 98499"
92,548068, Pacific Dermatology & Cosmetic Center,https://freida.ama-assn.org/institution/548068,,,,"11011 Meridan Way, Seattle, WA 98133"
93,548069, Pacific Medical Center,https://freida.ama-assn.org/institution/548069,Univ of Washington Sch of Med,,,"1101 Madison, Seattle, WA 98144"
94,540063, Pacific Northwest Fertility Clinic,https://freida.ama-assn.org/institution/540063,,,,"1101 Madison St, Seattle, WA 98104"
95,548194, Palouse Medical,https://freida.ama-assn.org/institution/548194,,,,"825 SE Bishop Ave, Pullman, WA 99163"
96,548007, PeaceHealth Southwest Medical Center,https://freida.ama-assn.org/institution/548007,['Washington State Univ Elson S Floyd Coll of Med'],"['Oregon Health & Science Univ Sch of Med', 'San Juan Bautista Sch of Med', 'Midwestern Univ Arizona Coll of Osteopathic Med']",['Pacific Northwest Univ of Health Sciences Coll of Osteopathic Med'],"400 NE Mother Joseph Pl, Vancouver, WA 98664"
97,540057, Peninsula Pain Clinic,https://freida.ama-assn.org/institution/540057,,,,"9927 Mickelberry Rd, Silverdale, WA 98383"
98,548015, PhenoPath Laboratories,https://freida.ama-assn.org/institution/548015,,,,"551 N 34th St, Seattle, WA 98103-8675"
99,548080, Pierce County Detention & Corrections Center,https://freida.ama-assn.org/institution/548080,,,,"930 Tacoma Ave S, Tacoma, WA 98402"
100,548031, Pierce County Medical Examiner,https://freida.ama-assn.org/institution/548031,,,,"3619 Pacific Ave, Tacoma, WA 98408"
101,548042, Plastic & Reconstructive Surgeons,https://freida.ama-assn.org/institution/548042,,,,"17930 Talbot Rd S, Renton, WA 98055"
102,548111, Plastic Surgery Associates of Seattle,https://freida.ama-assn.org/institution/548111,,,,"901 Boren Ave, Seattle, WA 98104"
103,548177, PMH Medical Center,https://freida.ama-assn.org/institution/548177,,,,"723 Memorial St, Prosser, WA 99350"
104,548059, Polyclinic First Hill,https://freida.ama-assn.org/institution/548059,,,,"1145 Broadway, Seattle, WA 98122"
105,548161, Potentrx,https://freida.ama-assn.org/institution/548161,,,,"805 Madison St, Seattle, WA 98104"
106,548126, Providence Centralia Hospital,https://freida.ama-assn.org/institution/548126,,,,"914 S Scheuber Rd, Centralia, WA 98531"
107,548024, Providence Everett Medical Center,https://freida.ama-assn.org/institution/548024,"['Univ of Washington Sch of Med', 'Washington State Univ Elson S Floyd Coll of Med']",,,"1321 Colby Ave, Everett, WA 98202"
108,548195, Providence Holy Family Hospital,https://freida.ama-assn.org/institution/548195,,,,"5633 N Lidgerwood St, Spokane, WA 99208"
109,548130, Providence Medical Group Northwest Washington,https://freida.ama-assn.org/institution/548130,,,,"11603 State Ave, Marysville, WA 98271"
110,548192, Providence Northeast Washington Medical Group,https://freida.ama-assn.org/institution/548192,,,,"1200 E Columbia Ave, Colville, WA 99114"
111,548197, Providence Regional Medical Center Everett,https://freida.ama-assn.org/institution/548197,,,,"1700 13th St, Everett, WA 98201"
112,540402, Providence Sacred Heart Medical Center,https://freida.ama-assn.org/institution/540402,"['Univ of Washington Sch of Med', 'Washington State Univ Elson S Floyd Coll of Med']",['Burrell Coll of Osteopathic Med'],['Pacific Northwest Univ of Health Sciences Coll of Osteopathic Med'],"101 W 8th Ave, Spokane, WA 99220-2555"
113,548150, Psychiatry Residency Spokane Clinic,https://freida.ama-assn.org/institution/548150,,,,"624 E Front Ave, Spokane, WA 99202"
114,548060, Puget Sound Neighborhood Health Centers,https://freida.ama-assn.org/institution/548060,,,,"905 Spruce St, Seattle, WA 98104"
115,548094, Puget Sound Orthopaedics,https://freida.ama-assn.org/institution/548094,,,,"1724 W Union Ave, Tacoma, WA 98405"
116,548117, Puget Sound Psychiatric Center,https://freida.ama-assn.org/institution/548117,,Pacific Northwest Univ of Health Sciences Coll of Osteopathic Med,,"10634 E Riverside Dr, Bothell, WA 98011"
117,548193, Pullman Regional Hospital,https://freida.ama-assn.org/institution/548193,,,,"835 SE Bishop Blvd, Pullman, WA 99163"
118,548138, Puyallup Tribal Health Authority,https://freida.ama-assn.org/institution/548138,"['Western Univ of Health Sciences Coll of Osteopathic Med of the Pacific', 'Pacific Northwest Univ of Health Sciences Coll of Osteopathic Med']",['Kansas City Univ of Med and Biosciences Coll of Osteopathic Med'],,"2209 E 32nd St, Tacoma, WA 98404"
119,548091, Rockwood Clinic,https://freida.ama-assn.org/institution/548091,['Washington State Univ Elson S Floyd Coll of Med'],['Pacific Northwest Univ of Health Sciences Coll of Osteopathic Med'],,"400 E 5th Ave, Spokane, WA 99202"
120,548089, Rogers High School,https://freida.ama-assn.org/institution/548089,,,,"1622 E Wellesley Ave, Spokane, WA 92207"
121,548142, Sea Mar Community Health Center (Marysville),https://freida.ama-assn.org/institution/548142,Washington State Univ Elson S Floyd Coll of Med,,,"9710 State Ave, Marysville, WA 98270"
122,548128, Sea Mar Community Health Centers,https://freida.ama-assn.org/institution/548128,Univ of Washington Sch of Med,,,"8720 14th Ave S, Seattle, WA 98108"
123,548032, Seattle Cancer Care Alliance,https://freida.ama-assn.org/institution/548032,Univ of Washington Sch of Med,,,"824 Eastlake Ave E, Seattle, WA 98109-1023"
124,540311, Seattle Children's Hospital,https://freida.ama-assn.org/institution/540311,['Univ of Washington Sch of Med'],['Pacific Northwest Univ of Health Sciences Coll of Osteopathic Med'],,"4800 Sand Point Way NE, Seattle, WA 98105"
125,548112, Seattle Fire Department Medic One Program,https://freida.ama-assn.org/institution/548112,,,,"301 2nd Ave S, Seattle, WA 98104"
126,548159, Seattle University Athletic Center,https://freida.ama-assn.org/institution/548159,,,,"550 14th St, Seattle, WA 98122"
127,540198, Shriners Hospitals for Children (Spokane),https://freida.ama-assn.org/institution/540198,,Washington State Univ Elson S Floyd Coll of Med,,"911 W Fifth Ave, Spokane, WA 99210-2472"
128,540019, Silverdale Eye Physicians,https://freida.ama-assn.org/institution/540019,,,,"9800 Levin Rd NW, Silverdale, WA 98383"
129,540016, Silverdale Pediatrics,https://freida.ama-assn.org/institution/540016,,,,"9910 Levin Rd NW, Silverdale, WA 98383"
130,548133, Skagit Regional Health,https://freida.ama-assn.org/institution/548133,['Pacific Northwest Univ of Health Sciences Coll of Osteopathic Med'],['Midwestern Univ Arizona Coll of Osteopathic Med'],,"1415 E Kincaid St, Mount Vernon, WA 98273-1376"
131,548070, Skagit Valley Hospital,https://freida.ama-assn.org/institution/548070,['Western Univ of Health Sciences Coll of Osteopathic Med of the Pacific'],['Pacific Northwest Univ of Health Sciences Coll of Osteopathic Med'],,"300 Hospital Pkwy, Mount Vernon, WA 98274"
132,548063, Skin Surgery Center,https://freida.ama-assn.org/institution/548063,,,,"1229 Madison, Seattle, WA 98104"
133,540035, Snohomish Kidney Institute,https://freida.ama-assn.org/institution/540035,,,,"2707 Colby Ave, Everett, WA 98201"
134,540038, Spokane County Juvenile Court,https://freida.ama-assn.org/institution/540038,,,,"902 N Adams St, Spokane, WA 99260"
135,540012, Spokane Guilds' School and Neuromuscular Center,https://freida.ama-assn.org/institution/540012,,,,"2118 W Garland Ave, Spokane, WA 99205"
136,540011, Spokane Public School District 81,https://freida.ama-assn.org/institution/540011,,,,"200 N Bernard St, Spokane, WA 99201"
137,548121, Spokane Teaching Health Center,https://freida.ama-assn.org/institution/548121,,"['Midwestern Univ Arizona Coll of Osteopathic Med', 'Western Univ of Health Sciences Coll of Osteopathic Med of the Pacific']",,"104 W Fifth Ave, Spokane, WA 99104-4839"
138,548174, Spokane Teaching Health Clinic,https://freida.ama-assn.org/institution/548174,,,,"624 E Front Ave, Spokane, WA 99202"
139,540013, St Anne's Children and Family Center,https://freida.ama-assn.org/institution/540013,,,,"25 W 5th Ave, Spokane, WA 99204"
140,548096, St Joseph's Medical Center,https://freida.ama-assn.org/institution/548096,,Kansas City Univ of Med and Biosciences Coll of Osteopathic Med,,"1717 S J St, Tacoma, WA 98405"
141,540042, St Luke's Rehabilitation Institute,https://freida.ama-assn.org/institution/540042,,,,"711 S Cowley St, Spokane, WA 99202"
142,548004, St Peter Hospital,https://freida.ama-assn.org/institution/548004,['Western Univ of Health Sciences Coll of Osteopathic Med of the Pacific'],,['Pacific Northwest Univ of Health Sciences Coll of Osteopathic Med'],"413 Lilly Rd NE, Olympia, WA 98506"
143,548057, Stafford Healthcare,https://freida.ama-assn.org/institution/548057,,,,"2800 S 224th St, Des Moines, WA 98198"
144,548064, Steven Anderson MD-Sports Medicine Office,https://freida.ama-assn.org/institution/548064,,,,"3216 NE 45th Pl, Seattle, WA 98105"
145,548021, Stevens Healthcare/Stevens Memorial Hospital,https://freida.ama-assn.org/institution/548021,,,,"21601 76th Ave W, Edmonds, WA 98026-7506"
146,540009, Summit Pacific Medical Center,https://freida.ama-assn.org/institution/540009,,,,"600 E Main St, Elma, WA 98541"
147,548178, Sunnyside Community Hospital,https://freida.ama-assn.org/institution/548178,,,,"1016 Tacoma Ave, Sunnyside, WA 98944"
148,540481, Swedish Medical Center,https://freida.ama-assn.org/institution/540481,"['Univ of Washington Sch of Med', 'Washington State Univ Elson S Floyd Coll of Med']","['Univ of California Davis Sch of Med', 'George Washington Univ Sch of Med and Health Sci', 'Univ of Arizona Coll of Med-Tucson', 'Kansas City Univ of Med and Biosciences Coll of Osteopathic Med', 'West Virginia Sch of Osteopathic Med', 'Burrell Coll of Osteopathic Med']",,"747 Broadway, Seattle, WA 98122-4307"
149,548088, Swedish Medical Center-Ballard Campus,https://freida.ama-assn.org/institution/548088,,,,"5300 Tallman Ave NW, Seattle, WA 98107"
150,548127, Swedish Medical Center-Edmonds Campus,https://freida.ama-assn.org/institution/548127,,,,"21601 76th Ave W, Edmonds, WA 98026"
151,548087, Swedish Medical Center-Issaquah Campus,https://freida.ama-assn.org/institution/548087,,,,"751 NE Blakely Dr, Issaquah, WA 98029"
152,540139, Swedish Medical Center/Cherry Hill,https://freida.ama-assn.org/institution/540139,,,Mayo Clinic Alix Sch of Med,"500 17th Ave, Seattle, WA 98124-1008"
153,540266, Tacoma General Hospital,https://freida.ama-assn.org/institution/540266,,Univ of Washington Sch of Med,,"315 S K St, Tacoma, WA 98405-0299"
154,548122, Tacoma Lutheran Retirement Community,https://freida.ama-assn.org/institution/548122,,,,"1301 N Highlands Pkwy, Tacoma, WA 98405"
155,548052, Tacoma Pierce County Health Department,https://freida.ama-assn.org/institution/548052,,,,"3629 South D St, Tacoma, WA 98408"
156,548123, Three River's Family Medicine,https://freida.ama-assn.org/institution/548123,,,,"945 Goethals Dr, Richland, WA 99352"
157,548086, Toppenish Community Hospital,https://freida.ama-assn.org/institution/548086,,,,"502 W 4th Ave, Toppenish, WA 98948"
158,548187, Tri-Cities Community Health,https://freida.ama-assn.org/institution/548187,,,,"3180 W Clearwater Ave, Kennewick, WA 99336"
159,548147, Tri-City Orthopedic Clinic,https://freida.ama-assn.org/institution/548147,,,,"821 Swift Blvd, Richland, WA 99352"
160,548134, Trios Health,https://freida.ama-assn.org/institution/548134,"['Western Univ of Health Sciences Coll of Osteopathic Med of the Pacific', 'Pacific Northwest Univ of Health Sciences Coll of Osteopathic Med']","['Midwestern Univ Arizona Coll of Osteopathic Med', 'Kansas City Univ of Med and Biosciences Coll of Osteopathic Med']",,"900 S Auburn St, Kennewick, WA 99336"
161,548140, Trios Health/Trios Southridge Hospital,https://freida.ama-assn.org/institution/548140,,Pacific Northwest Univ of Health Sciences Coll of Osteopathic Med,,"3810 Plaza Way, Kennewick, WA 99338"
162,548023, University of Washington Center on Human Development (CHDD),https://freida.ama-assn.org/institution/548023,,,,"PO Box 357920, Seattle, WA 98195-7920"
163,540209, University of Washington Medical Center-Montlake,https://freida.ama-assn.org/institution/540209,['Univ of Washington Sch of Med'],,['Pacific Northwest Univ of Health Sciences Coll of Osteopathic Med'],"1959 NE Pacific St, Seattle, WA 98195"
164,548006, University of Washington Medical Center-Northwest,https://freida.ama-assn.org/institution/548006,Univ of Washington Sch of Med,,,"1550 N 115th St, Seattle, WA 98133"
165,540502, University of Washington School of Medicine,https://freida.ama-assn.org/institution/540502,['Univ of Washington Sch of Med'],"['Midwestern Univ Arizona Coll of Osteopathic Med', 'Western Univ of Health Sciences Coll of Osteopathic Med of the Pacific', 'Kansas City Univ of Med and Biosciences Coll of Osteopathic Med', 'West Virginia Sch of Osteopathic Med']",,"850 Republican St, Seattle, WA 98109"
166,540505, University of Washington School of Public Health,https://freida.ama-assn.org/institution/540505,Univ of Washington Sch of Med,,,"1959 NE Pacific St, Seattle, WA 98195"
167,548129, University Place Care Center (Soundcare Inc),https://freida.ama-assn.org/institution/548129,,,,"5520 Bridgeport Way, University Place, WA 98467"
168,540362, VA Puget Sound Health Care System,https://freida.ama-assn.org/institution/540362,Univ of Washington Sch of Med,,,"1660 S Columbian Way, Seattle, WA 98108"
169,548044, Valley Hospital Rockwood Health System,https://freida.ama-assn.org/institution/548044,Washington State Univ Elson S Floyd Coll of Med,,,"12606 E Mission Ave, Spokane, WA 99216"
170,540519, Valley Medical Center,https://freida.ama-assn.org/institution/540519,['Univ of Washington Sch of Med'],,['Pacific Northwest Univ of Health Sciences Coll of Osteopathic Med'],"400 S 43rd St, Renton, WA 98055"
171,540029, Vancouver Clinic-87th Ave Clinic,https://freida.ama-assn.org/institution/540029,Washington State Univ Elson S Floyd Coll of Med,,,"700 NE 87th Ave, Vancouver, WA 98664"
172,540030, Vancouver Clinic-Battle Ground,https://freida.ama-assn.org/institution/540030,,,,"2005 W Main St, Battle Ground, WA 98604"
173,540031, Vancouver Clinic-Columbia Tech Center,https://freida.ama-assn.org/institution/540031,Washington State Univ Elson S Floyd Coll of Med,,,"501 SE 172nd Ave, Vancouver, WA 98684"
174,540032, Vancouver Clinic-Ridgefield,https://freida.ama-assn.org/institution/540032,,,,"5515 Pioneer Rd, Ridgefield, WA 98642"
175,540033, Vancouver Clinic-Salmon Creek,https://freida.ama-assn.org/institution/540033,Washington State Univ Elson S Floyd Coll of Med,,,"2525 NE 139th St, Vancouver, WA 98686"
176,540034, Vancouver Clinic-VanPlaza,https://freida.ama-assn.org/institution/540034,Washington State Univ Elson S Floyd Coll of Med,,,"7809 NE Vancouver Plaza, Vancouver, WA 98662"
177,548028, Veterans Affairs Medical Center (Spokane),https://freida.ama-assn.org/institution/548028,Washington State Univ Elson S Floyd Coll of Med,,,"4815 N Assembly St, Spokane, WA 99205"
178,548003, Veterans Affairs Medical Center (Tacoma),https://freida.ama-assn.org/institution/548003,,,,"9600 Veterans Dr SW, Tacoma, WA 98498"
179,540346, Virginia Mason Franciscan Health,https://freida.ama-assn.org/institution/540346,['Univ of Washington Sch of Med'],['Midwestern Univ Arizona Coll of Osteopathic Med'],['Pacific Northwest Univ of Health Sciences Coll of Osteopathic Med'],"925 Seneca St, Seattle, WA 98101"
180,540510, Virginia Mason Memorial,https://freida.ama-assn.org/institution/540510,['Univ of Washington Sch of Med'],['Pacific Northwest Univ of Health Sciences Coll of Osteopathic Med'],,"2811 Tieton Dr, Yakima, WA 98902"
181,540010, Washington Orthopaedic Center,https://freida.ama-assn.org/institution/540010,,,,"1900 Cooks Hill Rd, Centralia, WA 98531"
182,548027, Washington Poison Center,https://freida.ama-assn.org/institution/548027,,,,"155 NE 100th St, Seattle, WA 98125"
183,548049, Washington State Department of Labor and Industries,https://freida.ama-assn.org/institution/548049,,,,"7273 Linderson Way SW, Tumwater, WA 98501"
184,548038, Washington State Patrol Crime Laboratory,https://freida.ama-assn.org/institution/548038,,,,"2203 Airport Way S, Seattle, WA 98134"
185,548037, Washington State Patrol Toxicology Laboratory,https://freida.ama-assn.org/institution/548037,,,,"2203 Airport Way S, Seattle, WA 98134"
186,548185, Wenatchee Valley Medical Center,https://freida.ama-assn.org/institution/548185,,Pacific Northwest Univ of Health Sciences Coll of Osteopathic Med,,"707 N Emerson Ave, Wenatchee, WA 98801"
187,540018, West Sound Orthopedics,https://freida.ama-assn.org/institution/540018,,,,"4409 NW Anderson Hill Rd, Silverdale, WA 98383"
188,548014, Western State Hospital,https://freida.ama-assn.org/institution/548014,,,,"9601 Steilacoom Blvd SW, Tacoma, WA 98498-7213"
189,548131, Western Washington Medical Group,https://freida.ama-assn.org/institution/548131,,,,"4301 Hoyt Ave, Everett, WA 98203"
190,548090, Whitworth University Athletic Training Room,https://freida.ama-assn.org/institution/548090,,,,"300 W Hawthorne Rd, Spokane, WA 99251"
191,540509, Yakima Regional Medical and Heart Center,https://freida.ama-assn.org/institution/540509,,Western Univ of Health Sciences Coll of Osteopathic Med of the Pacific,,"110 S Ninth Ave, Yakima, WA 98902-3397"
192,548176, Yakima Valley Farm Workers Clinic,https://freida.ama-assn.org/institution/548176,['Pacific Northwest Univ of Health Sciences Coll of Osteopathic Med'],['Univ of Washington Sch of Med'],,"604 W 1st Ave, Toppenish, WA 98948"
