,AMC_No,AMC_Name,URLS,Affiliation_Major,Affiliation_Limited,Affiliation_Graduate,Medical_Center_Address
0,559512, AccessHealth,https://freida.ama-assn.org/institution/559512,West Virginia Sch of Osteopathic Med,,,"101 Bill Baker Way, Beckley, WV 25801"
1,550007, ARH Southern West Virginia Clinic,https://freida.ama-assn.org/institution/550007,,,,"306 Stanaford Rd, Beckley, WV 25801"
2,559515, Beckley VA Medical Center,https://freida.ama-assn.org/institution/559515,,New York Med Coll,,"200 Veterans Ave, Beckley, WV 25801"
3,559514, Bluefield Regional Medical Center,https://freida.ama-assn.org/institution/559514,['West Virginia Sch of Osteopathic Med'],['Edward Via Coll of Osteopathic Med-Virginia'],,"500 Cherry St, Bluefield, WV 24701"
4,558019, BrickStreet Inc,https://freida.ama-assn.org/institution/558019,,,,"PO Box 431, Charleston, WV 25322"
5,550001, Bureau of Public Health,https://freida.ama-assn.org/institution/550001,,,,"350 Capitol St, Charleston, WV 25301"
6,550170, Cabell Huntington Hospital,https://freida.ama-assn.org/institution/550170,['Marshall Univ Joan C Edwards Sch of Med'],['West Virginia Sch of Osteopathic Med'],,"1340 Hal Greer Blvd, Huntington, WV 25701-0195"
7,559522, Camden Clark Medical Center,https://freida.ama-assn.org/institution/559522,['West Virginia Sch of Osteopathic Med'],,['Pacific Northwest Univ of Health Sciences Coll of Osteopathic Med'],"800 Garfield Ave, Parkersburg, WV 26101"
8,550350, Charleston Area Medical Center,https://freida.ama-assn.org/institution/550350,"['West Virginia Univ Sch of Med', 'West Virginia Sch of Osteopathic Med']","['Marshall Univ Joan C Edwards Sch of Med', 'Lincoln Memorial Univ DeBusk Coll of Osteopathic Med']",,"3110 MacCorkle Ave SE, Charleston, WV 25304"
9,557031, City Hospital,https://freida.ama-assn.org/institution/557031,West Virginia Univ Sch of Med,,,"2500 Hospital Dr, Martinsburg, WV 25401"
10,550002, East Fairmont High School,https://freida.ama-assn.org/institution/550002,,,,"1993 Airport Rd, Fairmont, WV 26554"
11,559503, Ebenezer Medical Outreach Inc,https://freida.ama-assn.org/institution/559503,,,,"1448 Tenth Ave, Huntington, WV 25701"
12,558018, Encompass Health Rehabilitation Hospital of Morgantown,https://freida.ama-assn.org/institution/558018,,,,"1160 Van Voorhis, Morgantown, WV 26505"
13,559524, Fairmont Regional Cancer Center,https://freida.ama-assn.org/institution/559524,,West Virginia Sch of Osteopathic Med,,"1325 Locust Ave, Farimont, WV 26554"
14,559520, Genesis Healthcare-Hilltop,https://freida.ama-assn.org/institution/559520,,,,"152 Saddleshop Rd, Hilltop, WV 25855"
15,550006, Glenwood Park,https://freida.ama-assn.org/institution/550006,,,,"1924 Glenwood Rd, Princeton, WV 24739"
16,559513, Greenbrier Valley Medical Center,https://freida.ama-assn.org/institution/559513,['West Virginia Sch of Osteopathic Med'],['Burrell Coll of Osteopathic Med'],,"1320 Maplewood Ave, Ronceverte, WV 24970"
17,550004, HealthWorks Rehab and Fitness,https://freida.ama-assn.org/institution/550004,,Marshall Univ Joan C Edwards Sch of Med,,"943 Maple Dr, Morgantown, WV 26505"
18,558026, J W Ruby Memorial Hospital,https://freida.ama-assn.org/institution/558026,,,,"Medical Center Dr, Morgantown, WV 26506"
19,558016, Jefferson Memorial Hospital,https://freida.ama-assn.org/institution/558016,['West Virginia Univ Sch of Med'],['West Virginia Sch of Osteopathic Med'],,"300 S Preston St, Ranson, WV 25438"
20,550003, Kanawha City Health Center-Cabin Creek Health Systems,https://freida.ama-assn.org/institution/550003,,,,"4602 MacCorkle Ave SE, Chesleston, WV 25304"
21,558029, Kanawha Hospice Care,https://freida.ama-assn.org/institution/558029,,,,"1001 Kennawa Dr, Charleston, WV 25311"
22,558015, Kanawha-Charleston County Health Department,https://freida.ama-assn.org/institution/558015,,,,"108 Lee St E, Charleston, WV 25301"
23,550016, Logan Regional Medical Center,https://freida.ama-assn.org/institution/550016,,,,"20 Hospital Dr, Logan, WV 25601"
24,550740, Louis A Johnson Veterans Affairs Medical Center,https://freida.ama-assn.org/institution/550740,,West Virginia Univ Sch of Med,,"1 Medical Center Dr, Clarksburg, WV 26301-4199"
25,559519, Mapleshire Nursing and Rehabilitation Center,https://freida.ama-assn.org/institution/559519,,,,"30 Vandervort Dr, Morgantown, WV 26505"
26,559509, Marshall Community Health Consortium,https://freida.ama-assn.org/institution/559509,Ohio Univ Heritage Coll of Osteopathic Med,,,"1600 Medical Center Dr, Huntington, WV 25701"
27,559501, Marshall University Joan C Edwards School of Medicine,https://freida.ama-assn.org/institution/559501,['Marshall Univ Joan C Edwards Sch of Med'],['West Virginia Sch of Osteopathic Med'],,"1600 Medical Center Dr, Huntington, WV 25701-3655"
28,559504, Marshall University School of Medicine UPS Clinics,https://freida.ama-assn.org/institution/559504,,,,"1600 Medical Center Dr, Huntington, WV 25701"
29,559506, Mildred Mitchell-Bateman Hospital,https://freida.ama-assn.org/institution/559506,,Marshall Univ Joan C Edwards Sch of Med,,"1530 Norway Ave, Huntington, WV 25705"
30,558031, Monongalia County Board of Education,https://freida.ama-assn.org/institution/558031,,,,"13 S High St, Morgantown, WV 26506"
31,550745, Monongalia General Hospital,https://freida.ama-assn.org/institution/550745,,,,"1000 J D Anderson Dr, Morgantown, WV 26505"
32,550027, Morgantown Health and Rehabilitation Center,https://freida.ama-assn.org/institution/550027,,,,"1379 Van Voorhis Rd, Morgantown, WV 26505"
33,559510, Mountain State Osteopathic Postdoctoral Training Institutions Inc (MSOPTI),https://freida.ama-assn.org/institution/559510,West Virginia Sch of Osteopathic Med,,,"400 N Lee St, Lewisburg, WV 24901"
34,558021, National Institute for Occupational Safety & Health (Morgantown),https://freida.ama-assn.org/institution/558021,,,,"1095 Willowdale Rd, Morgantown, WV 26505"
35,550005, New Hope Family Practice,https://freida.ama-assn.org/institution/550005,,,,"365 Courthouse Rd, Princeton, WV 24740"
36,550425, Ohio Valley Medical Center,https://freida.ama-assn.org/institution/550425,['West Virginia Sch of Osteopathic Med'],['Midwestern Univ Arizona Coll of Osteopathic Med'],,"2000 Eoff St, Wheeling, WV 26003"
37,558033, Pressley Ridge Program,https://freida.ama-assn.org/institution/558033,,,,"829 Fairmont Rd, Morgantown, WV 26501"
38,558014, Prestera Mental Health Center,https://freida.ama-assn.org/institution/558014,,Marshall Univ Joan C Edwards Sch of Med,,"3375 Rte 60 E, Huntington, WV 25705"
39,559518, Raleigh General Hospital LLC,https://freida.ama-assn.org/institution/559518,,West Virginia Sch of Osteopathic Med,,"1710 Harper Rd, Beckley, WV 25801"
40,559507, River Park Hospital,https://freida.ama-assn.org/institution/559507,,"['Marshall Univ Joan C Edwards Sch of Med', 'West Virginia Sch of Osteopathic Med']",,"1230 6th Ave, Huntington, WV 25701"
41,559517, Robert C Byrd Clinic,https://freida.ama-assn.org/institution/559517,West Virginia Sch of Osteopathic Med,,,"400 N Jefferson St, Lewisburg, WV 24901"
42,550011, Southern Highlands Community Mental Health Center,https://freida.ama-assn.org/institution/550011,,,,"200 12th St Ext, Princeton, WV 24740"
43,558017, St Joseph's Hospital,https://freida.ama-assn.org/institution/558017,,,,"1 Amalia Dr, Buckhannon, WV 26201-2222"
44,550300, St Mary's Hospital,https://freida.ama-assn.org/institution/550300,"['Marshall Univ Joan C Edwards Sch of Med', 'West Virginia Sch of Osteopathic Med']",,,"2900 First Ave, Huntington, WV 25702-1271"
45,550010, Sundale Nursing Home & Rehabilitation Center,https://freida.ama-assn.org/institution/550010,,,,"800 J D Anderson Dr, Morgantown, WV 26505"
46,550433, Thomas Memorial Hospital,https://freida.ama-assn.org/institution/550433,,"['Marshall Univ Joan C Edwards Sch of Med', 'West Virginia Sch of Osteopathic Med']",,"4605 MacCorkle Ave SE, South Charleston, WV 25309"
47,550738, United Hospital Center,https://freida.ama-assn.org/institution/550738,['West Virginia Sch of Osteopathic Med'],['West Virginia Univ Sch of Med'],,"327 Medical Park Dr, Bridgeport, WV 26330"
48,558027, Valley HealthCare,https://freida.ama-assn.org/institution/558027,,,,"301 Scott Ave, Morgantown, WV 26508"
49,550742, Veterans Affairs Medical Center (Huntington),https://freida.ama-assn.org/institution/550742,Marshall Univ Joan C Edwards Sch of Med,,,"1540 Spring Valley Dr, Huntington, WV 25704-9300"
50,550210, Veterans Affairs Medical Center (Martinsburg),https://freida.ama-assn.org/institution/550210,['West Virginia Univ Sch of Med'],['West Virginia Sch of Osteopathic Med'],,"State Rte 9, Martinsburg, WV 25401"
51,550426, West Virginia University Hospitals,https://freida.ama-assn.org/institution/550426,West Virginia Univ Sch of Med,,,"1 Medical Center Dr, Morgantown, WV 26506"
52,559502, West Virginia University School of Medicine,https://freida.ama-assn.org/institution/559502,['West Virginia Univ Sch of Med'],"['Midwestern Univ Arizona Coll of Osteopathic Med', 'Lincoln Memorial Univ DeBusk Coll of Osteopathic Med', 'Kansas City Univ of Med and Biosciences Coll of Osteopathic Med', 'West Virginia Sch of Osteopathic Med']",,"1 Medical Center Dr, Morgantown, WV 26506-8136"
53,559505, West Virginia University School of Public Health,https://freida.ama-assn.org/institution/559505,,West Virginia Sch of Osteopathic Med,,"1 Medical Center Dr, Morgantown, WV 26506"
54,550431, Wheeling Hospital,https://freida.ama-assn.org/institution/550431,West Virginia Sch of Osteopathic Med,,,"1 Medical Park, Wheeling, WV 26003"
55,558032, William R Sharpe Jr Hospital,https://freida.ama-assn.org/institution/558032,,['West Virginia Sch of Osteopathic Med'],['West Virginia Univ Sch of Med'],"936 William Sharp Rd, Weston, WV 26452"
56,559508, Women Care Incorporated (Family Care),https://freida.ama-assn.org/institution/559508,,,,"800 Pennsylvania Ave, Charleston, WV 25302"
57,550029, WVU Health System Home Care-Clarksburg,https://freida.ama-assn.org/institution/550029,,,,"2673 Davisson Run Rd, Clarksburg, WV 26301"
