,AMC_No,AMC_Name,URLS,Affiliation_Major,Affiliation_Limited,Affiliation_Graduate,Medical_Center_Address
0,568076, Access Community Health,https://freida.ama-assn.org/institution/568076,,,Univ of Wisconsin Sch of Med and Public Health,"2202 S Park St, Madison, WI 53713"
1,568064, Advanced Pain Management (Greenfield),https://freida.ama-assn.org/institution/568064,,Med Coll of Wisconsin,,"4131 W Loomis Rd, Greenfield, WI 53221"
2,568057, Agrace Hospice Care,https://freida.ama-assn.org/institution/568057,,Univ of Wisconsin Sch of Med and Public Health,,"5395 E Cheryl Pkwy, Madison, WI 53711"
3,568051, AIDS Resource Center of Wisconsin,https://freida.ama-assn.org/institution/568051,,Med Coll of Wisconsin,,"820 N Plankinton Ave, Milwaukee, WI 53203-0092"
4,568028, All Saints Healthcare System (St Luke's Memorial Hospital),https://freida.ama-assn.org/institution/568028,,,,"3801 Spring St, Racine, WI 53405"
5,568075, Allegiance Internal Medicine,https://freida.ama-assn.org/institution/568075,,Med Coll of Wisconsin,,"2645 N Mayfair Rd, Wauwatosa, WI 53226"
6,568017, American Red Cross Blood Services-Badger Region,https://freida.ama-assn.org/institution/568017,,,,"4860 Overlook Terrace, Madison, WI 53705"
7,569544, Amery Hospital & Clinic,https://freida.ama-assn.org/institution/569544,,Kansas City Univ of Med and Biosciences Coll of Osteopathic Med,,"265 Griffin St E, Amery, WI 54001"
8,568041, Arbor Dermatology (Wausau),https://freida.ama-assn.org/institution/568041,,,,"2600 Stewart Av, Wausau, WI 54401"
9,568046, ARC Center for Women and Children,https://freida.ama-assn.org/institution/568046,,,,"1409 Emil St, Madison, WI 53713"
10,560370, Ascension SE Wisconsin Hospital-St Joseph Campus,https://freida.ama-assn.org/institution/560370,['Med Coll of Wisconsin'],['West Virginia Sch of Osteopathic Med'],,"5000 W Chambers St, Milwaukee, WI 53210"
11,569546, Aspirus Doctors Clinic,https://freida.ama-assn.org/institution/569546,,,,"2031 Peach St, Wisconsin Rapids, WI 54494"
12,569547, Aspirus Medford Clinic,https://freida.ama-assn.org/institution/569547,,Univ of Wisconsin Sch of Med and Public Health,,"143 S Gibson St, Medford, WI 54451"
13,560411, Aspirus Wausau Hospital Inc,https://freida.ama-assn.org/institution/560411,['Univ of Wisconsin Sch of Med and Public Health'],"['Kansas City Univ of Med and Biosciences Coll of Osteopathic Med', 'Med Coll of Wisconsin']",,"333 Pine Ridge Blvd, Wausau, WI 54401-4187"
14,569534, Aurora Advanced Health Care,https://freida.ama-assn.org/institution/569534,,West Virginia Sch of Osteopathic Med,,"3003 W Good Hope Rd, Milwaukee, WI 53209"
15,568020, Aurora Health Care,https://freida.ama-assn.org/institution/568020,,"['Midwestern Univ Arizona Coll of Osteopathic Med', 'Burrell Coll of Osteopathic Med']","['Pacific Northwest Univ of Health Sciences Coll of Osteopathic Med', 'Univ of Wisconsin Sch of Med and Public Health', 'Mayo Clinic Alix Sch of Med']","3000 W Montana Ave, Milwaukee, WI 53215"
16,569541, Aurora Lakeland Medical Center,https://freida.ama-assn.org/institution/569541,,,,"W3985 County Rd NN, Elkhorn, WI 53121"
17,569503, Aurora Medical Center (Grafton),https://freida.ama-assn.org/institution/569503,,Med Coll of Wisconsin,,"975 Port Washington Rd, Grafton, WI 53024"
18,560006, Aurora Medical Center (Kenosha),https://freida.ama-assn.org/institution/560006,,,,"10400 75th St, Kenosha, WI 53142"
19,560400, Aurora Psychiatric Hospital,https://freida.ama-assn.org/institution/560400,,,Med Coll of Wisconsin,"1220 Dewey Ave, Wauwatosa, WI 53213-2504"
20,560303, Aurora Sinai Medical Center,https://freida.ama-assn.org/institution/560303,['Med Coll of Wisconsin'],['Midwestern Univ Arizona Coll of Osteopathic Med'],,"945 N 12th St, Milwaukee, WI 53201-0342"
21,560337, Aurora St Luke's Medical Center,https://freida.ama-assn.org/institution/560337,,Med Coll of Wisconsin,,"2900 W Oklahoma Ave, Milwaukee, WI 53215"
22,569506, Aurora VNA Zilber Family Hospice,https://freida.ama-assn.org/institution/569506,,Med Coll of Wisconsin,,"1155 N Honey Creek Pkwy, Wauwatosa, WI 53213"
23,569517, Aurora Walker's Point Community Clinic,https://freida.ama-assn.org/institution/569517,,Med Coll of Wisconsin,,"130 W Bruce St, Milwaukee, WI 53204"
24,568063, Aurora West Allis Memorial Medical Center,https://freida.ama-assn.org/institution/568063,,,,"8901 W Lincoln Ave, West Allis, WI 53227"
25,569526, Bellin Health Psychiatric Center,https://freida.ama-assn.org/institution/569526,['Med Coll of Wisconsin'],['Univ of Wisconsin Sch of Med and Public Health'],,"301 E St Joseph St, Green Bay, WI 54301"
26,568058, Beloit Memorial Hospital Inc,https://freida.ama-assn.org/institution/568058,,,,"1969 W Hart Rd, Beloit, WI 53511"
27,560737, BloodCenter of Wisconsin,https://freida.ama-assn.org/institution/560737,,Med Coll of Wisconsin,,"638 N 18th St, Milwaukee, WI 53233"
28,568048, Blount Orthopaedic Clinic Ltd,https://freida.ama-assn.org/institution/568048,,Med Coll of Wisconsin,,"625 E St Paul Ave, Milwaukee, WI 53202"
29,568068, Bone & Joint Clinic SC,https://freida.ama-assn.org/institution/568068,,,,"5200 Hummingbird Dr, Wausau, WI 54401"
30,569530, Brewster Village of Outagamie County,https://freida.ama-assn.org/institution/569530,,,Med Coll of Wisconsin,"3300 W Brewster St, Appleton, WI 54914"
31,569528, Bridge Community Health Clinic,https://freida.ama-assn.org/institution/569528,,['Univ of Wisconsin Sch of Med and Public Health'],['Med Coll of Wisconsin'],"1810 N 2nd St, Wausau, WI 54403"
32,569524, Brown County Community Treatment Center,https://freida.ama-assn.org/institution/569524,,,Med Coll of Wisconsin,"3150 Gershwin Dr, Green Bay, WI 54311"
33,569521, Capital Lakes,https://freida.ama-assn.org/institution/569521,,Univ of Wisconsin Sch of Med and Public Health,,"333 W Main St, Madison, WI 53703"
34,568065, Center for AIDS Intervention Research (CAIR),https://freida.ama-assn.org/institution/568065,,,,"2071 N Summit Ave, Milwaukee, WI 53202"
35,568034, Central Wisconsin Center (Madison),https://freida.ama-assn.org/institution/568034,,Univ of Wisconsin Sch of Med and Public Health,,"317 Knutson Dr, Madison, WI 53704"
36,560237, Children's Wisconsin,https://freida.ama-assn.org/institution/560237,['Med Coll of Wisconsin'],,['Univ of Wisconsin Sch of Med and Public Health'],"9000 W Wisconsin Ave, Milwaukee, WI 53201"
37,560033, Children's Wisconsin-Surgicenter of Greater Milwaukee,https://freida.ama-assn.org/institution/560033,,,,"3223 S 103rd St, Milwaukee, WI 53227"
38,560008, City of Madison Fire Department,https://freida.ama-assn.org/institution/560008,,,,"314 W Dayton St, Madison, WI 53703"
39,560354, Clement J Zablocki Veterans Affairs Medical Center,https://freida.ama-assn.org/institution/560354,Med Coll of Wisconsin,,,"5000 W National Ave, Milwaukee, WI 53295-1000"
40,560433, Columbia Hospital,https://freida.ama-assn.org/institution/560433,,,,"2025 E Newport Ave, Milwaukee, WI 53211"
41,560167, Columbia St Mary's Hospitals,https://freida.ama-assn.org/institution/560167,['Med Coll of Wisconsin'],"['Midwestern Univ Arizona Coll of Osteopathic Med', 'Univ of Missouri-Columbia Sch of Med', 'Kansas City Univ of Med and Biosciences Coll of Osteopathic Med']",,"2025 E Newport Ave, Milwaukee, WI 53211"
42,568029, Community Memorial Hospital,https://freida.ama-assn.org/institution/568029,,"['Med Coll of Wisconsin', 'Kansas City Univ of Med and Biosciences Coll of Osteopathic Med']",,"W180 N8085 Town Hall Rd, Menomonee Falls, WI 53052-0408"
43,568060, Concentra Medical Centers (Wisconsin),https://freida.ama-assn.org/institution/568060,,,,"2455 N 124th St, Brookfield, WI 53005"
44,560012, Dane County Sheriff's Office,https://freida.ama-assn.org/institution/560012,,,,"115 W Doty St, Madison, WI 53703"
45,568073, Dermpath Diagnostics Troy and Associates,https://freida.ama-assn.org/institution/568073,,Med Coll of Wisconsin,,"12805 W Burleigh Rd, Brookfield, WI 53005"
46,560009, Fitch Rona EMS,https://freida.ama-assn.org/institution/560009,,,,"101 Lincoln St, Verona, WI 53593"
47,569529, Forefront Dermatology,https://freida.ama-assn.org/institution/569529,,Univ of Wisconsin Sch of Med and Public Health,,"510 N 17th Ave, Wausau, WI 54401"
48,569532, Forest County Potawatomi Health & Wellness Center,https://freida.ama-assn.org/institution/569532,,,Med Coll of Wisconsin,"8201 Mish Ko Swen Dr, Crandon, WI 54520"
49,568070, Fort HealthCare,https://freida.ama-assn.org/institution/568070,,,,"611 Sherman Ave E, Fort Atkinson, WI 53538"
50,560739, Froedtert Hospital,https://freida.ama-assn.org/institution/560739,['Med Coll of Wisconsin'],"['Kansas City Univ of Med and Biosciences Coll of Osteopathic Med', 'West Virginia Sch of Osteopathic Med']",,"9200 W Wisconsin Ave, Milwaukee, WI 53226"
51,560041, Grancare Nursing Center,https://freida.ama-assn.org/institution/560041,,,,"1555 Dousman St, Green Bay, WI 54303"
52,569522, Green Bay Veterans Affairs Medical Clinic,https://freida.ama-assn.org/institution/569522,,Med Coll of Wisconsin,,"2851 University Ave, Green Bay, WI 54311"
53,568031, Gundersen Clinic Ltd,https://freida.ama-assn.org/institution/568031,,,Med Coll of Wisconsin,"1900 South Ave, La Crosse, WI 54601"
54,560355, Gundersen Lutheran Medical Center,https://freida.ama-assn.org/institution/560355,['Univ of Wisconsin Sch of Med and Public Health'],['West Virginia Sch of Osteopathic Med'],['Mayo Clinic Alix Sch of Med'],"1910 South Ave, La Crosse, WI 54601-9980"
55,568030, Gundersen Lutheran Medical Foundation,https://freida.ama-assn.org/institution/568030,,"['Midwestern Univ Arizona Coll of Osteopathic Med', 'Kansas City Univ of Med and Biosciences Coll of Osteopathic Med']",['Pacific Northwest Univ of Health Sciences Coll of Osteopathic Med'],"1836 South Ave, La Crosse, WI 54601-5494"
56,568019, HCA Parkway Hospital,https://freida.ama-assn.org/institution/568019,,,,"6001 Research Park Blvd, Madison, WI 53719"
57,569507, Horizon Home Care and Hospice,https://freida.ama-assn.org/institution/569507,,Med Coll of Wisconsin,,"8949 N Deerbrook Trail, Milwaukee, WI 53223"
58,560017, HSHS St Joseph's Hospital,https://freida.ama-assn.org/institution/560017,,,,"2661 Co Hwy 1, Chippewa Falls, WI 54729"
59,569515, Hudson Hospital and Clinics,https://freida.ama-assn.org/institution/569515,,,,"405 Stageline Rd, Hudson, WI 54016"
60,569502, Human and Molecular Genetics Center (HMGC) MCW,https://freida.ama-assn.org/institution/569502,,Med Coll of Wisconsin,,"8701 W Watertown Plank Rd, Milwaukee, WI 53226"
61,568026, Langlade Memorial Hospital,https://freida.ama-assn.org/institution/568026,,,,"112 E Fifth Ave, Antigo, WI 54409-2796"
62,560264, Marshfield Clinic,https://freida.ama-assn.org/institution/560264,['Univ of Wisconsin Sch of Med and Public Health'],"['Kansas City Univ of Med and Biosciences Coll of Osteopathic Med', 'West Virginia Sch of Osteopathic Med']",['Med Coll of Wisconsin'],"1000 N Oak Ave, Marshfield, WI 54449-5777"
63,569539, Mayo Clinic Health System-Clairemont Campus Clinic,https://freida.ama-assn.org/institution/569539,,,Mayo Clinic Alix Sch of Med,"733 W Clairemont Ave, Eau Claire, WI 54701"
64,560399, Mayo Clinic Health System-Eau Claire Hospital Inc,https://freida.ama-assn.org/institution/560399,"['Mayo Clinic Alix Sch of Med', 'Univ of Wisconsin Sch of Med and Public Health']",['Lincoln Memorial Univ DeBusk Coll of Osteopathic Med'],,"1221 Whipple St, Eau Claire, WI 54702-4105"
65,560718, Mayo Clinic Health System-Franciscan Healthcare,https://freida.ama-assn.org/institution/560718,Mayo Clinic Alix Sch of Med,,,"700 West Ave S, La Crosse, WI 54601-4783"
66,560441, Medical College of Wisconsin Affiliated Hospitals Inc,https://freida.ama-assn.org/institution/560441,['Med Coll of Wisconsin'],,['Pacific Northwest Univ of Health Sciences Coll of Osteopathic Med'],"8701 W Watertown Plank Rd, Milwaukee, WI 53226"
67,560147, Medical College of Wisconsin Clinics,https://freida.ama-assn.org/institution/560147,,,,"8700 W Watertown Plank Rd, Milwaukee, WI 53226"
68,560451, Medical College of Wisconsin-Milwaukee,https://freida.ama-assn.org/institution/560451,['Med Coll of Wisconsin'],"['Midwestern Univ Arizona Coll of Osteopathic Med', 'Univ of Washington Sch of Med', 'Lincoln Memorial Univ DeBusk Coll of Osteopathic Med']",['Mayo Clinic Alix Sch of Med'],"8701 W Watertown Plank Rd, Milwaukee, WI 53226"
69,560437, Mendota Mental Health Institute,https://freida.ama-assn.org/institution/560437,,,Med Coll of Wisconsin,"301 Troy Dr, Madison, WI 53704-1599"
70,560333, Mercy Health System,https://freida.ama-assn.org/institution/560333,,"['Kansas City Univ of Med and Biosciences Coll of Osteopathic Med', 'West Virginia Sch of Osteopathic Med']",,"1000 Mineral Point Ave, Janesville, WI 53547-5003"
71,567028, Mercy Medical Center of Oshkosh,https://freida.ama-assn.org/institution/567028,,,,"631 Hazel St, Oshkosh, WI 54902-1100"
72,560010, Middleton EMS,https://freida.ama-assn.org/institution/560010,,,,"2020 Parmenter Dt, Middleton, WI 53562"
73,568024, Mile Bluff Medical Center (Mauston),https://freida.ama-assn.org/institution/568024,,,,"1050 Division St, Mauston, WI 53948"
74,560146, Milwaukee County Behavioral Health Division,https://freida.ama-assn.org/institution/560146,Med Coll of Wisconsin,,,"9455 Watertown Plank Rd, Milwaukee, WI 53226-3559"
75,569519, Milwaukee County Emergency Medical Services,https://freida.ama-assn.org/institution/569519,,Med Coll of Wisconsin,,"9501 W Watertown Plank Rd, Milwaukee, WI 53226"
76,568016, Milwaukee County Medical Examiner's Office,https://freida.ama-assn.org/institution/568016,,['Med Coll of Wisconsin'],['Mayo Clinic Alix Sch of Med'],"933 W Highland Ave, Milwaukee, WI 53233-1445"
77,568067, Milwaukee Health Service Systems-1 (Methadone Clinic),https://freida.ama-assn.org/institution/568067,,Med Coll of Wisconsin,,"4800 S 10th St, Milwaukee, WI 53221"
78,569531, Ministry St Mary's Hospital,https://freida.ama-assn.org/institution/569531,['Med Coll of Wisconsin'],['West Virginia Sch of Osteopathic Med'],,"2251 N Shore Dr, Rhinelander, WI 54501"
79,569536, Ministry St Michael's Hospital,https://freida.ama-assn.org/institution/569536,['Med Coll of Wisconsin'],['West Virginia Sch of Osteopathic Med'],,"900 Illinois Ave, Stevens Point, WI 54481"
80,569535, Mosaic Family Health,https://freida.ama-assn.org/institution/569535,,,Med Coll of Wisconsin,"229 S Morrison St, Appleton, WI 54911"
81,568022, Myrtle Werth Medical Center,https://freida.ama-assn.org/institution/568022,,,,"2321 Stout Rd, Menomonie, WI 54751"
82,569527, North Central Health Care,https://freida.ama-assn.org/institution/569527,,"['Univ of Wisconsin Sch of Med and Public Health', 'Med Coll of Wisconsin']",,"1100 Lake View Dr, Wausau, WI 54403"
83,568056, Oakwood Village West Continuing Care Retirement Communities,https://freida.ama-assn.org/institution/568056,,,,"6165 Mineral Point Rd, Madison, WI 53705"
84,568053, Orthopaedic Associates of Wisconsin,https://freida.ama-assn.org/institution/568053,,Med Coll of Wisconsin,,"1111 Delafield St, Delafield, WI 53188"
85,569537, Portage County Health & Human Services,https://freida.ama-assn.org/institution/569537,,,Med Coll of Wisconsin,"817 Whiting St, Stevens Point, WI 54481"
86,568033, Prairie du Chien Memorial Hospital,https://freida.ama-assn.org/institution/568033,,,,"705 E Taylor St, Prairie du Chien, WI 53821-2196"
87,560040, Prevea Green Bay Health Center,https://freida.ama-assn.org/institution/560040,,,,"PO Box 19070, Green Bay, WI 54307"
88,560722, ProHealth Waukesha Memorial Hospital,https://freida.ama-assn.org/institution/560722,['Med Coll of Wisconsin'],['Kansas City Univ of Med and Biosciences Coll of Osteopathic Med'],['Mayo Clinic Alix Sch of Med'],"725 American Ave, Waukesha, WI 53188-5099"
89,560002, Psychological Addiction Services LLC,https://freida.ama-assn.org/institution/560002,,,,"3113 W Washington Ave, Madison, WI 53704"
90,569514, Public Health-Madison and Dane County,https://freida.ama-assn.org/institution/569514,,,,"210 Martin Luther King Jr Blvd, Madison, WI 53703"
91,568042, Rogers Memorial Hospital,https://freida.ama-assn.org/institution/568042,,Med Coll of Wisconsin,,"11101 W Lincoln Ave, West Allis, WI 53227"
92,568066, Rogers Memorial Hospital-Milwaukee Campus,https://freida.ama-assn.org/institution/568066,,,,"11101 W Lincoln Ave, West Allis, WI 53227"
93,568054, Ruth Hospice,https://freida.ama-assn.org/institution/568054,,,,"8526 W Mill Rd, Milwaukee, WI 53225"
94,560716, Sacred Heart Hospital (Eau Claire),https://freida.ama-assn.org/institution/560716,['Univ of Wisconsin Sch of Med and Public Health'],['Kansas City Univ of Med and Biosciences Coll of Osteopathic Med'],['Mayo Clinic Alix Sch of Med'],"900 W Clairemont Ave, Eau Claire, WI 54701"
95,569518, Sixteenth Street Community Health Center,https://freida.ama-assn.org/institution/569518,,Med Coll of Wisconsin,,"2906 S 20th St, Milwaukee, WI 53215"
96,560450, SSM Health St Mary's Hospital-Madison,https://freida.ama-assn.org/institution/560450,['Univ of Wisconsin Sch of Med and Public Health'],['Midwestern Univ Chicago Coll of Osteopathic Med'],,"707 S Mills St, Madison, WI 53715-0450"
97,560732, St Catherine's Hospital,https://freida.ama-assn.org/institution/560732,,,,"3556 Seventh Ave, Kenosha, WI 53140"
98,568021, St Clare Hospital,https://freida.ama-assn.org/institution/568021,Univ of Wisconsin Sch of Med and Public Health,,,"707 14th St, Baraboo, WI 53913-1597"
99,567001, St Elizabeth Hospital,https://freida.ama-assn.org/institution/567001,Med Coll of Wisconsin,,,"1506 S Oneida St, Appleton, WI 54915"
100,569505, St Joseph's Hospital (West Bend),https://freida.ama-assn.org/institution/569505,,"['Med Coll of Wisconsin', 'Kansas City Univ of Med and Biosciences Coll of Osteopathic Med']",,"3200 Pleasant Valley Rd, West Bend, WI 53095"
101,560038, St Mary's Hospital Medical Center,https://freida.ama-assn.org/institution/560038,,,,"1726 Shawano Ave, Green Bay, WI 54303"
102,560180, St Michael Hospital,https://freida.ama-assn.org/institution/560180,,,,"2400 W Villard Ave, Milwaukee, WI 53209"
103,560724, ThedaCare Regional Medical Center-Appleton,https://freida.ama-assn.org/institution/560724,Med Coll of Wisconsin,,,"1818 N Meade St, Appleton, WI 54911"
104,569516, ThedaCare Regional Medical Center-Neenah,https://freida.ama-assn.org/institution/569516,,Med Coll of Wisconsin,,"130 2nd St, Neenah, WI 54956"
105,569533, Tomah Veterans Affairs Medical Center,https://freida.ama-assn.org/institution/569533,,,Med Coll of Wisconsin,"500 E Veterans St, Tomah, WI 54660"
106,569538, Town Hall Health Center,https://freida.ama-assn.org/institution/569538,Med Coll of Wisconsin,,,"W180 N8000 Town Hall Rd, Menomonee Falls, WI 53051"
107,568018, UnityPoint Health-Meriter,https://freida.ama-assn.org/institution/568018,Univ of Wisconsin Sch of Med and Public Health,,,"202 S Park St, Madison, WI 53715-1599"
108,568061, University Health Service,https://freida.ama-assn.org/institution/568061,,,,"333 E Campus Mall, Madison, WI 53714"
109,569513, University of Wisconsin Department of Family Medicine,https://freida.ama-assn.org/institution/569513,,,,"1100 Delaplaine Ct, Madison, WI 53715"
110,560176, University of Wisconsin Hospitals and Clinics,https://freida.ama-assn.org/institution/560176,['Univ of Wisconsin Sch of Med and Public Health'],['West Virginia Sch of Osteopathic Med'],,"600 Highland Ave, Madison, WI 53792"
111,568050, University of Wisconsin Medical Foundation Inc,https://freida.ama-assn.org/institution/568050,,,,"555 Zor Shrine Pl, Madison, WI 53719"
112,569520, University of Wisconsin School of Medicine & Public Health Graduate Program,https://freida.ama-assn.org/institution/569520,,Lincoln Memorial Univ DeBusk Coll of Osteopathic Med,,"750 Highland Ave, Madison, WI 53705"
113,569501, University of Wisconsin School of Medicine and Public Health,https://freida.ama-assn.org/institution/569501,['Univ of Wisconsin Sch of Med and Public Health'],"['Midwestern Univ Arizona Coll of Osteopathic Med', 'Des Moines Univ Coll of Osteopathic Med', 'Univ of California Davis Sch of Med', 'George Washington Univ Sch of Med and Health Sci', 'Kansas City Univ of Med and Biosciences Coll of Osteopathic Med', 'California Northstate Univ Coll of Med', 'Mayo Clinic Alix Sch of Med']",['Pacific Northwest Univ of Health Sciences Coll of Osteopathic Med'],"777 S Mills St, Madison, WI 53715-1896"
114,568044, University of Wisconsin Student Health Clinic,https://freida.ama-assn.org/institution/568044,,,,"1552 University Ave, Madison, WI 53726"
115,569508, UW Health-American Family Children's Hospital,https://freida.ama-assn.org/institution/569508,,,Univ of Wisconsin Sch of Med and Public Health,"1675 Highland Ave, Madison, WI 53792"
116,569504, UWM Norris Health Center,https://freida.ama-assn.org/institution/569504,,Med Coll of Wisconsin,,"3352 N Downer Ave, Milwaukee, WI 53211"
117,568049, Village at Manor Park Continuing Care Retirement Community,https://freida.ama-assn.org/institution/568049,,Med Coll of Wisconsin,,"3023 S 84th St, West Allis, WI 53227"
118,568055, Vitas Innovative Hospice Care (Milwaukee),https://freida.ama-assn.org/institution/568055,,,,"2775 N Mayfair Rd, Milwaukee, WI 53222"
119,568059, Waukesha County Medical Examiners Office,https://freida.ama-assn.org/institution/568059,,Med Coll of Wisconsin,,"515 W Moreland Blvd, Waukesha, WI 53188"
120,569550, West Grove Clinic SC,https://freida.ama-assn.org/institution/569550,,,,"10012 W Capitol Dr, Milwaukee, WI 43222"
121,569545, Westfields Hospital & Clinic,https://freida.ama-assn.org/institution/569545,,,,"535 Hospital Rd, New Richmond, WI 54017"
122,568027, Wheaton Franciscan Healthcare-All Saints Family Care Center,https://freida.ama-assn.org/institution/568027,,['West Virginia Sch of Osteopathic Med'],['Med Coll of Wisconsin'],"2400 W Villard St, Milwaukee, WI 53209"
123,568074, Wheaton Franciscan Medical Group,https://freida.ama-assn.org/institution/568074,,Med Coll of Wisconsin,,"13950 N Capitol Dr, Brookfield, WI 53005"
124,560218, William S Middleton Memorial Veterans Hospital,https://freida.ama-assn.org/institution/560218,Univ of Wisconsin Sch of Med and Public Health,,,"2500 Overlook Terrace, Madison, WI 53705"
125,560030, WiNC (Wisconsin Northern & Central) GME Consortium,https://freida.ama-assn.org/institution/560030,,,,"880 Independence Ln, Sauk City, WI 53583"
126,569523, Winnebago Mental Health Institute,https://freida.ama-assn.org/institution/569523,,,,"1300 South Dr, Winnebago, WI 54985"
127,560445, Winnebago Mental Health Institute,https://freida.ama-assn.org/institution/560445,,,,"4100 Treffert Dr, Oshkosh, WI 54901"
128,568062, Wisconsin Department of Corrections,https://freida.ama-assn.org/institution/568062,,Med Coll of Wisconsin,,"1015 N 10th St, Milwaukee, WI 53205"
129,569512, Wisconsin Department of Health Services,https://freida.ama-assn.org/institution/569512,,,,"1 W Wilson St, Madison, WI 53703"
130,569511, Wisconsin Forensic Unit,https://freida.ama-assn.org/institution/569511,,Med Coll of Wisconsin,,"740 N Plankinton Ave, Milwaukee, WI 53203"
131,569525, Wisconsin Resource Center,https://freida.ama-assn.org/institution/569525,,,Med Coll of Wisconsin,"1505 North Dr, Winnebago, WI 54985"
132,568069, Wisconsin Sleep,https://freida.ama-assn.org/institution/568069,,,,"6001 Research Park Blvd, Madison, WI 53719"
133,569540, Wood County Human Services,https://freida.ama-assn.org/institution/569540,,,Med Coll of Wisconsin,"400 Market St, Wisconsin Rapids, WI 54494"
