,AMC_No,AMC_Name,URLS,Affiliation_Major,Affiliation_Limited,Affiliation_Graduate,Medical_Center_Address
0,570106, Cheyenne Regional Medical Center,https://freida.ama-assn.org/institution/570106,Univ of Washington Sch of Med,,,"300 E 23rd St, Cheyenne, WY 82001-3790"
1,578001, Cheyenne Veterans Affairs Medical Center,https://freida.ama-assn.org/institution/578001,,,,"2360 E Pershing Blvd, Cheyenne, WY 82001-5392"
2,570002, Hot Springs County Memorial Hospital,https://freida.ama-assn.org/institution/570002,,,,"150 E Arapahoe St, Thermopolis, WY 82443"
3,570003, Ivinson Memorial Hospital,https://freida.ama-assn.org/institution/570003,,,,"255 N 30th St, Laramie, WY 82072"
4,579501, University of Wyoming College of Health Sciences,https://freida.ama-assn.org/institution/579501,Rocky Vista Univ Coll of Osteopathic Med-Colorado,,,"1000 E University Ave, Laramie, WY 82071"
5,570100, Wyoming Medical Center,https://freida.ama-assn.org/institution/570100,,"['Idaho Coll of Osteopathic Med', 'Lincoln Memorial Univ DeBusk Coll of Osteopathic Med', 'Kansas City Univ of Med and Biosciences Coll of Osteopathic Med']",,"1233 E 2nd St, Casper, WY 82601"
